date_sk,full_date,day_since_2026,month_since_2026,day_of_week,calendar_month,calendar_year,calendar_year_month,day_of_month,day_of_year,week_of_year_sunday,year_week_sunday,week_sunday_start,week_of_year_monday,year_week_monday,week_monday_start,holiday,day_type
1,2026-01-01,1,1,Thursday,January,2026,2026-Jan,1,1,1,2026-W01,2025-12-28,1,2026-W01,2025-12-29,Non-Holiday,Weekday
2,2026-01-02,2,1,Friday,January,2026,2026-Jan,2,2,1,2026-W01,2025-12-28,1,2026-W01,2025-12-29,Non-Holiday,Weekday
3,2026-01-03,3,1,Saturday,January,2026,2026-Jan,3,3,1,2026-W01,2025-12-28,1,2026-W01,2025-12-29,Non-Holiday,Weekend
4,2026-01-04,4,1,Sunday,January,2026,2026-Jan,4,4,2,2026-W02,2025-12-28,1,2026-W01,2025-12-29,Non-Holiday,Weekend
5,2026-01-05,5,1,Monday,January,2026,2026-Jan,5,5,2,2026-W02,2026-01-04,2,2026-W02,2026-01-05,Non-Holiday,Weekday
6,2026-01-06,6,1,Tuesday,January,2026,2026-Jan,6,6,2,2026-W02,2026-01-04,2,2026-W02,2026-01-05,Non-Holiday,Weekday
7,2026-01-07,7,1,Wednesday,January,2026,2026-Jan,7,7,2,2026-W02,2026-01-04,2,2026-W02,2026-01-05,Non-Holiday,Weekday
8,2026-01-08,8,1,Thursday,January,2026,2026-Jan,8,8,2,2026-W02,2026-01-04,2,2026-W02,2026-01-05,Non-Holiday,Weekday
9,2026-01-09,9,1,Friday,January,2026,2026-Jan,9,9,2,2026-W02,2026-01-04,2,2026-W02,2026-01-05,Non-Holiday,Weekday
10,2026-01-10,10,1,Saturday,January,2026,2026-Jan,10,10,2,2026-W02,2026-01-04,2,2026-W02,2026-01-05,Non-Holiday,Weekend
11,2026-01-11,11,1,Sunday,January,2026,2026-Jan,11,11,3,2026-W03,2026-01-04,2,2026-W02,2026-01-05,Non-Holiday,Weekend
12,2026-01-12,12,1,Monday,January,2026,2026-Jan,12,12,3,2026-W03,2026-01-11,3,2026-W03,2026-01-12,Non-Holiday,Weekday
13,2026-01-13,13,1,Tuesday,January,2026,2026-Jan,13,13,3,2026-W03,2026-01-11,3,2026-W03,2026-01-12,Non-Holiday,Weekday
14,2026-01-14,14,1,Wednesday,January,2026,2026-Jan,14,14,3,2026-W03,2026-01-11,3,2026-W03,2026-01-12,Non-Holiday,Weekday
15,2026-01-15,15,1,Thursday,January,2026,2026-Jan,15,15,3,2026-W03,2026-01-11,3,2026-W03,2026-01-12,Non-Holiday,Weekday
16,2026-01-16,16,1,Friday,January,2026,2026-Jan,16,16,3,2026-W03,2026-01-11,3,2026-W03,2026-01-12,Non-Holiday,Weekday
17,2026-01-17,17,1,Saturday,January,2026,2026-Jan,17,17,3,2026-W03,2026-01-11,3,2026-W03,2026-01-12,Non-Holiday,Weekend
18,2026-01-18,18,1,Sunday,January,2026,2026-Jan,18,18,4,2026-W04,2026-01-11,3,2026-W03,2026-01-12,Non-Holiday,Weekend
19,2026-01-19,19,1,Monday,January,2026,2026-Jan,19,19,4,2026-W04,2026-01-18,4,2026-W04,2026-01-19,Non-Holiday,Weekday
20,2026-01-20,20,1,Tuesday,January,2026,2026-Jan,20,20,4,2026-W04,2026-01-18,4,2026-W04,2026-01-19,Non-Holiday,Weekday
21,2026-01-21,21,1,Wednesday,January,2026,2026-Jan,21,21,4,2026-W04,2026-01-18,4,2026-W04,2026-01-19,Non-Holiday,Weekday
22,2026-01-22,22,1,Thursday,January,2026,2026-Jan,22,22,4,2026-W04,2026-01-18,4,2026-W04,2026-01-19,Non-Holiday,Weekday
23,2026-01-23,23,1,Friday,January,2026,2026-Jan,23,23,4,2026-W04,2026-01-18,4,2026-W04,2026-01-19,Non-Holiday,Weekday
24,2026-01-24,24,1,Saturday,January,2026,2026-Jan,24,24,4,2026-W04,2026-01-18,4,2026-W04,2026-01-19,Non-Holiday,Weekend
25,2026-01-25,25,1,Sunday,January,2026,2026-Jan,25,25,5,2026-W05,2026-01-18,4,2026-W04,2026-01-19,Non-Holiday,Weekend
26,2026-01-26,26,1,Monday,January,2026,2026-Jan,26,26,5,2026-W05,2026-01-25,5,2026-W05,2026-01-26,Non-Holiday,Weekday
27,2026-01-27,27,1,Tuesday,January,2026,2026-Jan,27,27,5,2026-W05,2026-01-25,5,2026-W05,2026-01-26,Non-Holiday,Weekday
28,2026-01-28,28,1,Wednesday,January,2026,2026-Jan,28,28,5,2026-W05,2026-01-25,5,2026-W05,2026-01-26,Non-Holiday,Weekday
29,2026-01-29,29,1,Thursday,January,2026,2026-Jan,29,29,5,2026-W05,2026-01-25,5,2026-W05,2026-01-26,Non-Holiday,Weekday
30,2026-01-30,30,1,Friday,January,2026,2026-Jan,30,30,5,2026-W05,2026-01-25,5,2026-W05,2026-01-26,Non-Holiday,Weekday
31,2026-01-31,31,1,Saturday,January,2026,2026-Jan,31,31,5,2026-W05,2026-01-25,5,2026-W05,2026-01-26,Non-Holiday,Weekend
32,2026-02-01,32,2,Sunday,February,2026,2026-Feb,1,32,6,2026-W06,2026-01-25,5,2026-W05,2026-01-26,Non-Holiday,Weekend
33,2026-02-02,33,2,Monday,February,2026,2026-Feb,2,33,6,2026-W06,2026-02-01,6,2026-W06,2026-02-02,Non-Holiday,Weekday
34,2026-02-03,34,2,Tuesday,February,2026,2026-Feb,3,34,6,2026-W06,2026-02-01,6,2026-W06,2026-02-02,Non-Holiday,Weekday
35,2026-02-04,35,2,Wednesday,February,2026,2026-Feb,4,35,6,2026-W06,2026-02-01,6,2026-W06,2026-02-02,Non-Holiday,Weekday
36,2026-02-05,36,2,Thursday,February,2026,2026-Feb,5,36,6,2026-W06,2026-02-01,6,2026-W06,2026-02-02,Non-Holiday,Weekday
37,2026-02-06,37,2,Friday,February,2026,2026-Feb,6,37,6,2026-W06,2026-02-01,6,2026-W06,2026-02-02,Non-Holiday,Weekday
38,2026-02-07,38,2,Saturday,February,2026,2026-Feb,7,38,6,2026-W06,2026-02-01,6,2026-W06,2026-02-02,Non-Holiday,Weekend
39,2026-02-08,39,2,Sunday,February,2026,2026-Feb,8,39,7,2026-W07,2026-02-01,6,2026-W06,2026-02-02,Non-Holiday,Weekend
40,2026-02-09,40,2,Monday,February,2026,2026-Feb,9,40,7,2026-W07,2026-02-08,7,2026-W07,2026-02-09,Non-Holiday,Weekday
41,2026-02-10,41,2,Tuesday,February,2026,2026-Feb,10,41,7,2026-W07,2026-02-08,7,2026-W07,2026-02-09,Non-Holiday,Weekday
42,2026-02-11,42,2,Wednesday,February,2026,2026-Feb,11,42,7,2026-W07,2026-02-08,7,2026-W07,2026-02-09,Non-Holiday,Weekday
43,2026-02-12,43,2,Thursday,February,2026,2026-Feb,12,43,7,2026-W07,2026-02-08,7,2026-W07,2026-02-09,Non-Holiday,Weekday
44,2026-02-13,44,2,Friday,February,2026,2026-Feb,13,44,7,2026-W07,2026-02-08,7,2026-W07,2026-02-09,Non-Holiday,Weekday
45,2026-02-14,45,2,Saturday,February,2026,2026-Feb,14,45,7,2026-W07,2026-02-08,7,2026-W07,2026-02-09,Non-Holiday,Weekend
46,2026-02-15,46,2,Sunday,February,2026,2026-Feb,15,46,8,2026-W08,2026-02-08,7,2026-W07,2026-02-09,Non-Holiday,Weekend
47,2026-02-16,47,2,Monday,February,2026,2026-Feb,16,47,8,2026-W08,2026-02-15,8,2026-W08,2026-02-16,Non-Holiday,Weekday
48,2026-02-17,48,2,Tuesday,February,2026,2026-Feb,17,48,8,2026-W08,2026-02-15,8,2026-W08,2026-02-16,Non-Holiday,Weekday
49,2026-02-18,49,2,Wednesday,February,2026,2026-Feb,18,49,8,2026-W08,2026-02-15,8,2026-W08,2026-02-16,Non-Holiday,Weekday
50,2026-02-19,50,2,Thursday,February,2026,2026-Feb,19,50,8,2026-W08,2026-02-15,8,2026-W08,2026-02-16,Non-Holiday,Weekday
51,2026-02-20,51,2,Friday,February,2026,2026-Feb,20,51,8,2026-W08,2026-02-15,8,2026-W08,2026-02-16,Non-Holiday,Weekday
52,2026-02-21,52,2,Saturday,February,2026,2026-Feb,21,52,8,2026-W08,2026-02-15,8,2026-W08,2026-02-16,Non-Holiday,Weekend
53,2026-02-22,53,2,Sunday,February,2026,2026-Feb,22,53,9,2026-W09,2026-02-15,8,2026-W08,2026-02-16,Non-Holiday,Weekend
54,2026-02-23,54,2,Monday,February,2026,2026-Feb,23,54,9,2026-W09,2026-02-22,9,2026-W09,2026-02-23,Non-Holiday,Weekday
55,2026-02-24,55,2,Tuesday,February,2026,2026-Feb,24,55,9,2026-W09,2026-02-22,9,2026-W09,2026-02-23,Non-Holiday,Weekday
56,2026-02-25,56,2,Wednesday,February,2026,2026-Feb,25,56,9,2026-W09,2026-02-22,9,2026-W09,2026-02-23,Non-Holiday,Weekday
57,2026-02-26,57,2,Thursday,February,2026,2026-Feb,26,57,9,2026-W09,2026-02-22,9,2026-W09,2026-02-23,Non-Holiday,Weekday
58,2026-02-27,58,2,Friday,February,2026,2026-Feb,27,58,9,2026-W09,2026-02-22,9,2026-W09,2026-02-23,Non-Holiday,Weekday
59,2026-02-28,59,2,Saturday,February,2026,2026-Feb,28,59,9,2026-W09,2026-02-22,9,2026-W09,2026-02-23,Non-Holiday,Weekend
60,2026-03-01,60,3,Sunday,March,2026,2026-Mar,1,60,10,2026-W10,2026-02-22,9,2026-W09,2026-02-23,Non-Holiday,Weekend
61,2026-03-02,61,3,Monday,March,2026,2026-Mar,2,61,10,2026-W10,2026-03-01,10,2026-W10,2026-03-02,Non-Holiday,Weekday
62,2026-03-03,62,3,Tuesday,March,2026,2026-Mar,3,62,10,2026-W10,2026-03-01,10,2026-W10,2026-03-02,Non-Holiday,Weekday
63,2026-03-04,63,3,Wednesday,March,2026,2026-Mar,4,63,10,2026-W10,2026-03-01,10,2026-W10,2026-03-02,Non-Holiday,Weekday
64,2026-03-05,64,3,Thursday,March,2026,2026-Mar,5,64,10,2026-W10,2026-03-01,10,2026-W10,2026-03-02,Non-Holiday,Weekday
65,2026-03-06,65,3,Friday,March,2026,2026-Mar,6,65,10,2026-W10,2026-03-01,10,2026-W10,2026-03-02,Non-Holiday,Weekday
66,2026-03-07,66,3,Saturday,March,2026,2026-Mar,7,66,10,2026-W10,2026-03-01,10,2026-W10,2026-03-02,Non-Holiday,Weekend
67,2026-03-08,67,3,Sunday,March,2026,2026-Mar,8,67,11,2026-W11,2026-03-01,10,2026-W10,2026-03-02,Non-Holiday,Weekend
68,2026-03-09,68,3,Monday,March,2026,2026-Mar,9,68,11,2026-W11,2026-03-08,11,2026-W11,2026-03-09,Non-Holiday,Weekday
69,2026-03-10,69,3,Tuesday,March,2026,2026-Mar,10,69,11,2026-W11,2026-03-08,11,2026-W11,2026-03-09,Non-Holiday,Weekday
70,2026-03-11,70,3,Wednesday,March,2026,2026-Mar,11,70,11,2026-W11,2026-03-08,11,2026-W11,2026-03-09,Non-Holiday,Weekday
71,2026-03-12,71,3,Thursday,March,2026,2026-Mar,12,71,11,2026-W11,2026-03-08,11,2026-W11,2026-03-09,Non-Holiday,Weekday
72,2026-03-13,72,3,Friday,March,2026,2026-Mar,13,72,11,2026-W11,2026-03-08,11,2026-W11,2026-03-09,Non-Holiday,Weekday
73,2026-03-14,73,3,Saturday,March,2026,2026-Mar,14,73,11,2026-W11,2026-03-08,11,2026-W11,2026-03-09,Non-Holiday,Weekend
74,2026-03-15,74,3,Sunday,March,2026,2026-Mar,15,74,12,2026-W12,2026-03-08,11,2026-W11,2026-03-09,Non-Holiday,Weekend
75,2026-03-16,75,3,Monday,March,2026,2026-Mar,16,75,12,2026-W12,2026-03-15,12,2026-W12,2026-03-16,Non-Holiday,Weekday
76,2026-03-17,76,3,Tuesday,March,2026,2026-Mar,17,76,12,2026-W12,2026-03-15,12,2026-W12,2026-03-16,Non-Holiday,Weekday
77,2026-03-18,77,3,Wednesday,March,2026,2026-Mar,18,77,12,2026-W12,2026-03-15,12,2026-W12,2026-03-16,Non-Holiday,Weekday
78,2026-03-19,78,3,Thursday,March,2026,2026-Mar,19,78,12,2026-W12,2026-03-15,12,2026-W12,2026-03-16,Non-Holiday,Weekday
79,2026-03-20,79,3,Friday,March,2026,2026-Mar,20,79,12,2026-W12,2026-03-15,12,2026-W12,2026-03-16,Non-Holiday,Weekday
80,2026-03-21,80,3,Saturday,March,2026,2026-Mar,21,80,12,2026-W12,2026-03-15,12,2026-W12,2026-03-16,Non-Holiday,Weekend
81,2026-03-22,81,3,Sunday,March,2026,2026-Mar,22,81,13,2026-W13,2026-03-15,12,2026-W12,2026-03-16,Non-Holiday,Weekend
82,2026-03-23,82,3,Monday,March,2026,2026-Mar,23,82,13,2026-W13,2026-03-22,13,2026-W13,2026-03-23,Non-Holiday,Weekday
83,2026-03-24,83,3,Tuesday,March,2026,2026-Mar,24,83,13,2026-W13,2026-03-22,13,2026-W13,2026-03-23,Non-Holiday,Weekday
84,2026-03-25,84,3,Wednesday,March,2026,2026-Mar,25,84,13,2026-W13,2026-03-22,13,2026-W13,2026-03-23,Non-Holiday,Weekday
85,2026-03-26,85,3,Thursday,March,2026,2026-Mar,26,85,13,2026-W13,2026-03-22,13,2026-W13,2026-03-23,Non-Holiday,Weekday
86,2026-03-27,86,3,Friday,March,2026,2026-Mar,27,86,13,2026-W13,2026-03-22,13,2026-W13,2026-03-23,Non-Holiday,Weekday
87,2026-03-28,87,3,Saturday,March,2026,2026-Mar,28,87,13,2026-W13,2026-03-22,13,2026-W13,2026-03-23,Non-Holiday,Weekend
88,2026-03-29,88,3,Sunday,March,2026,2026-Mar,29,88,14,2026-W14,2026-03-22,13,2026-W13,2026-03-23,Non-Holiday,Weekend
89,2026-03-30,89,3,Monday,March,2026,2026-Mar,30,89,14,2026-W14,2026-03-29,14,2026-W14,2026-03-30,Non-Holiday,Weekday
90,2026-03-31,90,3,Tuesday,March,2026,2026-Mar,31,90,14,2026-W14,2026-03-29,14,2026-W14,2026-03-30,Non-Holiday,Weekday
91,2026-04-01,91,4,Wednesday,April,2026,2026-Apr,1,91,14,2026-W14,2026-03-29,14,2026-W14,2026-03-30,Non-Holiday,Weekday
92,2026-04-02,92,4,Thursday,April,2026,2026-Apr,2,92,14,2026-W14,2026-03-29,14,2026-W14,2026-03-30,Non-Holiday,Weekday
93,2026-04-03,93,4,Friday,April,2026,2026-Apr,3,93,14,2026-W14,2026-03-29,14,2026-W14,2026-03-30,Non-Holiday,Weekday
94,2026-04-04,94,4,Saturday,April,2026,2026-Apr,4,94,14,2026-W14,2026-03-29,14,2026-W14,2026-03-30,Non-Holiday,Weekend
95,2026-04-05,95,4,Sunday,April,2026,2026-Apr,5,95,15,2026-W15,2026-03-29,14,2026-W14,2026-03-30,Non-Holiday,Weekend
96,2026-04-06,96,4,Monday,April,2026,2026-Apr,6,96,15,2026-W15,2026-04-05,15,2026-W15,2026-04-06,Non-Holiday,Weekday
97,2026-04-07,97,4,Tuesday,April,2026,2026-Apr,7,97,15,2026-W15,2026-04-05,15,2026-W15,2026-04-06,Non-Holiday,Weekday
98,2026-04-08,98,4,Wednesday,April,2026,2026-Apr,8,98,15,2026-W15,2026-04-05,15,2026-W15,2026-04-06,Non-Holiday,Weekday
99,2026-04-09,99,4,Thursday,April,2026,2026-Apr,9,99,15,2026-W15,2026-04-05,15,2026-W15,2026-04-06,Non-Holiday,Weekday
100,2026-04-10,100,4,Friday,April,2026,2026-Apr,10,100,15,2026-W15,2026-04-05,15,2026-W15,2026-04-06,Non-Holiday,Weekday
101,2026-04-11,101,4,Saturday,April,2026,2026-Apr,11,101,15,2026-W15,2026-04-05,15,2026-W15,2026-04-06,Non-Holiday,Weekend
102,2026-04-12,102,4,Sunday,April,2026,2026-Apr,12,102,16,2026-W16,2026-04-05,15,2026-W15,2026-04-06,Non-Holiday,Weekend
103,2026-04-13,103,4,Monday,April,2026,2026-Apr,13,103,16,2026-W16,2026-04-12,16,2026-W16,2026-04-13,Non-Holiday,Weekday
104,2026-04-14,104,4,Tuesday,April,2026,2026-Apr,14,104,16,2026-W16,2026-04-12,16,2026-W16,2026-04-13,Non-Holiday,Weekday
105,2026-04-15,105,4,Wednesday,April,2026,2026-Apr,15,105,16,2026-W16,2026-04-12,16,2026-W16,2026-04-13,Non-Holiday,Weekday
106,2026-04-16,106,4,Thursday,April,2026,2026-Apr,16,106,16,2026-W16,2026-04-12,16,2026-W16,2026-04-13,Non-Holiday,Weekday
107,2026-04-17,107,4,Friday,April,2026,2026-Apr,17,107,16,2026-W16,2026-04-12,16,2026-W16,2026-04-13,Non-Holiday,Weekday
108,2026-04-18,108,4,Saturday,April,2026,2026-Apr,18,108,16,2026-W16,2026-04-12,16,2026-W16,2026-04-13,Non-Holiday,Weekend
109,2026-04-19,109,4,Sunday,April,2026,2026-Apr,19,109,17,2026-W17,2026-04-12,16,2026-W16,2026-04-13,Non-Holiday,Weekend
110,2026-04-20,110,4,Monday,April,2026,2026-Apr,20,110,17,2026-W17,2026-04-19,17,2026-W17,2026-04-20,Non-Holiday,Weekday
111,2026-04-21,111,4,Tuesday,April,2026,2026-Apr,21,111,17,2026-W17,2026-04-19,17,2026-W17,2026-04-20,Non-Holiday,Weekday
112,2026-04-22,112,4,Wednesday,April,2026,2026-Apr,22,112,17,2026-W17,2026-04-19,17,2026-W17,2026-04-20,Non-Holiday,Weekday
113,2026-04-23,113,4,Thursday,April,2026,2026-Apr,23,113,17,2026-W17,2026-04-19,17,2026-W17,2026-04-20,Non-Holiday,Weekday
114,2026-04-24,114,4,Friday,April,2026,2026-Apr,24,114,17,2026-W17,2026-04-19,17,2026-W17,2026-04-20,Non-Holiday,Weekday
115,2026-04-25,115,4,Saturday,April,2026,2026-Apr,25,115,17,2026-W17,2026-04-19,17,2026-W17,2026-04-20,Non-Holiday,Weekend
116,2026-04-26,116,4,Sunday,April,2026,2026-Apr,26,116,18,2026-W18,2026-04-19,17,2026-W17,2026-04-20,Non-Holiday,Weekend
117,2026-04-27,117,4,Monday,April,2026,2026-Apr,27,117,18,2026-W18,2026-04-26,18,2026-W18,2026-04-27,Non-Holiday,Weekday
118,2026-04-28,118,4,Tuesday,April,2026,2026-Apr,28,118,18,2026-W18,2026-04-26,18,2026-W18,2026-04-27,Non-Holiday,Weekday
119,2026-04-29,119,4,Wednesday,April,2026,2026-Apr,29,119,18,2026-W18,2026-04-26,18,2026-W18,2026-04-27,Non-Holiday,Weekday
120,2026-04-30,120,4,Thursday,April,2026,2026-Apr,30,120,18,2026-W18,2026-04-26,18,2026-W18,2026-04-27,Non-Holiday,Weekday
121,2026-05-01,121,5,Friday,May,2026,2026-May,1,121,18,2026-W18,2026-04-26,18,2026-W18,2026-04-27,Non-Holiday,Weekday
122,2026-05-02,122,5,Saturday,May,2026,2026-May,2,122,18,2026-W18,2026-04-26,18,2026-W18,2026-04-27,Non-Holiday,Weekend
123,2026-05-03,123,5,Sunday,May,2026,2026-May,3,123,19,2026-W19,2026-04-26,18,2026-W18,2026-04-27,Non-Holiday,Weekend
124,2026-05-04,124,5,Monday,May,2026,2026-May,4,124,19,2026-W19,2026-05-03,19,2026-W19,2026-05-04,Non-Holiday,Weekday
125,2026-05-05,125,5,Tuesday,May,2026,2026-May,5,125,19,2026-W19,2026-05-03,19,2026-W19,2026-05-04,Non-Holiday,Weekday
126,2026-05-06,126,5,Wednesday,May,2026,2026-May,6,126,19,2026-W19,2026-05-03,19,2026-W19,2026-05-04,Non-Holiday,Weekday
127,2026-05-07,127,5,Thursday,May,2026,2026-May,7,127,19,2026-W19,2026-05-03,19,2026-W19,2026-05-04,Non-Holiday,Weekday
128,2026-05-08,128,5,Friday,May,2026,2026-May,8,128,19,2026-W19,2026-05-03,19,2026-W19,2026-05-04,Non-Holiday,Weekday
129,2026-05-09,129,5,Saturday,May,2026,2026-May,9,129,19,2026-W19,2026-05-03,19,2026-W19,2026-05-04,Non-Holiday,Weekend
130,2026-05-10,130,5,Sunday,May,2026,2026-May,10,130,20,2026-W20,2026-05-03,19,2026-W19,2026-05-04,Non-Holiday,Weekend
131,2026-05-11,131,5,Monday,May,2026,2026-May,11,131,20,2026-W20,2026-05-10,20,2026-W20,2026-05-11,Non-Holiday,Weekday
132,2026-05-12,132,5,Tuesday,May,2026,2026-May,12,132,20,2026-W20,2026-05-10,20,2026-W20,2026-05-11,Non-Holiday,Weekday
133,2026-05-13,133,5,Wednesday,May,2026,2026-May,13,133,20,2026-W20,2026-05-10,20,2026-W20,2026-05-11,Non-Holiday,Weekday
134,2026-05-14,134,5,Thursday,May,2026,2026-May,14,134,20,2026-W20,2026-05-10,20,2026-W20,2026-05-11,Non-Holiday,Weekday
135,2026-05-15,135,5,Friday,May,2026,2026-May,15,135,20,2026-W20,2026-05-10,20,2026-W20,2026-05-11,Non-Holiday,Weekday
136,2026-05-16,136,5,Saturday,May,2026,2026-May,16,136,20,2026-W20,2026-05-10,20,2026-W20,2026-05-11,Non-Holiday,Weekend
137,2026-05-17,137,5,Sunday,May,2026,2026-May,17,137,21,2026-W21,2026-05-10,20,2026-W20,2026-05-11,Non-Holiday,Weekend
138,2026-05-18,138,5,Monday,May,2026,2026-May,18,138,21,2026-W21,2026-05-17,21,2026-W21,2026-05-18,Non-Holiday,Weekday
139,2026-05-19,139,5,Tuesday,May,2026,2026-May,19,139,21,2026-W21,2026-05-17,21,2026-W21,2026-05-18,Non-Holiday,Weekday
140,2026-05-20,140,5,Wednesday,May,2026,2026-May,20,140,21,2026-W21,2026-05-17,21,2026-W21,2026-05-18,Non-Holiday,Weekday
141,2026-05-21,141,5,Thursday,May,2026,2026-May,21,141,21,2026-W21,2026-05-17,21,2026-W21,2026-05-18,Non-Holiday,Weekday
142,2026-05-22,142,5,Friday,May,2026,2026-May,22,142,21,2026-W21,2026-05-17,21,2026-W21,2026-05-18,Non-Holiday,Weekday
143,2026-05-23,143,5,Saturday,May,2026,2026-May,23,143,21,2026-W21,2026-05-17,21,2026-W21,2026-05-18,Non-Holiday,Weekend
144,2026-05-24,144,5,Sunday,May,2026,2026-May,24,144,22,2026-W22,2026-05-17,21,2026-W21,2026-05-18,Non-Holiday,Weekend
145,2026-05-25,145,5,Monday,May,2026,2026-May,25,145,22,2026-W22,2026-05-24,22,2026-W22,2026-05-25,Non-Holiday,Weekday
146,2026-05-26,146,5,Tuesday,May,2026,2026-May,26,146,22,2026-W22,2026-05-24,22,2026-W22,2026-05-25,Non-Holiday,Weekday
147,2026-05-27,147,5,Wednesday,May,2026,2026-May,27,147,22,2026-W22,2026-05-24,22,2026-W22,2026-05-25,Non-Holiday,Weekday
148,2026-05-28,148,5,Thursday,May,2026,2026-May,28,148,22,2026-W22,2026-05-24,22,2026-W22,2026-05-25,Non-Holiday,Weekday
149,2026-05-29,149,5,Friday,May,2026,2026-May,29,149,22,2026-W22,2026-05-24,22,2026-W22,2026-05-25,Non-Holiday,Weekday
150,2026-05-30,150,5,Saturday,May,2026,2026-May,30,150,22,2026-W22,2026-05-24,22,2026-W22,2026-05-25,Non-Holiday,Weekend
151,2026-05-31,151,5,Sunday,May,2026,2026-May,31,151,23,2026-W23,2026-05-24,22,2026-W22,2026-05-25,Non-Holiday,Weekend
152,2026-06-01,152,6,Monday,June,2026,2026-Jun,1,152,23,2026-W23,2026-05-31,23,2026-W23,2026-06-01,Non-Holiday,Weekday
153,2026-06-02,153,6,Tuesday,June,2026,2026-Jun,2,153,23,2026-W23,2026-05-31,23,2026-W23,2026-06-01,Non-Holiday,Weekday
154,2026-06-03,154,6,Wednesday,June,2026,2026-Jun,3,154,23,2026-W23,2026-05-31,23,2026-W23,2026-06-01,Non-Holiday,Weekday
155,2026-06-04,155,6,Thursday,June,2026,2026-Jun,4,155,23,2026-W23,2026-05-31,23,2026-W23,2026-06-01,Non-Holiday,Weekday
156,2026-06-05,156,6,Friday,June,2026,2026-Jun,5,156,23,2026-W23,2026-05-31,23,2026-W23,2026-06-01,Non-Holiday,Weekday
157,2026-06-06,157,6,Saturday,June,2026,2026-Jun,6,157,23,2026-W23,2026-05-31,23,2026-W23,2026-06-01,Non-Holiday,Weekend
158,2026-06-07,158,6,Sunday,June,2026,2026-Jun,7,158,24,2026-W24,2026-05-31,23,2026-W23,2026-06-01,Non-Holiday,Weekend
159,2026-06-08,159,6,Monday,June,2026,2026-Jun,8,159,24,2026-W24,2026-06-07,24,2026-W24,2026-06-08,Non-Holiday,Weekday
160,2026-06-09,160,6,Tuesday,June,2026,2026-Jun,9,160,24,2026-W24,2026-06-07,24,2026-W24,2026-06-08,Non-Holiday,Weekday
161,2026-06-10,161,6,Wednesday,June,2026,2026-Jun,10,161,24,2026-W24,2026-06-07,24,2026-W24,2026-06-08,Non-Holiday,Weekday
162,2026-06-11,162,6,Thursday,June,2026,2026-Jun,11,162,24,2026-W24,2026-06-07,24,2026-W24,2026-06-08,Non-Holiday,Weekday
163,2026-06-12,163,6,Friday,June,2026,2026-Jun,12,163,24,2026-W24,2026-06-07,24,2026-W24,2026-06-08,Non-Holiday,Weekday
164,2026-06-13,164,6,Saturday,June,2026,2026-Jun,13,164,24,2026-W24,2026-06-07,24,2026-W24,2026-06-08,Non-Holiday,Weekend
165,2026-06-14,165,6,Sunday,June,2026,2026-Jun,14,165,25,2026-W25,2026-06-07,24,2026-W24,2026-06-08,Non-Holiday,Weekend
166,2026-06-15,166,6,Monday,June,2026,2026-Jun,15,166,25,2026-W25,2026-06-14,25,2026-W25,2026-06-15,Non-Holiday,Weekday
167,2026-06-16,167,6,Tuesday,June,2026,2026-Jun,16,167,25,2026-W25,2026-06-14,25,2026-W25,2026-06-15,Non-Holiday,Weekday
168,2026-06-17,168,6,Wednesday,June,2026,2026-Jun,17,168,25,2026-W25,2026-06-14,25,2026-W25,2026-06-15,Non-Holiday,Weekday
169,2026-06-18,169,6,Thursday,June,2026,2026-Jun,18,169,25,2026-W25,2026-06-14,25,2026-W25,2026-06-15,Non-Holiday,Weekday
170,2026-06-19,170,6,Friday,June,2026,2026-Jun,19,170,25,2026-W25,2026-06-14,25,2026-W25,2026-06-15,Non-Holiday,Weekday
171,2026-06-20,171,6,Saturday,June,2026,2026-Jun,20,171,25,2026-W25,2026-06-14,25,2026-W25,2026-06-15,Non-Holiday,Weekend
172,2026-06-21,172,6,Sunday,June,2026,2026-Jun,21,172,26,2026-W26,2026-06-14,25,2026-W25,2026-06-15,Non-Holiday,Weekend
173,2026-06-22,173,6,Monday,June,2026,2026-Jun,22,173,26,2026-W26,2026-06-21,26,2026-W26,2026-06-22,Non-Holiday,Weekday
174,2026-06-23,174,6,Tuesday,June,2026,2026-Jun,23,174,26,2026-W26,2026-06-21,26,2026-W26,2026-06-22,Non-Holiday,Weekday
175,2026-06-24,175,6,Wednesday,June,2026,2026-Jun,24,175,26,2026-W26,2026-06-21,26,2026-W26,2026-06-22,Non-Holiday,Weekday
176,2026-06-25,176,6,Thursday,June,2026,2026-Jun,25,176,26,2026-W26,2026-06-21,26,2026-W26,2026-06-22,Non-Holiday,Weekday
177,2026-06-26,177,6,Friday,June,2026,2026-Jun,26,177,26,2026-W26,2026-06-21,26,2026-W26,2026-06-22,Non-Holiday,Weekday
178,2026-06-27,178,6,Saturday,June,2026,2026-Jun,27,178,26,2026-W26,2026-06-21,26,2026-W26,2026-06-22,Non-Holiday,Weekend
179,2026-06-28,179,6,Sunday,June,2026,2026-Jun,28,179,27,2026-W27,2026-06-21,26,2026-W26,2026-06-22,Non-Holiday,Weekend
180,2026-06-29,180,6,Monday,June,2026,2026-Jun,29,180,27,2026-W27,2026-06-28,27,2026-W27,2026-06-29,Non-Holiday,Weekday
181,2026-06-30,181,6,Tuesday,June,2026,2026-Jun,30,181,27,2026-W27,2026-06-28,27,2026-W27,2026-06-29,Non-Holiday,Weekday
182,2026-07-01,182,7,Wednesday,July,2026,2026-Jul,1,182,27,2026-W27,2026-06-28,27,2026-W27,2026-06-29,Non-Holiday,Weekday
183,2026-07-02,183,7,Thursday,July,2026,2026-Jul,2,183,27,2026-W27,2026-06-28,27,2026-W27,2026-06-29,Non-Holiday,Weekday
184,2026-07-03,184,7,Friday,July,2026,2026-Jul,3,184,27,2026-W27,2026-06-28,27,2026-W27,2026-06-29,Non-Holiday,Weekday
185,2026-07-04,185,7,Saturday,July,2026,2026-Jul,4,185,27,2026-W27,2026-06-28,27,2026-W27,2026-06-29,Non-Holiday,Weekend
186,2026-07-05,186,7,Sunday,July,2026,2026-Jul,5,186,28,2026-W28,2026-06-28,27,2026-W27,2026-06-29,Non-Holiday,Weekend
187,2026-07-06,187,7,Monday,July,2026,2026-Jul,6,187,28,2026-W28,2026-07-05,28,2026-W28,2026-07-06,Non-Holiday,Weekday
188,2026-07-07,188,7,Tuesday,July,2026,2026-Jul,7,188,28,2026-W28,2026-07-05,28,2026-W28,2026-07-06,Non-Holiday,Weekday
189,2026-07-08,189,7,Wednesday,July,2026,2026-Jul,8,189,28,2026-W28,2026-07-05,28,2026-W28,2026-07-06,Non-Holiday,Weekday
190,2026-07-09,190,7,Thursday,July,2026,2026-Jul,9,190,28,2026-W28,2026-07-05,28,2026-W28,2026-07-06,Non-Holiday,Weekday
191,2026-07-10,191,7,Friday,July,2026,2026-Jul,10,191,28,2026-W28,2026-07-05,28,2026-W28,2026-07-06,Non-Holiday,Weekday
192,2026-07-11,192,7,Saturday,July,2026,2026-Jul,11,192,28,2026-W28,2026-07-05,28,2026-W28,2026-07-06,Non-Holiday,Weekend
193,2026-07-12,193,7,Sunday,July,2026,2026-Jul,12,193,29,2026-W29,2026-07-05,28,2026-W28,2026-07-06,Non-Holiday,Weekend
194,2026-07-13,194,7,Monday,July,2026,2026-Jul,13,194,29,2026-W29,2026-07-12,29,2026-W29,2026-07-13,Non-Holiday,Weekday
195,2026-07-14,195,7,Tuesday,July,2026,2026-Jul,14,195,29,2026-W29,2026-07-12,29,2026-W29,2026-07-13,Non-Holiday,Weekday
196,2026-07-15,196,7,Wednesday,July,2026,2026-Jul,15,196,29,2026-W29,2026-07-12,29,2026-W29,2026-07-13,Non-Holiday,Weekday
197,2026-07-16,197,7,Thursday,July,2026,2026-Jul,16,197,29,2026-W29,2026-07-12,29,2026-W29,2026-07-13,Non-Holiday,Weekday
198,2026-07-17,198,7,Friday,July,2026,2026-Jul,17,198,29,2026-W29,2026-07-12,29,2026-W29,2026-07-13,Non-Holiday,Weekday
199,2026-07-18,199,7,Saturday,July,2026,2026-Jul,18,199,29,2026-W29,2026-07-12,29,2026-W29,2026-07-13,Non-Holiday,Weekend
200,2026-07-19,200,7,Sunday,July,2026,2026-Jul,19,200,30,2026-W30,2026-07-12,29,2026-W29,2026-07-13,Non-Holiday,Weekend
201,2026-07-20,201,7,Monday,July,2026,2026-Jul,20,201,30,2026-W30,2026-07-19,30,2026-W30,2026-07-20,Non-Holiday,Weekday
202,2026-07-21,202,7,Tuesday,July,2026,2026-Jul,21,202,30,2026-W30,2026-07-19,30,2026-W30,2026-07-20,Non-Holiday,Weekday
203,2026-07-22,203,7,Wednesday,July,2026,2026-Jul,22,203,30,2026-W30,2026-07-19,30,2026-W30,2026-07-20,Non-Holiday,Weekday
204,2026-07-23,204,7,Thursday,July,2026,2026-Jul,23,204,30,2026-W30,2026-07-19,30,2026-W30,2026-07-20,Non-Holiday,Weekday
205,2026-07-24,205,7,Friday,July,2026,2026-Jul,24,205,30,2026-W30,2026-07-19,30,2026-W30,2026-07-20,Non-Holiday,Weekday
206,2026-07-25,206,7,Saturday,July,2026,2026-Jul,25,206,30,2026-W30,2026-07-19,30,2026-W30,2026-07-20,Non-Holiday,Weekend
207,2026-07-26,207,7,Sunday,July,2026,2026-Jul,26,207,31,2026-W31,2026-07-19,30,2026-W30,2026-07-20,Non-Holiday,Weekend
208,2026-07-27,208,7,Monday,July,2026,2026-Jul,27,208,31,2026-W31,2026-07-26,31,2026-W31,2026-07-27,Non-Holiday,Weekday
209,2026-07-28,209,7,Tuesday,July,2026,2026-Jul,28,209,31,2026-W31,2026-07-26,31,2026-W31,2026-07-27,Non-Holiday,Weekday
210,2026-07-29,210,7,Wednesday,July,2026,2026-Jul,29,210,31,2026-W31,2026-07-26,31,2026-W31,2026-07-27,Non-Holiday,Weekday
211,2026-07-30,211,7,Thursday,July,2026,2026-Jul,30,211,31,2026-W31,2026-07-26,31,2026-W31,2026-07-27,Non-Holiday,Weekday
212,2026-07-31,212,7,Friday,July,2026,2026-Jul,31,212,31,2026-W31,2026-07-26,31,2026-W31,2026-07-27,Non-Holiday,Weekday
213,2026-08-01,213,8,Saturday,August,2026,2026-Aug,1,213,31,2026-W31,2026-07-26,31,2026-W31,2026-07-27,Non-Holiday,Weekend
214,2026-08-02,214,8,Sunday,August,2026,2026-Aug,2,214,32,2026-W32,2026-07-26,31,2026-W31,2026-07-27,Non-Holiday,Weekend
215,2026-08-03,215,8,Monday,August,2026,2026-Aug,3,215,32,2026-W32,2026-08-02,32,2026-W32,2026-08-03,Non-Holiday,Weekday
216,2026-08-04,216,8,Tuesday,August,2026,2026-Aug,4,216,32,2026-W32,2026-08-02,32,2026-W32,2026-08-03,Non-Holiday,Weekday
217,2026-08-05,217,8,Wednesday,August,2026,2026-Aug,5,217,32,2026-W32,2026-08-02,32,2026-W32,2026-08-03,Non-Holiday,Weekday
218,2026-08-06,218,8,Thursday,August,2026,2026-Aug,6,218,32,2026-W32,2026-08-02,32,2026-W32,2026-08-03,Non-Holiday,Weekday
219,2026-08-07,219,8,Friday,August,2026,2026-Aug,7,219,32,2026-W32,2026-08-02,32,2026-W32,2026-08-03,Non-Holiday,Weekday
220,2026-08-08,220,8,Saturday,August,2026,2026-Aug,8,220,32,2026-W32,2026-08-02,32,2026-W32,2026-08-03,Non-Holiday,Weekend
221,2026-08-09,221,8,Sunday,August,2026,2026-Aug,9,221,33,2026-W33,2026-08-02,32,2026-W32,2026-08-03,Non-Holiday,Weekend
222,2026-08-10,222,8,Monday,August,2026,2026-Aug,10,222,33,2026-W33,2026-08-09,33,2026-W33,2026-08-10,Non-Holiday,Weekday
223,2026-08-11,223,8,Tuesday,August,2026,2026-Aug,11,223,33,2026-W33,2026-08-09,33,2026-W33,2026-08-10,Non-Holiday,Weekday
224,2026-08-12,224,8,Wednesday,August,2026,2026-Aug,12,224,33,2026-W33,2026-08-09,33,2026-W33,2026-08-10,Non-Holiday,Weekday
225,2026-08-13,225,8,Thursday,August,2026,2026-Aug,13,225,33,2026-W33,2026-08-09,33,2026-W33,2026-08-10,Non-Holiday,Weekday
226,2026-08-14,226,8,Friday,August,2026,2026-Aug,14,226,33,2026-W33,2026-08-09,33,2026-W33,2026-08-10,Non-Holiday,Weekday
227,2026-08-15,227,8,Saturday,August,2026,2026-Aug,15,227,33,2026-W33,2026-08-09,33,2026-W33,2026-08-10,Non-Holiday,Weekend
228,2026-08-16,228,8,Sunday,August,2026,2026-Aug,16,228,34,2026-W34,2026-08-09,33,2026-W33,2026-08-10,Non-Holiday,Weekend
229,2026-08-17,229,8,Monday,August,2026,2026-Aug,17,229,34,2026-W34,2026-08-16,34,2026-W34,2026-08-17,Non-Holiday,Weekday
230,2026-08-18,230,8,Tuesday,August,2026,2026-Aug,18,230,34,2026-W34,2026-08-16,34,2026-W34,2026-08-17,Non-Holiday,Weekday
231,2026-08-19,231,8,Wednesday,August,2026,2026-Aug,19,231,34,2026-W34,2026-08-16,34,2026-W34,2026-08-17,Non-Holiday,Weekday
232,2026-08-20,232,8,Thursday,August,2026,2026-Aug,20,232,34,2026-W34,2026-08-16,34,2026-W34,2026-08-17,Non-Holiday,Weekday
233,2026-08-21,233,8,Friday,August,2026,2026-Aug,21,233,34,2026-W34,2026-08-16,34,2026-W34,2026-08-17,Non-Holiday,Weekday
234,2026-08-22,234,8,Saturday,August,2026,2026-Aug,22,234,34,2026-W34,2026-08-16,34,2026-W34,2026-08-17,Non-Holiday,Weekend
235,2026-08-23,235,8,Sunday,August,2026,2026-Aug,23,235,35,2026-W35,2026-08-16,34,2026-W34,2026-08-17,Non-Holiday,Weekend
236,2026-08-24,236,8,Monday,August,2026,2026-Aug,24,236,35,2026-W35,2026-08-23,35,2026-W35,2026-08-24,Non-Holiday,Weekday
237,2026-08-25,237,8,Tuesday,August,2026,2026-Aug,25,237,35,2026-W35,2026-08-23,35,2026-W35,2026-08-24,Non-Holiday,Weekday
238,2026-08-26,238,8,Wednesday,August,2026,2026-Aug,26,238,35,2026-W35,2026-08-23,35,2026-W35,2026-08-24,Non-Holiday,Weekday
239,2026-08-27,239,8,Thursday,August,2026,2026-Aug,27,239,35,2026-W35,2026-08-23,35,2026-W35,2026-08-24,Non-Holiday,Weekday
240,2026-08-28,240,8,Friday,August,2026,2026-Aug,28,240,35,2026-W35,2026-08-23,35,2026-W35,2026-08-24,Non-Holiday,Weekday
241,2026-08-29,241,8,Saturday,August,2026,2026-Aug,29,241,35,2026-W35,2026-08-23,35,2026-W35,2026-08-24,Non-Holiday,Weekend
242,2026-08-30,242,8,Sunday,August,2026,2026-Aug,30,242,36,2026-W36,2026-08-23,35,2026-W35,2026-08-24,Non-Holiday,Weekend
243,2026-08-31,243,8,Monday,August,2026,2026-Aug,31,243,36,2026-W36,2026-08-30,36,2026-W36,2026-08-31,Non-Holiday,Weekday
244,2026-09-01,244,9,Tuesday,September,2026,2026-Sep,1,244,36,2026-W36,2026-08-30,36,2026-W36,2026-08-31,Non-Holiday,Weekday
245,2026-09-02,245,9,Wednesday,September,2026,2026-Sep,2,245,36,2026-W36,2026-08-30,36,2026-W36,2026-08-31,Non-Holiday,Weekday
246,2026-09-03,246,9,Thursday,September,2026,2026-Sep,3,246,36,2026-W36,2026-08-30,36,2026-W36,2026-08-31,Non-Holiday,Weekday
247,2026-09-04,247,9,Friday,September,2026,2026-Sep,4,247,36,2026-W36,2026-08-30,36,2026-W36,2026-08-31,Non-Holiday,Weekday
248,2026-09-05,248,9,Saturday,September,2026,2026-Sep,5,248,36,2026-W36,2026-08-30,36,2026-W36,2026-08-31,Non-Holiday,Weekend
249,2026-09-06,249,9,Sunday,September,2026,2026-Sep,6,249,37,2026-W37,2026-08-30,36,2026-W36,2026-08-31,Non-Holiday,Weekend
250,2026-09-07,250,9,Monday,September,2026,2026-Sep,7,250,37,2026-W37,2026-09-06,37,2026-W37,2026-09-07,Non-Holiday,Weekday
251,2026-09-08,251,9,Tuesday,September,2026,2026-Sep,8,251,37,2026-W37,2026-09-06,37,2026-W37,2026-09-07,Non-Holiday,Weekday
252,2026-09-09,252,9,Wednesday,September,2026,2026-Sep,9,252,37,2026-W37,2026-09-06,37,2026-W37,2026-09-07,Non-Holiday,Weekday
253,2026-09-10,253,9,Thursday,September,2026,2026-Sep,10,253,37,2026-W37,2026-09-06,37,2026-W37,2026-09-07,Non-Holiday,Weekday
254,2026-09-11,254,9,Friday,September,2026,2026-Sep,11,254,37,2026-W37,2026-09-06,37,2026-W37,2026-09-07,Non-Holiday,Weekday
255,2026-09-12,255,9,Saturday,September,2026,2026-Sep,12,255,37,2026-W37,2026-09-06,37,2026-W37,2026-09-07,Non-Holiday,Weekend
256,2026-09-13,256,9,Sunday,September,2026,2026-Sep,13,256,38,2026-W38,2026-09-06,37,2026-W37,2026-09-07,Non-Holiday,Weekend
257,2026-09-14,257,9,Monday,September,2026,2026-Sep,14,257,38,2026-W38,2026-09-13,38,2026-W38,2026-09-14,Non-Holiday,Weekday
258,2026-09-15,258,9,Tuesday,September,2026,2026-Sep,15,258,38,2026-W38,2026-09-13,38,2026-W38,2026-09-14,Non-Holiday,Weekday
259,2026-09-16,259,9,Wednesday,September,2026,2026-Sep,16,259,38,2026-W38,2026-09-13,38,2026-W38,2026-09-14,Non-Holiday,Weekday
260,2026-09-17,260,9,Thursday,September,2026,2026-Sep,17,260,38,2026-W38,2026-09-13,38,2026-W38,2026-09-14,Non-Holiday,Weekday
261,2026-09-18,261,9,Friday,September,2026,2026-Sep,18,261,38,2026-W38,2026-09-13,38,2026-W38,2026-09-14,Non-Holiday,Weekday
262,2026-09-19,262,9,Saturday,September,2026,2026-Sep,19,262,38,2026-W38,2026-09-13,38,2026-W38,2026-09-14,Non-Holiday,Weekend
263,2026-09-20,263,9,Sunday,September,2026,2026-Sep,20,263,39,2026-W39,2026-09-13,38,2026-W38,2026-09-14,Non-Holiday,Weekend
264,2026-09-21,264,9,Monday,September,2026,2026-Sep,21,264,39,2026-W39,2026-09-20,39,2026-W39,2026-09-21,Non-Holiday,Weekday
265,2026-09-22,265,9,Tuesday,September,2026,2026-Sep,22,265,39,2026-W39,2026-09-20,39,2026-W39,2026-09-21,Non-Holiday,Weekday
266,2026-09-23,266,9,Wednesday,September,2026,2026-Sep,23,266,39,2026-W39,2026-09-20,39,2026-W39,2026-09-21,Non-Holiday,Weekday
267,2026-09-24,267,9,Thursday,September,2026,2026-Sep,24,267,39,2026-W39,2026-09-20,39,2026-W39,2026-09-21,Non-Holiday,Weekday
268,2026-09-25,268,9,Friday,September,2026,2026-Sep,25,268,39,2026-W39,2026-09-20,39,2026-W39,2026-09-21,Non-Holiday,Weekday
269,2026-09-26,269,9,Saturday,September,2026,2026-Sep,26,269,39,2026-W39,2026-09-20,39,2026-W39,2026-09-21,Non-Holiday,Weekend
270,2026-09-27,270,9,Sunday,September,2026,2026-Sep,27,270,40,2026-W40,2026-09-20,39,2026-W39,2026-09-21,Non-Holiday,Weekend
271,2026-09-28,271,9,Monday,September,2026,2026-Sep,28,271,40,2026-W40,2026-09-27,40,2026-W40,2026-09-28,Non-Holiday,Weekday
272,2026-09-29,272,9,Tuesday,September,2026,2026-Sep,29,272,40,2026-W40,2026-09-27,40,2026-W40,2026-09-28,Non-Holiday,Weekday
273,2026-09-30,273,9,Wednesday,September,2026,2026-Sep,30,273,40,2026-W40,2026-09-27,40,2026-W40,2026-09-28,Non-Holiday,Weekday
274,2026-10-01,274,10,Thursday,October,2026,2026-Oct,1,274,40,2026-W40,2026-09-27,40,2026-W40,2026-09-28,Non-Holiday,Weekday
275,2026-10-02,275,10,Friday,October,2026,2026-Oct,2,275,40,2026-W40,2026-09-27,40,2026-W40,2026-09-28,Non-Holiday,Weekday
276,2026-10-03,276,10,Saturday,October,2026,2026-Oct,3,276,40,2026-W40,2026-09-27,40,2026-W40,2026-09-28,Non-Holiday,Weekend
277,2026-10-04,277,10,Sunday,October,2026,2026-Oct,4,277,41,2026-W41,2026-09-27,40,2026-W40,2026-09-28,Non-Holiday,Weekend
278,2026-10-05,278,10,Monday,October,2026,2026-Oct,5,278,41,2026-W41,2026-10-04,41,2026-W41,2026-10-05,Non-Holiday,Weekday
279,2026-10-06,279,10,Tuesday,October,2026,2026-Oct,6,279,41,2026-W41,2026-10-04,41,2026-W41,2026-10-05,Non-Holiday,Weekday
280,2026-10-07,280,10,Wednesday,October,2026,2026-Oct,7,280,41,2026-W41,2026-10-04,41,2026-W41,2026-10-05,Non-Holiday,Weekday
281,2026-10-08,281,10,Thursday,October,2026,2026-Oct,8,281,41,2026-W41,2026-10-04,41,2026-W41,2026-10-05,Non-Holiday,Weekday
282,2026-10-09,282,10,Friday,October,2026,2026-Oct,9,282,41,2026-W41,2026-10-04,41,2026-W41,2026-10-05,Non-Holiday,Weekday
283,2026-10-10,283,10,Saturday,October,2026,2026-Oct,10,283,41,2026-W41,2026-10-04,41,2026-W41,2026-10-05,Non-Holiday,Weekend
284,2026-10-11,284,10,Sunday,October,2026,2026-Oct,11,284,42,2026-W42,2026-10-04,41,2026-W41,2026-10-05,Non-Holiday,Weekend
285,2026-10-12,285,10,Monday,October,2026,2026-Oct,12,285,42,2026-W42,2026-10-11,42,2026-W42,2026-10-12,Non-Holiday,Weekday
286,2026-10-13,286,10,Tuesday,October,2026,2026-Oct,13,286,42,2026-W42,2026-10-11,42,2026-W42,2026-10-12,Non-Holiday,Weekday
287,2026-10-14,287,10,Wednesday,October,2026,2026-Oct,14,287,42,2026-W42,2026-10-11,42,2026-W42,2026-10-12,Non-Holiday,Weekday
288,2026-10-15,288,10,Thursday,October,2026,2026-Oct,15,288,42,2026-W42,2026-10-11,42,2026-W42,2026-10-12,Non-Holiday,Weekday
289,2026-10-16,289,10,Friday,October,2026,2026-Oct,16,289,42,2026-W42,2026-10-11,42,2026-W42,2026-10-12,Non-Holiday,Weekday
290,2026-10-17,290,10,Saturday,October,2026,2026-Oct,17,290,42,2026-W42,2026-10-11,42,2026-W42,2026-10-12,Non-Holiday,Weekend
291,2026-10-18,291,10,Sunday,October,2026,2026-Oct,18,291,43,2026-W43,2026-10-11,42,2026-W42,2026-10-12,Non-Holiday,Weekend
292,2026-10-19,292,10,Monday,October,2026,2026-Oct,19,292,43,2026-W43,2026-10-18,43,2026-W43,2026-10-19,Non-Holiday,Weekday
293,2026-10-20,293,10,Tuesday,October,2026,2026-Oct,20,293,43,2026-W43,2026-10-18,43,2026-W43,2026-10-19,Non-Holiday,Weekday
294,2026-10-21,294,10,Wednesday,October,2026,2026-Oct,21,294,43,2026-W43,2026-10-18,43,2026-W43,2026-10-19,Non-Holiday,Weekday
295,2026-10-22,295,10,Thursday,October,2026,2026-Oct,22,295,43,2026-W43,2026-10-18,43,2026-W43,2026-10-19,Non-Holiday,Weekday
296,2026-10-23,296,10,Friday,October,2026,2026-Oct,23,296,43,2026-W43,2026-10-18,43,2026-W43,2026-10-19,Non-Holiday,Weekday
297,2026-10-24,297,10,Saturday,October,2026,2026-Oct,24,297,43,2026-W43,2026-10-18,43,2026-W43,2026-10-19,Non-Holiday,Weekend
298,2026-10-25,298,10,Sunday,October,2026,2026-Oct,25,298,44,2026-W44,2026-10-18,43,2026-W43,2026-10-19,Non-Holiday,Weekend
299,2026-10-26,299,10,Monday,October,2026,2026-Oct,26,299,44,2026-W44,2026-10-25,44,2026-W44,2026-10-26,Non-Holiday,Weekday
300,2026-10-27,300,10,Tuesday,October,2026,2026-Oct,27,300,44,2026-W44,2026-10-25,44,2026-W44,2026-10-26,Non-Holiday,Weekday
301,2026-10-28,301,10,Wednesday,October,2026,2026-Oct,28,301,44,2026-W44,2026-10-25,44,2026-W44,2026-10-26,Non-Holiday,Weekday
302,2026-10-29,302,10,Thursday,October,2026,2026-Oct,29,302,44,2026-W44,2026-10-25,44,2026-W44,2026-10-26,Non-Holiday,Weekday
303,2026-10-30,303,10,Friday,October,2026,2026-Oct,30,303,44,2026-W44,2026-10-25,44,2026-W44,2026-10-26,Non-Holiday,Weekday
304,2026-10-31,304,10,Saturday,October,2026,2026-Oct,31,304,44,2026-W44,2026-10-25,44,2026-W44,2026-10-26,Non-Holiday,Weekend
305,2026-11-01,305,11,Sunday,November,2026,2026-Nov,1,305,45,2026-W45,2026-10-25,44,2026-W44,2026-10-26,Non-Holiday,Weekend
306,2026-11-02,306,11,Monday,November,2026,2026-Nov,2,306,45,2026-W45,2026-11-01,45,2026-W45,2026-11-02,Non-Holiday,Weekday
307,2026-11-03,307,11,Tuesday,November,2026,2026-Nov,3,307,45,2026-W45,2026-11-01,45,2026-W45,2026-11-02,Non-Holiday,Weekday
308,2026-11-04,308,11,Wednesday,November,2026,2026-Nov,4,308,45,2026-W45,2026-11-01,45,2026-W45,2026-11-02,Non-Holiday,Weekday
309,2026-11-05,309,11,Thursday,November,2026,2026-Nov,5,309,45,2026-W45,2026-11-01,45,2026-W45,2026-11-02,Non-Holiday,Weekday
310,2026-11-06,310,11,Friday,November,2026,2026-Nov,6,310,45,2026-W45,2026-11-01,45,2026-W45,2026-11-02,Non-Holiday,Weekday
311,2026-11-07,311,11,Saturday,November,2026,2026-Nov,7,311,45,2026-W45,2026-11-01,45,2026-W45,2026-11-02,Non-Holiday,Weekend
312,2026-11-08,312,11,Sunday,November,2026,2026-Nov,8,312,46,2026-W46,2026-11-01,45,2026-W45,2026-11-02,Non-Holiday,Weekend
313,2026-11-09,313,11,Monday,November,2026,2026-Nov,9,313,46,2026-W46,2026-11-08,46,2026-W46,2026-11-09,Non-Holiday,Weekday
314,2026-11-10,314,11,Tuesday,November,2026,2026-Nov,10,314,46,2026-W46,2026-11-08,46,2026-W46,2026-11-09,Non-Holiday,Weekday
315,2026-11-11,315,11,Wednesday,November,2026,2026-Nov,11,315,46,2026-W46,2026-11-08,46,2026-W46,2026-11-09,Non-Holiday,Weekday
316,2026-11-12,316,11,Thursday,November,2026,2026-Nov,12,316,46,2026-W46,2026-11-08,46,2026-W46,2026-11-09,Non-Holiday,Weekday
317,2026-11-13,317,11,Friday,November,2026,2026-Nov,13,317,46,2026-W46,2026-11-08,46,2026-W46,2026-11-09,Non-Holiday,Weekday
318,2026-11-14,318,11,Saturday,November,2026,2026-Nov,14,318,46,2026-W46,2026-11-08,46,2026-W46,2026-11-09,Non-Holiday,Weekend
319,2026-11-15,319,11,Sunday,November,2026,2026-Nov,15,319,47,2026-W47,2026-11-08,46,2026-W46,2026-11-09,Non-Holiday,Weekend
320,2026-11-16,320,11,Monday,November,2026,2026-Nov,16,320,47,2026-W47,2026-11-15,47,2026-W47,2026-11-16,Non-Holiday,Weekday
321,2026-11-17,321,11,Tuesday,November,2026,2026-Nov,17,321,47,2026-W47,2026-11-15,47,2026-W47,2026-11-16,Non-Holiday,Weekday
322,2026-11-18,322,11,Wednesday,November,2026,2026-Nov,18,322,47,2026-W47,2026-11-15,47,2026-W47,2026-11-16,Non-Holiday,Weekday
323,2026-11-19,323,11,Thursday,November,2026,2026-Nov,19,323,47,2026-W47,2026-11-15,47,2026-W47,2026-11-16,Non-Holiday,Weekday
324,2026-11-20,324,11,Friday,November,2026,2026-Nov,20,324,47,2026-W47,2026-11-15,47,2026-W47,2026-11-16,Non-Holiday,Weekday
325,2026-11-21,325,11,Saturday,November,2026,2026-Nov,21,325,47,2026-W47,2026-11-15,47,2026-W47,2026-11-16,Non-Holiday,Weekend
326,2026-11-22,326,11,Sunday,November,2026,2026-Nov,22,326,48,2026-W48,2026-11-15,47,2026-W47,2026-11-16,Non-Holiday,Weekend
327,2026-11-23,327,11,Monday,November,2026,2026-Nov,23,327,48,2026-W48,2026-11-22,48,2026-W48,2026-11-23,Non-Holiday,Weekday
328,2026-11-24,328,11,Tuesday,November,2026,2026-Nov,24,328,48,2026-W48,2026-11-22,48,2026-W48,2026-11-23,Non-Holiday,Weekday
329,2026-11-25,329,11,Wednesday,November,2026,2026-Nov,25,329,48,2026-W48,2026-11-22,48,2026-W48,2026-11-23,Non-Holiday,Weekday
330,2026-11-26,330,11,Thursday,November,2026,2026-Nov,26,330,48,2026-W48,2026-11-22,48,2026-W48,2026-11-23,Non-Holiday,Weekday
331,2026-11-27,331,11,Friday,November,2026,2026-Nov,27,331,48,2026-W48,2026-11-22,48,2026-W48,2026-11-23,Non-Holiday,Weekday
332,2026-11-28,332,11,Saturday,November,2026,2026-Nov,28,332,48,2026-W48,2026-11-22,48,2026-W48,2026-11-23,Non-Holiday,Weekend
333,2026-11-29,333,11,Sunday,November,2026,2026-Nov,29,333,49,2026-W49,2026-11-22,48,2026-W48,2026-11-23,Non-Holiday,Weekend
334,2026-11-30,334,11,Monday,November,2026,2026-Nov,30,334,49,2026-W49,2026-11-29,49,2026-W49,2026-11-30,Non-Holiday,Weekday
335,2026-12-01,335,12,Tuesday,December,2026,2026-Dec,1,335,49,2026-W49,2026-11-29,49,2026-W49,2026-11-30,Non-Holiday,Weekday
336,2026-12-02,336,12,Wednesday,December,2026,2026-Dec,2,336,49,2026-W49,2026-11-29,49,2026-W49,2026-11-30,Non-Holiday,Weekday
337,2026-12-03,337,12,Thursday,December,2026,2026-Dec,3,337,49,2026-W49,2026-11-29,49,2026-W49,2026-11-30,Non-Holiday,Weekday
338,2026-12-04,338,12,Friday,December,2026,2026-Dec,4,338,49,2026-W49,2026-11-29,49,2026-W49,2026-11-30,Non-Holiday,Weekday
339,2026-12-05,339,12,Saturday,December,2026,2026-Dec,5,339,49,2026-W49,2026-11-29,49,2026-W49,2026-11-30,Non-Holiday,Weekend
340,2026-12-06,340,12,Sunday,December,2026,2026-Dec,6,340,50,2026-W50,2026-11-29,49,2026-W49,2026-11-30,Non-Holiday,Weekend
341,2026-12-07,341,12,Monday,December,2026,2026-Dec,7,341,50,2026-W50,2026-12-06,50,2026-W50,2026-12-07,Non-Holiday,Weekday
342,2026-12-08,342,12,Tuesday,December,2026,2026-Dec,8,342,50,2026-W50,2026-12-06,50,2026-W50,2026-12-07,Non-Holiday,Weekday
343,2026-12-09,343,12,Wednesday,December,2026,2026-Dec,9,343,50,2026-W50,2026-12-06,50,2026-W50,2026-12-07,Non-Holiday,Weekday
344,2026-12-10,344,12,Thursday,December,2026,2026-Dec,10,344,50,2026-W50,2026-12-06,50,2026-W50,2026-12-07,Non-Holiday,Weekday
345,2026-12-11,345,12,Friday,December,2026,2026-Dec,11,345,50,2026-W50,2026-12-06,50,2026-W50,2026-12-07,Non-Holiday,Weekday
346,2026-12-12,346,12,Saturday,December,2026,2026-Dec,12,346,50,2026-W50,2026-12-06,50,2026-W50,2026-12-07,Non-Holiday,Weekend
347,2026-12-13,347,12,Sunday,December,2026,2026-Dec,13,347,51,2026-W51,2026-12-06,50,2026-W50,2026-12-07,Non-Holiday,Weekend
348,2026-12-14,348,12,Monday,December,2026,2026-Dec,14,348,51,2026-W51,2026-12-13,51,2026-W51,2026-12-14,Non-Holiday,Weekday
349,2026-12-15,349,12,Tuesday,December,2026,2026-Dec,15,349,51,2026-W51,2026-12-13,51,2026-W51,2026-12-14,Non-Holiday,Weekday
350,2026-12-16,350,12,Wednesday,December,2026,2026-Dec,16,350,51,2026-W51,2026-12-13,51,2026-W51,2026-12-14,Non-Holiday,Weekday
351,2026-12-17,351,12,Thursday,December,2026,2026-Dec,17,351,51,2026-W51,2026-12-13,51,2026-W51,2026-12-14,Non-Holiday,Weekday
352,2026-12-18,352,12,Friday,December,2026,2026-Dec,18,352,51,2026-W51,2026-12-13,51,2026-W51,2026-12-14,Non-Holiday,Weekday
353,2026-12-19,353,12,Saturday,December,2026,2026-Dec,19,353,51,2026-W51,2026-12-13,51,2026-W51,2026-12-14,Non-Holiday,Weekend
354,2026-12-20,354,12,Sunday,December,2026,2026-Dec,20,354,52,2026-W52,2026-12-13,51,2026-W51,2026-12-14,Non-Holiday,Weekend
355,2026-12-21,355,12,Monday,December,2026,2026-Dec,21,355,52,2026-W52,2026-12-20,52,2026-W52,2026-12-21,Non-Holiday,Weekday
356,2026-12-22,356,12,Tuesday,December,2026,2026-Dec,22,356,52,2026-W52,2026-12-20,52,2026-W52,2026-12-21,Non-Holiday,Weekday
357,2026-12-23,357,12,Wednesday,December,2026,2026-Dec,23,357,52,2026-W52,2026-12-20,52,2026-W52,2026-12-21,Non-Holiday,Weekday
358,2026-12-24,358,12,Thursday,December,2026,2026-Dec,24,358,52,2026-W52,2026-12-20,52,2026-W52,2026-12-21,Non-Holiday,Weekday
359,2026-12-25,359,12,Friday,December,2026,2026-Dec,25,359,52,2026-W52,2026-12-20,52,2026-W52,2026-12-21,Non-Holiday,Weekday
360,2026-12-26,360,12,Saturday,December,2026,2026-Dec,26,360,52,2026-W52,2026-12-20,52,2026-W52,2026-12-21,Non-Holiday,Weekend
361,2026-12-27,361,12,Sunday,December,2026,2026-Dec,27,361,53,2026-W53,2026-12-20,52,2026-W52,2026-12-21,Non-Holiday,Weekend
362,2026-12-28,362,12,Monday,December,2026,2026-Dec,28,362,53,2026-W53,2026-12-27,53,2026-W53,2026-12-28,Non-Holiday,Weekday
363,2026-12-29,363,12,Tuesday,December,2026,2026-Dec,29,363,53,2026-W53,2026-12-27,53,2026-W53,2026-12-28,Non-Holiday,Weekday
364,2026-12-30,364,12,Wednesday,December,2026,2026-Dec,30,364,53,2026-W53,2026-12-27,53,2026-W53,2026-12-28,Non-Holiday,Weekday
365,2026-12-31,365,12,Thursday,December,2026,2026-Dec,31,365,53,2026-W53,2026-12-27,53,2026-W53,2026-12-28,Non-Holiday,Weekday
366,2027-01-01,366,13,Friday,January,2027,2027-Jan,1,1,1,2027-W01,2026-12-27,1,2027-W01,2026-12-28,Non-Holiday,Weekday
367,2027-01-02,367,13,Saturday,January,2027,2027-Jan,2,2,1,2027-W01,2026-12-27,1,2027-W01,2026-12-28,Non-Holiday,Weekend
368,2027-01-03,368,13,Sunday,January,2027,2027-Jan,3,3,2,2027-W02,2026-12-27,1,2027-W01,2026-12-28,Non-Holiday,Weekend
369,2027-01-04,369,13,Monday,January,2027,2027-Jan,4,4,2,2027-W02,2027-01-03,2,2027-W02,2027-01-04,Non-Holiday,Weekday
370,2027-01-05,370,13,Tuesday,January,2027,2027-Jan,5,5,2,2027-W02,2027-01-03,2,2027-W02,2027-01-04,Non-Holiday,Weekday
371,2027-01-06,371,13,Wednesday,January,2027,2027-Jan,6,6,2,2027-W02,2027-01-03,2,2027-W02,2027-01-04,Non-Holiday,Weekday
372,2027-01-07,372,13,Thursday,January,2027,2027-Jan,7,7,2,2027-W02,2027-01-03,2,2027-W02,2027-01-04,Non-Holiday,Weekday
373,2027-01-08,373,13,Friday,January,2027,2027-Jan,8,8,2,2027-W02,2027-01-03,2,2027-W02,2027-01-04,Non-Holiday,Weekday
374,2027-01-09,374,13,Saturday,January,2027,2027-Jan,9,9,2,2027-W02,2027-01-03,2,2027-W02,2027-01-04,Non-Holiday,Weekend
375,2027-01-10,375,13,Sunday,January,2027,2027-Jan,10,10,3,2027-W03,2027-01-03,2,2027-W02,2027-01-04,Non-Holiday,Weekend
376,2027-01-11,376,13,Monday,January,2027,2027-Jan,11,11,3,2027-W03,2027-01-10,3,2027-W03,2027-01-11,Non-Holiday,Weekday
377,2027-01-12,377,13,Tuesday,January,2027,2027-Jan,12,12,3,2027-W03,2027-01-10,3,2027-W03,2027-01-11,Non-Holiday,Weekday
378,2027-01-13,378,13,Wednesday,January,2027,2027-Jan,13,13,3,2027-W03,2027-01-10,3,2027-W03,2027-01-11,Non-Holiday,Weekday
379,2027-01-14,379,13,Thursday,January,2027,2027-Jan,14,14,3,2027-W03,2027-01-10,3,2027-W03,2027-01-11,Non-Holiday,Weekday
380,2027-01-15,380,13,Friday,January,2027,2027-Jan,15,15,3,2027-W03,2027-01-10,3,2027-W03,2027-01-11,Non-Holiday,Weekday
381,2027-01-16,381,13,Saturday,January,2027,2027-Jan,16,16,3,2027-W03,2027-01-10,3,2027-W03,2027-01-11,Non-Holiday,Weekend
382,2027-01-17,382,13,Sunday,January,2027,2027-Jan,17,17,4,2027-W04,2027-01-10,3,2027-W03,2027-01-11,Non-Holiday,Weekend
383,2027-01-18,383,13,Monday,January,2027,2027-Jan,18,18,4,2027-W04,2027-01-17,4,2027-W04,2027-01-18,Non-Holiday,Weekday
384,2027-01-19,384,13,Tuesday,January,2027,2027-Jan,19,19,4,2027-W04,2027-01-17,4,2027-W04,2027-01-18,Non-Holiday,Weekday
385,2027-01-20,385,13,Wednesday,January,2027,2027-Jan,20,20,4,2027-W04,2027-01-17,4,2027-W04,2027-01-18,Non-Holiday,Weekday
386,2027-01-21,386,13,Thursday,January,2027,2027-Jan,21,21,4,2027-W04,2027-01-17,4,2027-W04,2027-01-18,Non-Holiday,Weekday
387,2027-01-22,387,13,Friday,January,2027,2027-Jan,22,22,4,2027-W04,2027-01-17,4,2027-W04,2027-01-18,Non-Holiday,Weekday
388,2027-01-23,388,13,Saturday,January,2027,2027-Jan,23,23,4,2027-W04,2027-01-17,4,2027-W04,2027-01-18,Non-Holiday,Weekend
389,2027-01-24,389,13,Sunday,January,2027,2027-Jan,24,24,5,2027-W05,2027-01-17,4,2027-W04,2027-01-18,Non-Holiday,Weekend
390,2027-01-25,390,13,Monday,January,2027,2027-Jan,25,25,5,2027-W05,2027-01-24,5,2027-W05,2027-01-25,Non-Holiday,Weekday
391,2027-01-26,391,13,Tuesday,January,2027,2027-Jan,26,26,5,2027-W05,2027-01-24,5,2027-W05,2027-01-25,Non-Holiday,Weekday
392,2027-01-27,392,13,Wednesday,January,2027,2027-Jan,27,27,5,2027-W05,2027-01-24,5,2027-W05,2027-01-25,Non-Holiday,Weekday
393,2027-01-28,393,13,Thursday,January,2027,2027-Jan,28,28,5,2027-W05,2027-01-24,5,2027-W05,2027-01-25,Non-Holiday,Weekday
394,2027-01-29,394,13,Friday,January,2027,2027-Jan,29,29,5,2027-W05,2027-01-24,5,2027-W05,2027-01-25,Non-Holiday,Weekday
395,2027-01-30,395,13,Saturday,January,2027,2027-Jan,30,30,5,2027-W05,2027-01-24,5,2027-W05,2027-01-25,Non-Holiday,Weekend
396,2027-01-31,396,13,Sunday,January,2027,2027-Jan,31,31,6,2027-W06,2027-01-24,5,2027-W05,2027-01-25,Non-Holiday,Weekend
397,2027-02-01,397,14,Monday,February,2027,2027-Feb,1,32,6,2027-W06,2027-01-31,6,2027-W06,2027-02-01,Non-Holiday,Weekday
398,2027-02-02,398,14,Tuesday,February,2027,2027-Feb,2,33,6,2027-W06,2027-01-31,6,2027-W06,2027-02-01,Non-Holiday,Weekday
399,2027-02-03,399,14,Wednesday,February,2027,2027-Feb,3,34,6,2027-W06,2027-01-31,6,2027-W06,2027-02-01,Non-Holiday,Weekday
400,2027-02-04,400,14,Thursday,February,2027,2027-Feb,4,35,6,2027-W06,2027-01-31,6,2027-W06,2027-02-01,Non-Holiday,Weekday
401,2027-02-05,401,14,Friday,February,2027,2027-Feb,5,36,6,2027-W06,2027-01-31,6,2027-W06,2027-02-01,Non-Holiday,Weekday
402,2027-02-06,402,14,Saturday,February,2027,2027-Feb,6,37,6,2027-W06,2027-01-31,6,2027-W06,2027-02-01,Non-Holiday,Weekend
403,2027-02-07,403,14,Sunday,February,2027,2027-Feb,7,38,7,2027-W07,2027-01-31,6,2027-W06,2027-02-01,Non-Holiday,Weekend
404,2027-02-08,404,14,Monday,February,2027,2027-Feb,8,39,7,2027-W07,2027-02-07,7,2027-W07,2027-02-08,Non-Holiday,Weekday
405,2027-02-09,405,14,Tuesday,February,2027,2027-Feb,9,40,7,2027-W07,2027-02-07,7,2027-W07,2027-02-08,Non-Holiday,Weekday
406,2027-02-10,406,14,Wednesday,February,2027,2027-Feb,10,41,7,2027-W07,2027-02-07,7,2027-W07,2027-02-08,Non-Holiday,Weekday
407,2027-02-11,407,14,Thursday,February,2027,2027-Feb,11,42,7,2027-W07,2027-02-07,7,2027-W07,2027-02-08,Non-Holiday,Weekday
408,2027-02-12,408,14,Friday,February,2027,2027-Feb,12,43,7,2027-W07,2027-02-07,7,2027-W07,2027-02-08,Non-Holiday,Weekday
409,2027-02-13,409,14,Saturday,February,2027,2027-Feb,13,44,7,2027-W07,2027-02-07,7,2027-W07,2027-02-08,Non-Holiday,Weekend
410,2027-02-14,410,14,Sunday,February,2027,2027-Feb,14,45,8,2027-W08,2027-02-07,7,2027-W07,2027-02-08,Non-Holiday,Weekend
411,2027-02-15,411,14,Monday,February,2027,2027-Feb,15,46,8,2027-W08,2027-02-14,8,2027-W08,2027-02-15,Non-Holiday,Weekday
412,2027-02-16,412,14,Tuesday,February,2027,2027-Feb,16,47,8,2027-W08,2027-02-14,8,2027-W08,2027-02-15,Non-Holiday,Weekday
413,2027-02-17,413,14,Wednesday,February,2027,2027-Feb,17,48,8,2027-W08,2027-02-14,8,2027-W08,2027-02-15,Non-Holiday,Weekday
414,2027-02-18,414,14,Thursday,February,2027,2027-Feb,18,49,8,2027-W08,2027-02-14,8,2027-W08,2027-02-15,Non-Holiday,Weekday
415,2027-02-19,415,14,Friday,February,2027,2027-Feb,19,50,8,2027-W08,2027-02-14,8,2027-W08,2027-02-15,Non-Holiday,Weekday
416,2027-02-20,416,14,Saturday,February,2027,2027-Feb,20,51,8,2027-W08,2027-02-14,8,2027-W08,2027-02-15,Non-Holiday,Weekend
417,2027-02-21,417,14,Sunday,February,2027,2027-Feb,21,52,9,2027-W09,2027-02-14,8,2027-W08,2027-02-15,Non-Holiday,Weekend
418,2027-02-22,418,14,Monday,February,2027,2027-Feb,22,53,9,2027-W09,2027-02-21,9,2027-W09,2027-02-22,Non-Holiday,Weekday
419,2027-02-23,419,14,Tuesday,February,2027,2027-Feb,23,54,9,2027-W09,2027-02-21,9,2027-W09,2027-02-22,Non-Holiday,Weekday
420,2027-02-24,420,14,Wednesday,February,2027,2027-Feb,24,55,9,2027-W09,2027-02-21,9,2027-W09,2027-02-22,Non-Holiday,Weekday
421,2027-02-25,421,14,Thursday,February,2027,2027-Feb,25,56,9,2027-W09,2027-02-21,9,2027-W09,2027-02-22,Non-Holiday,Weekday
422,2027-02-26,422,14,Friday,February,2027,2027-Feb,26,57,9,2027-W09,2027-02-21,9,2027-W09,2027-02-22,Non-Holiday,Weekday
423,2027-02-27,423,14,Saturday,February,2027,2027-Feb,27,58,9,2027-W09,2027-02-21,9,2027-W09,2027-02-22,Non-Holiday,Weekend
424,2027-02-28,424,14,Sunday,February,2027,2027-Feb,28,59,10,2027-W10,2027-02-21,9,2027-W09,2027-02-22,Non-Holiday,Weekend
425,2027-03-01,425,15,Monday,March,2027,2027-Mar,1,60,10,2027-W10,2027-02-28,10,2027-W10,2027-03-01,Non-Holiday,Weekday
426,2027-03-02,426,15,Tuesday,March,2027,2027-Mar,2,61,10,2027-W10,2027-02-28,10,2027-W10,2027-03-01,Non-Holiday,Weekday
427,2027-03-03,427,15,Wednesday,March,2027,2027-Mar,3,62,10,2027-W10,2027-02-28,10,2027-W10,2027-03-01,Non-Holiday,Weekday
428,2027-03-04,428,15,Thursday,March,2027,2027-Mar,4,63,10,2027-W10,2027-02-28,10,2027-W10,2027-03-01,Non-Holiday,Weekday
429,2027-03-05,429,15,Friday,March,2027,2027-Mar,5,64,10,2027-W10,2027-02-28,10,2027-W10,2027-03-01,Non-Holiday,Weekday
430,2027-03-06,430,15,Saturday,March,2027,2027-Mar,6,65,10,2027-W10,2027-02-28,10,2027-W10,2027-03-01,Non-Holiday,Weekend
431,2027-03-07,431,15,Sunday,March,2027,2027-Mar,7,66,11,2027-W11,2027-02-28,10,2027-W10,2027-03-01,Non-Holiday,Weekend
432,2027-03-08,432,15,Monday,March,2027,2027-Mar,8,67,11,2027-W11,2027-03-07,11,2027-W11,2027-03-08,Non-Holiday,Weekday
433,2027-03-09,433,15,Tuesday,March,2027,2027-Mar,9,68,11,2027-W11,2027-03-07,11,2027-W11,2027-03-08,Non-Holiday,Weekday
434,2027-03-10,434,15,Wednesday,March,2027,2027-Mar,10,69,11,2027-W11,2027-03-07,11,2027-W11,2027-03-08,Non-Holiday,Weekday
435,2027-03-11,435,15,Thursday,March,2027,2027-Mar,11,70,11,2027-W11,2027-03-07,11,2027-W11,2027-03-08,Non-Holiday,Weekday
436,2027-03-12,436,15,Friday,March,2027,2027-Mar,12,71,11,2027-W11,2027-03-07,11,2027-W11,2027-03-08,Non-Holiday,Weekday
437,2027-03-13,437,15,Saturday,March,2027,2027-Mar,13,72,11,2027-W11,2027-03-07,11,2027-W11,2027-03-08,Non-Holiday,Weekend
438,2027-03-14,438,15,Sunday,March,2027,2027-Mar,14,73,12,2027-W12,2027-03-07,11,2027-W11,2027-03-08,Non-Holiday,Weekend
439,2027-03-15,439,15,Monday,March,2027,2027-Mar,15,74,12,2027-W12,2027-03-14,12,2027-W12,2027-03-15,Non-Holiday,Weekday
440,2027-03-16,440,15,Tuesday,March,2027,2027-Mar,16,75,12,2027-W12,2027-03-14,12,2027-W12,2027-03-15,Non-Holiday,Weekday
441,2027-03-17,441,15,Wednesday,March,2027,2027-Mar,17,76,12,2027-W12,2027-03-14,12,2027-W12,2027-03-15,Non-Holiday,Weekday
442,2027-03-18,442,15,Thursday,March,2027,2027-Mar,18,77,12,2027-W12,2027-03-14,12,2027-W12,2027-03-15,Non-Holiday,Weekday
443,2027-03-19,443,15,Friday,March,2027,2027-Mar,19,78,12,2027-W12,2027-03-14,12,2027-W12,2027-03-15,Non-Holiday,Weekday
444,2027-03-20,444,15,Saturday,March,2027,2027-Mar,20,79,12,2027-W12,2027-03-14,12,2027-W12,2027-03-15,Non-Holiday,Weekend
445,2027-03-21,445,15,Sunday,March,2027,2027-Mar,21,80,13,2027-W13,2027-03-14,12,2027-W12,2027-03-15,Non-Holiday,Weekend
446,2027-03-22,446,15,Monday,March,2027,2027-Mar,22,81,13,2027-W13,2027-03-21,13,2027-W13,2027-03-22,Non-Holiday,Weekday
447,2027-03-23,447,15,Tuesday,March,2027,2027-Mar,23,82,13,2027-W13,2027-03-21,13,2027-W13,2027-03-22,Non-Holiday,Weekday
448,2027-03-24,448,15,Wednesday,March,2027,2027-Mar,24,83,13,2027-W13,2027-03-21,13,2027-W13,2027-03-22,Non-Holiday,Weekday
449,2027-03-25,449,15,Thursday,March,2027,2027-Mar,25,84,13,2027-W13,2027-03-21,13,2027-W13,2027-03-22,Non-Holiday,Weekday
450,2027-03-26,450,15,Friday,March,2027,2027-Mar,26,85,13,2027-W13,2027-03-21,13,2027-W13,2027-03-22,Non-Holiday,Weekday
451,2027-03-27,451,15,Saturday,March,2027,2027-Mar,27,86,13,2027-W13,2027-03-21,13,2027-W13,2027-03-22,Non-Holiday,Weekend
452,2027-03-28,452,15,Sunday,March,2027,2027-Mar,28,87,14,2027-W14,2027-03-21,13,2027-W13,2027-03-22,Non-Holiday,Weekend
453,2027-03-29,453,15,Monday,March,2027,2027-Mar,29,88,14,2027-W14,2027-03-28,14,2027-W14,2027-03-29,Non-Holiday,Weekday
454,2027-03-30,454,15,Tuesday,March,2027,2027-Mar,30,89,14,2027-W14,2027-03-28,14,2027-W14,2027-03-29,Non-Holiday,Weekday
455,2027-03-31,455,15,Wednesday,March,2027,2027-Mar,31,90,14,2027-W14,2027-03-28,14,2027-W14,2027-03-29,Non-Holiday,Weekday
456,2027-04-01,456,16,Thursday,April,2027,2027-Apr,1,91,14,2027-W14,2027-03-28,14,2027-W14,2027-03-29,Non-Holiday,Weekday
457,2027-04-02,457,16,Friday,April,2027,2027-Apr,2,92,14,2027-W14,2027-03-28,14,2027-W14,2027-03-29,Non-Holiday,Weekday
458,2027-04-03,458,16,Saturday,April,2027,2027-Apr,3,93,14,2027-W14,2027-03-28,14,2027-W14,2027-03-29,Non-Holiday,Weekend
459,2027-04-04,459,16,Sunday,April,2027,2027-Apr,4,94,15,2027-W15,2027-03-28,14,2027-W14,2027-03-29,Non-Holiday,Weekend
460,2027-04-05,460,16,Monday,April,2027,2027-Apr,5,95,15,2027-W15,2027-04-04,15,2027-W15,2027-04-05,Non-Holiday,Weekday
461,2027-04-06,461,16,Tuesday,April,2027,2027-Apr,6,96,15,2027-W15,2027-04-04,15,2027-W15,2027-04-05,Non-Holiday,Weekday
462,2027-04-07,462,16,Wednesday,April,2027,2027-Apr,7,97,15,2027-W15,2027-04-04,15,2027-W15,2027-04-05,Non-Holiday,Weekday
463,2027-04-08,463,16,Thursday,April,2027,2027-Apr,8,98,15,2027-W15,2027-04-04,15,2027-W15,2027-04-05,Non-Holiday,Weekday
464,2027-04-09,464,16,Friday,April,2027,2027-Apr,9,99,15,2027-W15,2027-04-04,15,2027-W15,2027-04-05,Non-Holiday,Weekday
465,2027-04-10,465,16,Saturday,April,2027,2027-Apr,10,100,15,2027-W15,2027-04-04,15,2027-W15,2027-04-05,Non-Holiday,Weekend
466,2027-04-11,466,16,Sunday,April,2027,2027-Apr,11,101,16,2027-W16,2027-04-04,15,2027-W15,2027-04-05,Non-Holiday,Weekend
467,2027-04-12,467,16,Monday,April,2027,2027-Apr,12,102,16,2027-W16,2027-04-11,16,2027-W16,2027-04-12,Non-Holiday,Weekday
468,2027-04-13,468,16,Tuesday,April,2027,2027-Apr,13,103,16,2027-W16,2027-04-11,16,2027-W16,2027-04-12,Non-Holiday,Weekday
469,2027-04-14,469,16,Wednesday,April,2027,2027-Apr,14,104,16,2027-W16,2027-04-11,16,2027-W16,2027-04-12,Non-Holiday,Weekday
470,2027-04-15,470,16,Thursday,April,2027,2027-Apr,15,105,16,2027-W16,2027-04-11,16,2027-W16,2027-04-12,Non-Holiday,Weekday
471,2027-04-16,471,16,Friday,April,2027,2027-Apr,16,106,16,2027-W16,2027-04-11,16,2027-W16,2027-04-12,Non-Holiday,Weekday
472,2027-04-17,472,16,Saturday,April,2027,2027-Apr,17,107,16,2027-W16,2027-04-11,16,2027-W16,2027-04-12,Non-Holiday,Weekend
473,2027-04-18,473,16,Sunday,April,2027,2027-Apr,18,108,17,2027-W17,2027-04-11,16,2027-W16,2027-04-12,Non-Holiday,Weekend
474,2027-04-19,474,16,Monday,April,2027,2027-Apr,19,109,17,2027-W17,2027-04-18,17,2027-W17,2027-04-19,Non-Holiday,Weekday
475,2027-04-20,475,16,Tuesday,April,2027,2027-Apr,20,110,17,2027-W17,2027-04-18,17,2027-W17,2027-04-19,Non-Holiday,Weekday
476,2027-04-21,476,16,Wednesday,April,2027,2027-Apr,21,111,17,2027-W17,2027-04-18,17,2027-W17,2027-04-19,Non-Holiday,Weekday
477,2027-04-22,477,16,Thursday,April,2027,2027-Apr,22,112,17,2027-W17,2027-04-18,17,2027-W17,2027-04-19,Non-Holiday,Weekday
478,2027-04-23,478,16,Friday,April,2027,2027-Apr,23,113,17,2027-W17,2027-04-18,17,2027-W17,2027-04-19,Non-Holiday,Weekday
479,2027-04-24,479,16,Saturday,April,2027,2027-Apr,24,114,17,2027-W17,2027-04-18,17,2027-W17,2027-04-19,Non-Holiday,Weekend
480,2027-04-25,480,16,Sunday,April,2027,2027-Apr,25,115,18,2027-W18,2027-04-18,17,2027-W17,2027-04-19,Non-Holiday,Weekend
481,2027-04-26,481,16,Monday,April,2027,2027-Apr,26,116,18,2027-W18,2027-04-25,18,2027-W18,2027-04-26,Non-Holiday,Weekday
482,2027-04-27,482,16,Tuesday,April,2027,2027-Apr,27,117,18,2027-W18,2027-04-25,18,2027-W18,2027-04-26,Non-Holiday,Weekday
483,2027-04-28,483,16,Wednesday,April,2027,2027-Apr,28,118,18,2027-W18,2027-04-25,18,2027-W18,2027-04-26,Non-Holiday,Weekday
484,2027-04-29,484,16,Thursday,April,2027,2027-Apr,29,119,18,2027-W18,2027-04-25,18,2027-W18,2027-04-26,Non-Holiday,Weekday
485,2027-04-30,485,16,Friday,April,2027,2027-Apr,30,120,18,2027-W18,2027-04-25,18,2027-W18,2027-04-26,Non-Holiday,Weekday
486,2027-05-01,486,17,Saturday,May,2027,2027-May,1,121,18,2027-W18,2027-04-25,18,2027-W18,2027-04-26,Non-Holiday,Weekend
487,2027-05-02,487,17,Sunday,May,2027,2027-May,2,122,19,2027-W19,2027-04-25,18,2027-W18,2027-04-26,Non-Holiday,Weekend
488,2027-05-03,488,17,Monday,May,2027,2027-May,3,123,19,2027-W19,2027-05-02,19,2027-W19,2027-05-03,Non-Holiday,Weekday
489,2027-05-04,489,17,Tuesday,May,2027,2027-May,4,124,19,2027-W19,2027-05-02,19,2027-W19,2027-05-03,Non-Holiday,Weekday
490,2027-05-05,490,17,Wednesday,May,2027,2027-May,5,125,19,2027-W19,2027-05-02,19,2027-W19,2027-05-03,Non-Holiday,Weekday
491,2027-05-06,491,17,Thursday,May,2027,2027-May,6,126,19,2027-W19,2027-05-02,19,2027-W19,2027-05-03,Non-Holiday,Weekday
492,2027-05-07,492,17,Friday,May,2027,2027-May,7,127,19,2027-W19,2027-05-02,19,2027-W19,2027-05-03,Non-Holiday,Weekday
493,2027-05-08,493,17,Saturday,May,2027,2027-May,8,128,19,2027-W19,2027-05-02,19,2027-W19,2027-05-03,Non-Holiday,Weekend
494,2027-05-09,494,17,Sunday,May,2027,2027-May,9,129,20,2027-W20,2027-05-02,19,2027-W19,2027-05-03,Non-Holiday,Weekend
495,2027-05-10,495,17,Monday,May,2027,2027-May,10,130,20,2027-W20,2027-05-09,20,2027-W20,2027-05-10,Non-Holiday,Weekday
496,2027-05-11,496,17,Tuesday,May,2027,2027-May,11,131,20,2027-W20,2027-05-09,20,2027-W20,2027-05-10,Non-Holiday,Weekday
497,2027-05-12,497,17,Wednesday,May,2027,2027-May,12,132,20,2027-W20,2027-05-09,20,2027-W20,2027-05-10,Non-Holiday,Weekday
498,2027-05-13,498,17,Thursday,May,2027,2027-May,13,133,20,2027-W20,2027-05-09,20,2027-W20,2027-05-10,Non-Holiday,Weekday
499,2027-05-14,499,17,Friday,May,2027,2027-May,14,134,20,2027-W20,2027-05-09,20,2027-W20,2027-05-10,Non-Holiday,Weekday
500,2027-05-15,500,17,Saturday,May,2027,2027-May,15,135,20,2027-W20,2027-05-09,20,2027-W20,2027-05-10,Non-Holiday,Weekend
501,2027-05-16,501,17,Sunday,May,2027,2027-May,16,136,21,2027-W21,2027-05-09,20,2027-W20,2027-05-10,Non-Holiday,Weekend
502,2027-05-17,502,17,Monday,May,2027,2027-May,17,137,21,2027-W21,2027-05-16,21,2027-W21,2027-05-17,Non-Holiday,Weekday
503,2027-05-18,503,17,Tuesday,May,2027,2027-May,18,138,21,2027-W21,2027-05-16,21,2027-W21,2027-05-17,Non-Holiday,Weekday
504,2027-05-19,504,17,Wednesday,May,2027,2027-May,19,139,21,2027-W21,2027-05-16,21,2027-W21,2027-05-17,Non-Holiday,Weekday
505,2027-05-20,505,17,Thursday,May,2027,2027-May,20,140,21,2027-W21,2027-05-16,21,2027-W21,2027-05-17,Non-Holiday,Weekday
506,2027-05-21,506,17,Friday,May,2027,2027-May,21,141,21,2027-W21,2027-05-16,21,2027-W21,2027-05-17,Non-Holiday,Weekday
507,2027-05-22,507,17,Saturday,May,2027,2027-May,22,142,21,2027-W21,2027-05-16,21,2027-W21,2027-05-17,Non-Holiday,Weekend
508,2027-05-23,508,17,Sunday,May,2027,2027-May,23,143,22,2027-W22,2027-05-16,21,2027-W21,2027-05-17,Non-Holiday,Weekend
509,2027-05-24,509,17,Monday,May,2027,2027-May,24,144,22,2027-W22,2027-05-23,22,2027-W22,2027-05-24,Non-Holiday,Weekday
510,2027-05-25,510,17,Tuesday,May,2027,2027-May,25,145,22,2027-W22,2027-05-23,22,2027-W22,2027-05-24,Non-Holiday,Weekday
511,2027-05-26,511,17,Wednesday,May,2027,2027-May,26,146,22,2027-W22,2027-05-23,22,2027-W22,2027-05-24,Non-Holiday,Weekday
512,2027-05-27,512,17,Thursday,May,2027,2027-May,27,147,22,2027-W22,2027-05-23,22,2027-W22,2027-05-24,Non-Holiday,Weekday
513,2027-05-28,513,17,Friday,May,2027,2027-May,28,148,22,2027-W22,2027-05-23,22,2027-W22,2027-05-24,Non-Holiday,Weekday
514,2027-05-29,514,17,Saturday,May,2027,2027-May,29,149,22,2027-W22,2027-05-23,22,2027-W22,2027-05-24,Non-Holiday,Weekend
515,2027-05-30,515,17,Sunday,May,2027,2027-May,30,150,23,2027-W23,2027-05-23,22,2027-W22,2027-05-24,Non-Holiday,Weekend
516,2027-05-31,516,17,Monday,May,2027,2027-May,31,151,23,2027-W23,2027-05-30,23,2027-W23,2027-05-31,Non-Holiday,Weekday
517,2027-06-01,517,18,Tuesday,June,2027,2027-Jun,1,152,23,2027-W23,2027-05-30,23,2027-W23,2027-05-31,Non-Holiday,Weekday
518,2027-06-02,518,18,Wednesday,June,2027,2027-Jun,2,153,23,2027-W23,2027-05-30,23,2027-W23,2027-05-31,Non-Holiday,Weekday
519,2027-06-03,519,18,Thursday,June,2027,2027-Jun,3,154,23,2027-W23,2027-05-30,23,2027-W23,2027-05-31,Non-Holiday,Weekday
520,2027-06-04,520,18,Friday,June,2027,2027-Jun,4,155,23,2027-W23,2027-05-30,23,2027-W23,2027-05-31,Non-Holiday,Weekday
521,2027-06-05,521,18,Saturday,June,2027,2027-Jun,5,156,23,2027-W23,2027-05-30,23,2027-W23,2027-05-31,Non-Holiday,Weekend
522,2027-06-06,522,18,Sunday,June,2027,2027-Jun,6,157,24,2027-W24,2027-05-30,23,2027-W23,2027-05-31,Non-Holiday,Weekend
523,2027-06-07,523,18,Monday,June,2027,2027-Jun,7,158,24,2027-W24,2027-06-06,24,2027-W24,2027-06-07,Non-Holiday,Weekday
524,2027-06-08,524,18,Tuesday,June,2027,2027-Jun,8,159,24,2027-W24,2027-06-06,24,2027-W24,2027-06-07,Non-Holiday,Weekday
525,2027-06-09,525,18,Wednesday,June,2027,2027-Jun,9,160,24,2027-W24,2027-06-06,24,2027-W24,2027-06-07,Non-Holiday,Weekday
526,2027-06-10,526,18,Thursday,June,2027,2027-Jun,10,161,24,2027-W24,2027-06-06,24,2027-W24,2027-06-07,Non-Holiday,Weekday
527,2027-06-11,527,18,Friday,June,2027,2027-Jun,11,162,24,2027-W24,2027-06-06,24,2027-W24,2027-06-07,Non-Holiday,Weekday
528,2027-06-12,528,18,Saturday,June,2027,2027-Jun,12,163,24,2027-W24,2027-06-06,24,2027-W24,2027-06-07,Non-Holiday,Weekend
529,2027-06-13,529,18,Sunday,June,2027,2027-Jun,13,164,25,2027-W25,2027-06-06,24,2027-W24,2027-06-07,Non-Holiday,Weekend
530,2027-06-14,530,18,Monday,June,2027,2027-Jun,14,165,25,2027-W25,2027-06-13,25,2027-W25,2027-06-14,Non-Holiday,Weekday
531,2027-06-15,531,18,Tuesday,June,2027,2027-Jun,15,166,25,2027-W25,2027-06-13,25,2027-W25,2027-06-14,Non-Holiday,Weekday
532,2027-06-16,532,18,Wednesday,June,2027,2027-Jun,16,167,25,2027-W25,2027-06-13,25,2027-W25,2027-06-14,Non-Holiday,Weekday
533,2027-06-17,533,18,Thursday,June,2027,2027-Jun,17,168,25,2027-W25,2027-06-13,25,2027-W25,2027-06-14,Non-Holiday,Weekday
534,2027-06-18,534,18,Friday,June,2027,2027-Jun,18,169,25,2027-W25,2027-06-13,25,2027-W25,2027-06-14,Non-Holiday,Weekday
535,2027-06-19,535,18,Saturday,June,2027,2027-Jun,19,170,25,2027-W25,2027-06-13,25,2027-W25,2027-06-14,Non-Holiday,Weekend
536,2027-06-20,536,18,Sunday,June,2027,2027-Jun,20,171,26,2027-W26,2027-06-13,25,2027-W25,2027-06-14,Non-Holiday,Weekend
537,2027-06-21,537,18,Monday,June,2027,2027-Jun,21,172,26,2027-W26,2027-06-20,26,2027-W26,2027-06-21,Non-Holiday,Weekday
538,2027-06-22,538,18,Tuesday,June,2027,2027-Jun,22,173,26,2027-W26,2027-06-20,26,2027-W26,2027-06-21,Non-Holiday,Weekday
539,2027-06-23,539,18,Wednesday,June,2027,2027-Jun,23,174,26,2027-W26,2027-06-20,26,2027-W26,2027-06-21,Non-Holiday,Weekday
540,2027-06-24,540,18,Thursday,June,2027,2027-Jun,24,175,26,2027-W26,2027-06-20,26,2027-W26,2027-06-21,Non-Holiday,Weekday
541,2027-06-25,541,18,Friday,June,2027,2027-Jun,25,176,26,2027-W26,2027-06-20,26,2027-W26,2027-06-21,Non-Holiday,Weekday
542,2027-06-26,542,18,Saturday,June,2027,2027-Jun,26,177,26,2027-W26,2027-06-20,26,2027-W26,2027-06-21,Non-Holiday,Weekend
543,2027-06-27,543,18,Sunday,June,2027,2027-Jun,27,178,27,2027-W27,2027-06-20,26,2027-W26,2027-06-21,Non-Holiday,Weekend
544,2027-06-28,544,18,Monday,June,2027,2027-Jun,28,179,27,2027-W27,2027-06-27,27,2027-W27,2027-06-28,Non-Holiday,Weekday
545,2027-06-29,545,18,Tuesday,June,2027,2027-Jun,29,180,27,2027-W27,2027-06-27,27,2027-W27,2027-06-28,Non-Holiday,Weekday
546,2027-06-30,546,18,Wednesday,June,2027,2027-Jun,30,181,27,2027-W27,2027-06-27,27,2027-W27,2027-06-28,Non-Holiday,Weekday
547,2027-07-01,547,19,Thursday,July,2027,2027-Jul,1,182,27,2027-W27,2027-06-27,27,2027-W27,2027-06-28,Non-Holiday,Weekday
548,2027-07-02,548,19,Friday,July,2027,2027-Jul,2,183,27,2027-W27,2027-06-27,27,2027-W27,2027-06-28,Non-Holiday,Weekday
549,2027-07-03,549,19,Saturday,July,2027,2027-Jul,3,184,27,2027-W27,2027-06-27,27,2027-W27,2027-06-28,Non-Holiday,Weekend
550,2027-07-04,550,19,Sunday,July,2027,2027-Jul,4,185,28,2027-W28,2027-06-27,27,2027-W27,2027-06-28,Non-Holiday,Weekend
551,2027-07-05,551,19,Monday,July,2027,2027-Jul,5,186,28,2027-W28,2027-07-04,28,2027-W28,2027-07-05,Non-Holiday,Weekday
552,2027-07-06,552,19,Tuesday,July,2027,2027-Jul,6,187,28,2027-W28,2027-07-04,28,2027-W28,2027-07-05,Non-Holiday,Weekday
553,2027-07-07,553,19,Wednesday,July,2027,2027-Jul,7,188,28,2027-W28,2027-07-04,28,2027-W28,2027-07-05,Non-Holiday,Weekday
554,2027-07-08,554,19,Thursday,July,2027,2027-Jul,8,189,28,2027-W28,2027-07-04,28,2027-W28,2027-07-05,Non-Holiday,Weekday
555,2027-07-09,555,19,Friday,July,2027,2027-Jul,9,190,28,2027-W28,2027-07-04,28,2027-W28,2027-07-05,Non-Holiday,Weekday
556,2027-07-10,556,19,Saturday,July,2027,2027-Jul,10,191,28,2027-W28,2027-07-04,28,2027-W28,2027-07-05,Non-Holiday,Weekend
557,2027-07-11,557,19,Sunday,July,2027,2027-Jul,11,192,29,2027-W29,2027-07-04,28,2027-W28,2027-07-05,Non-Holiday,Weekend
558,2027-07-12,558,19,Monday,July,2027,2027-Jul,12,193,29,2027-W29,2027-07-11,29,2027-W29,2027-07-12,Non-Holiday,Weekday
559,2027-07-13,559,19,Tuesday,July,2027,2027-Jul,13,194,29,2027-W29,2027-07-11,29,2027-W29,2027-07-12,Non-Holiday,Weekday
560,2027-07-14,560,19,Wednesday,July,2027,2027-Jul,14,195,29,2027-W29,2027-07-11,29,2027-W29,2027-07-12,Non-Holiday,Weekday
561,2027-07-15,561,19,Thursday,July,2027,2027-Jul,15,196,29,2027-W29,2027-07-11,29,2027-W29,2027-07-12,Non-Holiday,Weekday
562,2027-07-16,562,19,Friday,July,2027,2027-Jul,16,197,29,2027-W29,2027-07-11,29,2027-W29,2027-07-12,Non-Holiday,Weekday
563,2027-07-17,563,19,Saturday,July,2027,2027-Jul,17,198,29,2027-W29,2027-07-11,29,2027-W29,2027-07-12,Non-Holiday,Weekend
564,2027-07-18,564,19,Sunday,July,2027,2027-Jul,18,199,30,2027-W30,2027-07-11,29,2027-W29,2027-07-12,Non-Holiday,Weekend
565,2027-07-19,565,19,Monday,July,2027,2027-Jul,19,200,30,2027-W30,2027-07-18,30,2027-W30,2027-07-19,Non-Holiday,Weekday
566,2027-07-20,566,19,Tuesday,July,2027,2027-Jul,20,201,30,2027-W30,2027-07-18,30,2027-W30,2027-07-19,Non-Holiday,Weekday
567,2027-07-21,567,19,Wednesday,July,2027,2027-Jul,21,202,30,2027-W30,2027-07-18,30,2027-W30,2027-07-19,Non-Holiday,Weekday
568,2027-07-22,568,19,Thursday,July,2027,2027-Jul,22,203,30,2027-W30,2027-07-18,30,2027-W30,2027-07-19,Non-Holiday,Weekday
569,2027-07-23,569,19,Friday,July,2027,2027-Jul,23,204,30,2027-W30,2027-07-18,30,2027-W30,2027-07-19,Non-Holiday,Weekday
570,2027-07-24,570,19,Saturday,July,2027,2027-Jul,24,205,30,2027-W30,2027-07-18,30,2027-W30,2027-07-19,Non-Holiday,Weekend
571,2027-07-25,571,19,Sunday,July,2027,2027-Jul,25,206,31,2027-W31,2027-07-18,30,2027-W30,2027-07-19,Non-Holiday,Weekend
572,2027-07-26,572,19,Monday,July,2027,2027-Jul,26,207,31,2027-W31,2027-07-25,31,2027-W31,2027-07-26,Non-Holiday,Weekday
573,2027-07-27,573,19,Tuesday,July,2027,2027-Jul,27,208,31,2027-W31,2027-07-25,31,2027-W31,2027-07-26,Non-Holiday,Weekday
574,2027-07-28,574,19,Wednesday,July,2027,2027-Jul,28,209,31,2027-W31,2027-07-25,31,2027-W31,2027-07-26,Non-Holiday,Weekday
575,2027-07-29,575,19,Thursday,July,2027,2027-Jul,29,210,31,2027-W31,2027-07-25,31,2027-W31,2027-07-26,Non-Holiday,Weekday
576,2027-07-30,576,19,Friday,July,2027,2027-Jul,30,211,31,2027-W31,2027-07-25,31,2027-W31,2027-07-26,Non-Holiday,Weekday
577,2027-07-31,577,19,Saturday,July,2027,2027-Jul,31,212,31,2027-W31,2027-07-25,31,2027-W31,2027-07-26,Non-Holiday,Weekend
578,2027-08-01,578,20,Sunday,August,2027,2027-Aug,1,213,32,2027-W32,2027-07-25,31,2027-W31,2027-07-26,Non-Holiday,Weekend
579,2027-08-02,579,20,Monday,August,2027,2027-Aug,2,214,32,2027-W32,2027-08-01,32,2027-W32,2027-08-02,Non-Holiday,Weekday
580,2027-08-03,580,20,Tuesday,August,2027,2027-Aug,3,215,32,2027-W32,2027-08-01,32,2027-W32,2027-08-02,Non-Holiday,Weekday
581,2027-08-04,581,20,Wednesday,August,2027,2027-Aug,4,216,32,2027-W32,2027-08-01,32,2027-W32,2027-08-02,Non-Holiday,Weekday
582,2027-08-05,582,20,Thursday,August,2027,2027-Aug,5,217,32,2027-W32,2027-08-01,32,2027-W32,2027-08-02,Non-Holiday,Weekday
583,2027-08-06,583,20,Friday,August,2027,2027-Aug,6,218,32,2027-W32,2027-08-01,32,2027-W32,2027-08-02,Non-Holiday,Weekday
584,2027-08-07,584,20,Saturday,August,2027,2027-Aug,7,219,32,2027-W32,2027-08-01,32,2027-W32,2027-08-02,Non-Holiday,Weekend
585,2027-08-08,585,20,Sunday,August,2027,2027-Aug,8,220,33,2027-W33,2027-08-01,32,2027-W32,2027-08-02,Non-Holiday,Weekend
586,2027-08-09,586,20,Monday,August,2027,2027-Aug,9,221,33,2027-W33,2027-08-08,33,2027-W33,2027-08-09,Non-Holiday,Weekday
587,2027-08-10,587,20,Tuesday,August,2027,2027-Aug,10,222,33,2027-W33,2027-08-08,33,2027-W33,2027-08-09,Non-Holiday,Weekday
588,2027-08-11,588,20,Wednesday,August,2027,2027-Aug,11,223,33,2027-W33,2027-08-08,33,2027-W33,2027-08-09,Non-Holiday,Weekday
589,2027-08-12,589,20,Thursday,August,2027,2027-Aug,12,224,33,2027-W33,2027-08-08,33,2027-W33,2027-08-09,Non-Holiday,Weekday
590,2027-08-13,590,20,Friday,August,2027,2027-Aug,13,225,33,2027-W33,2027-08-08,33,2027-W33,2027-08-09,Non-Holiday,Weekday
591,2027-08-14,591,20,Saturday,August,2027,2027-Aug,14,226,33,2027-W33,2027-08-08,33,2027-W33,2027-08-09,Non-Holiday,Weekend
592,2027-08-15,592,20,Sunday,August,2027,2027-Aug,15,227,34,2027-W34,2027-08-08,33,2027-W33,2027-08-09,Non-Holiday,Weekend
593,2027-08-16,593,20,Monday,August,2027,2027-Aug,16,228,34,2027-W34,2027-08-15,34,2027-W34,2027-08-16,Non-Holiday,Weekday
594,2027-08-17,594,20,Tuesday,August,2027,2027-Aug,17,229,34,2027-W34,2027-08-15,34,2027-W34,2027-08-16,Non-Holiday,Weekday
595,2027-08-18,595,20,Wednesday,August,2027,2027-Aug,18,230,34,2027-W34,2027-08-15,34,2027-W34,2027-08-16,Non-Holiday,Weekday
596,2027-08-19,596,20,Thursday,August,2027,2027-Aug,19,231,34,2027-W34,2027-08-15,34,2027-W34,2027-08-16,Non-Holiday,Weekday
597,2027-08-20,597,20,Friday,August,2027,2027-Aug,20,232,34,2027-W34,2027-08-15,34,2027-W34,2027-08-16,Non-Holiday,Weekday
598,2027-08-21,598,20,Saturday,August,2027,2027-Aug,21,233,34,2027-W34,2027-08-15,34,2027-W34,2027-08-16,Non-Holiday,Weekend
599,2027-08-22,599,20,Sunday,August,2027,2027-Aug,22,234,35,2027-W35,2027-08-15,34,2027-W34,2027-08-16,Non-Holiday,Weekend
600,2027-08-23,600,20,Monday,August,2027,2027-Aug,23,235,35,2027-W35,2027-08-22,35,2027-W35,2027-08-23,Non-Holiday,Weekday
601,2027-08-24,601,20,Tuesday,August,2027,2027-Aug,24,236,35,2027-W35,2027-08-22,35,2027-W35,2027-08-23,Non-Holiday,Weekday
602,2027-08-25,602,20,Wednesday,August,2027,2027-Aug,25,237,35,2027-W35,2027-08-22,35,2027-W35,2027-08-23,Non-Holiday,Weekday
603,2027-08-26,603,20,Thursday,August,2027,2027-Aug,26,238,35,2027-W35,2027-08-22,35,2027-W35,2027-08-23,Non-Holiday,Weekday
604,2027-08-27,604,20,Friday,August,2027,2027-Aug,27,239,35,2027-W35,2027-08-22,35,2027-W35,2027-08-23,Non-Holiday,Weekday
605,2027-08-28,605,20,Saturday,August,2027,2027-Aug,28,240,35,2027-W35,2027-08-22,35,2027-W35,2027-08-23,Non-Holiday,Weekend
606,2027-08-29,606,20,Sunday,August,2027,2027-Aug,29,241,36,2027-W36,2027-08-22,35,2027-W35,2027-08-23,Non-Holiday,Weekend
607,2027-08-30,607,20,Monday,August,2027,2027-Aug,30,242,36,2027-W36,2027-08-29,36,2027-W36,2027-08-30,Non-Holiday,Weekday
608,2027-08-31,608,20,Tuesday,August,2027,2027-Aug,31,243,36,2027-W36,2027-08-29,36,2027-W36,2027-08-30,Non-Holiday,Weekday
609,2027-09-01,609,21,Wednesday,September,2027,2027-Sep,1,244,36,2027-W36,2027-08-29,36,2027-W36,2027-08-30,Non-Holiday,Weekday
610,2027-09-02,610,21,Thursday,September,2027,2027-Sep,2,245,36,2027-W36,2027-08-29,36,2027-W36,2027-08-30,Non-Holiday,Weekday
611,2027-09-03,611,21,Friday,September,2027,2027-Sep,3,246,36,2027-W36,2027-08-29,36,2027-W36,2027-08-30,Non-Holiday,Weekday
612,2027-09-04,612,21,Saturday,September,2027,2027-Sep,4,247,36,2027-W36,2027-08-29,36,2027-W36,2027-08-30,Non-Holiday,Weekend
613,2027-09-05,613,21,Sunday,September,2027,2027-Sep,5,248,37,2027-W37,2027-08-29,36,2027-W36,2027-08-30,Non-Holiday,Weekend
614,2027-09-06,614,21,Monday,September,2027,2027-Sep,6,249,37,2027-W37,2027-09-05,37,2027-W37,2027-09-06,Non-Holiday,Weekday
615,2027-09-07,615,21,Tuesday,September,2027,2027-Sep,7,250,37,2027-W37,2027-09-05,37,2027-W37,2027-09-06,Non-Holiday,Weekday
616,2027-09-08,616,21,Wednesday,September,2027,2027-Sep,8,251,37,2027-W37,2027-09-05,37,2027-W37,2027-09-06,Non-Holiday,Weekday
617,2027-09-09,617,21,Thursday,September,2027,2027-Sep,9,252,37,2027-W37,2027-09-05,37,2027-W37,2027-09-06,Non-Holiday,Weekday
618,2027-09-10,618,21,Friday,September,2027,2027-Sep,10,253,37,2027-W37,2027-09-05,37,2027-W37,2027-09-06,Non-Holiday,Weekday
619,2027-09-11,619,21,Saturday,September,2027,2027-Sep,11,254,37,2027-W37,2027-09-05,37,2027-W37,2027-09-06,Non-Holiday,Weekend
620,2027-09-12,620,21,Sunday,September,2027,2027-Sep,12,255,38,2027-W38,2027-09-05,37,2027-W37,2027-09-06,Non-Holiday,Weekend
621,2027-09-13,621,21,Monday,September,2027,2027-Sep,13,256,38,2027-W38,2027-09-12,38,2027-W38,2027-09-13,Non-Holiday,Weekday
622,2027-09-14,622,21,Tuesday,September,2027,2027-Sep,14,257,38,2027-W38,2027-09-12,38,2027-W38,2027-09-13,Non-Holiday,Weekday
623,2027-09-15,623,21,Wednesday,September,2027,2027-Sep,15,258,38,2027-W38,2027-09-12,38,2027-W38,2027-09-13,Non-Holiday,Weekday
624,2027-09-16,624,21,Thursday,September,2027,2027-Sep,16,259,38,2027-W38,2027-09-12,38,2027-W38,2027-09-13,Non-Holiday,Weekday
625,2027-09-17,625,21,Friday,September,2027,2027-Sep,17,260,38,2027-W38,2027-09-12,38,2027-W38,2027-09-13,Non-Holiday,Weekday
626,2027-09-18,626,21,Saturday,September,2027,2027-Sep,18,261,38,2027-W38,2027-09-12,38,2027-W38,2027-09-13,Non-Holiday,Weekend
627,2027-09-19,627,21,Sunday,September,2027,2027-Sep,19,262,39,2027-W39,2027-09-12,38,2027-W38,2027-09-13,Non-Holiday,Weekend
628,2027-09-20,628,21,Monday,September,2027,2027-Sep,20,263,39,2027-W39,2027-09-19,39,2027-W39,2027-09-20,Non-Holiday,Weekday
629,2027-09-21,629,21,Tuesday,September,2027,2027-Sep,21,264,39,2027-W39,2027-09-19,39,2027-W39,2027-09-20,Non-Holiday,Weekday
630,2027-09-22,630,21,Wednesday,September,2027,2027-Sep,22,265,39,2027-W39,2027-09-19,39,2027-W39,2027-09-20,Non-Holiday,Weekday
631,2027-09-23,631,21,Thursday,September,2027,2027-Sep,23,266,39,2027-W39,2027-09-19,39,2027-W39,2027-09-20,Non-Holiday,Weekday
632,2027-09-24,632,21,Friday,September,2027,2027-Sep,24,267,39,2027-W39,2027-09-19,39,2027-W39,2027-09-20,Non-Holiday,Weekday
633,2027-09-25,633,21,Saturday,September,2027,2027-Sep,25,268,39,2027-W39,2027-09-19,39,2027-W39,2027-09-20,Non-Holiday,Weekend
634,2027-09-26,634,21,Sunday,September,2027,2027-Sep,26,269,40,2027-W40,2027-09-19,39,2027-W39,2027-09-20,Non-Holiday,Weekend
635,2027-09-27,635,21,Monday,September,2027,2027-Sep,27,270,40,2027-W40,2027-09-26,40,2027-W40,2027-09-27,Non-Holiday,Weekday
636,2027-09-28,636,21,Tuesday,September,2027,2027-Sep,28,271,40,2027-W40,2027-09-26,40,2027-W40,2027-09-27,Non-Holiday,Weekday
637,2027-09-29,637,21,Wednesday,September,2027,2027-Sep,29,272,40,2027-W40,2027-09-26,40,2027-W40,2027-09-27,Non-Holiday,Weekday
638,2027-09-30,638,21,Thursday,September,2027,2027-Sep,30,273,40,2027-W40,2027-09-26,40,2027-W40,2027-09-27,Non-Holiday,Weekday
639,2027-10-01,639,22,Friday,October,2027,2027-Oct,1,274,40,2027-W40,2027-09-26,40,2027-W40,2027-09-27,Non-Holiday,Weekday
640,2027-10-02,640,22,Saturday,October,2027,2027-Oct,2,275,40,2027-W40,2027-09-26,40,2027-W40,2027-09-27,Non-Holiday,Weekend
641,2027-10-03,641,22,Sunday,October,2027,2027-Oct,3,276,41,2027-W41,2027-09-26,40,2027-W40,2027-09-27,Non-Holiday,Weekend
642,2027-10-04,642,22,Monday,October,2027,2027-Oct,4,277,41,2027-W41,2027-10-03,41,2027-W41,2027-10-04,Non-Holiday,Weekday
643,2027-10-05,643,22,Tuesday,October,2027,2027-Oct,5,278,41,2027-W41,2027-10-03,41,2027-W41,2027-10-04,Non-Holiday,Weekday
644,2027-10-06,644,22,Wednesday,October,2027,2027-Oct,6,279,41,2027-W41,2027-10-03,41,2027-W41,2027-10-04,Non-Holiday,Weekday
645,2027-10-07,645,22,Thursday,October,2027,2027-Oct,7,280,41,2027-W41,2027-10-03,41,2027-W41,2027-10-04,Non-Holiday,Weekday
646,2027-10-08,646,22,Friday,October,2027,2027-Oct,8,281,41,2027-W41,2027-10-03,41,2027-W41,2027-10-04,Non-Holiday,Weekday
647,2027-10-09,647,22,Saturday,October,2027,2027-Oct,9,282,41,2027-W41,2027-10-03,41,2027-W41,2027-10-04,Non-Holiday,Weekend
648,2027-10-10,648,22,Sunday,October,2027,2027-Oct,10,283,42,2027-W42,2027-10-03,41,2027-W41,2027-10-04,Non-Holiday,Weekend
649,2027-10-11,649,22,Monday,October,2027,2027-Oct,11,284,42,2027-W42,2027-10-10,42,2027-W42,2027-10-11,Non-Holiday,Weekday
650,2027-10-12,650,22,Tuesday,October,2027,2027-Oct,12,285,42,2027-W42,2027-10-10,42,2027-W42,2027-10-11,Non-Holiday,Weekday
651,2027-10-13,651,22,Wednesday,October,2027,2027-Oct,13,286,42,2027-W42,2027-10-10,42,2027-W42,2027-10-11,Non-Holiday,Weekday
652,2027-10-14,652,22,Thursday,October,2027,2027-Oct,14,287,42,2027-W42,2027-10-10,42,2027-W42,2027-10-11,Non-Holiday,Weekday
653,2027-10-15,653,22,Friday,October,2027,2027-Oct,15,288,42,2027-W42,2027-10-10,42,2027-W42,2027-10-11,Non-Holiday,Weekday
654,2027-10-16,654,22,Saturday,October,2027,2027-Oct,16,289,42,2027-W42,2027-10-10,42,2027-W42,2027-10-11,Non-Holiday,Weekend
655,2027-10-17,655,22,Sunday,October,2027,2027-Oct,17,290,43,2027-W43,2027-10-10,42,2027-W42,2027-10-11,Non-Holiday,Weekend
656,2027-10-18,656,22,Monday,October,2027,2027-Oct,18,291,43,2027-W43,2027-10-17,43,2027-W43,2027-10-18,Non-Holiday,Weekday
657,2027-10-19,657,22,Tuesday,October,2027,2027-Oct,19,292,43,2027-W43,2027-10-17,43,2027-W43,2027-10-18,Non-Holiday,Weekday
658,2027-10-20,658,22,Wednesday,October,2027,2027-Oct,20,293,43,2027-W43,2027-10-17,43,2027-W43,2027-10-18,Non-Holiday,Weekday
659,2027-10-21,659,22,Thursday,October,2027,2027-Oct,21,294,43,2027-W43,2027-10-17,43,2027-W43,2027-10-18,Non-Holiday,Weekday
660,2027-10-22,660,22,Friday,October,2027,2027-Oct,22,295,43,2027-W43,2027-10-17,43,2027-W43,2027-10-18,Non-Holiday,Weekday
661,2027-10-23,661,22,Saturday,October,2027,2027-Oct,23,296,43,2027-W43,2027-10-17,43,2027-W43,2027-10-18,Non-Holiday,Weekend
662,2027-10-24,662,22,Sunday,October,2027,2027-Oct,24,297,44,2027-W44,2027-10-17,43,2027-W43,2027-10-18,Non-Holiday,Weekend
663,2027-10-25,663,22,Monday,October,2027,2027-Oct,25,298,44,2027-W44,2027-10-24,44,2027-W44,2027-10-25,Non-Holiday,Weekday
664,2027-10-26,664,22,Tuesday,October,2027,2027-Oct,26,299,44,2027-W44,2027-10-24,44,2027-W44,2027-10-25,Non-Holiday,Weekday
665,2027-10-27,665,22,Wednesday,October,2027,2027-Oct,27,300,44,2027-W44,2027-10-24,44,2027-W44,2027-10-25,Non-Holiday,Weekday
666,2027-10-28,666,22,Thursday,October,2027,2027-Oct,28,301,44,2027-W44,2027-10-24,44,2027-W44,2027-10-25,Non-Holiday,Weekday
667,2027-10-29,667,22,Friday,October,2027,2027-Oct,29,302,44,2027-W44,2027-10-24,44,2027-W44,2027-10-25,Non-Holiday,Weekday
668,2027-10-30,668,22,Saturday,October,2027,2027-Oct,30,303,44,2027-W44,2027-10-24,44,2027-W44,2027-10-25,Non-Holiday,Weekend
669,2027-10-31,669,22,Sunday,October,2027,2027-Oct,31,304,45,2027-W45,2027-10-24,44,2027-W44,2027-10-25,Non-Holiday,Weekend
670,2027-11-01,670,23,Monday,November,2027,2027-Nov,1,305,45,2027-W45,2027-10-31,45,2027-W45,2027-11-01,Non-Holiday,Weekday
671,2027-11-02,671,23,Tuesday,November,2027,2027-Nov,2,306,45,2027-W45,2027-10-31,45,2027-W45,2027-11-01,Non-Holiday,Weekday
672,2027-11-03,672,23,Wednesday,November,2027,2027-Nov,3,307,45,2027-W45,2027-10-31,45,2027-W45,2027-11-01,Non-Holiday,Weekday
673,2027-11-04,673,23,Thursday,November,2027,2027-Nov,4,308,45,2027-W45,2027-10-31,45,2027-W45,2027-11-01,Non-Holiday,Weekday
674,2027-11-05,674,23,Friday,November,2027,2027-Nov,5,309,45,2027-W45,2027-10-31,45,2027-W45,2027-11-01,Non-Holiday,Weekday
675,2027-11-06,675,23,Saturday,November,2027,2027-Nov,6,310,45,2027-W45,2027-10-31,45,2027-W45,2027-11-01,Non-Holiday,Weekend
676,2027-11-07,676,23,Sunday,November,2027,2027-Nov,7,311,46,2027-W46,2027-10-31,45,2027-W45,2027-11-01,Non-Holiday,Weekend
677,2027-11-08,677,23,Monday,November,2027,2027-Nov,8,312,46,2027-W46,2027-11-07,46,2027-W46,2027-11-08,Non-Holiday,Weekday
678,2027-11-09,678,23,Tuesday,November,2027,2027-Nov,9,313,46,2027-W46,2027-11-07,46,2027-W46,2027-11-08,Non-Holiday,Weekday
679,2027-11-10,679,23,Wednesday,November,2027,2027-Nov,10,314,46,2027-W46,2027-11-07,46,2027-W46,2027-11-08,Non-Holiday,Weekday
680,2027-11-11,680,23,Thursday,November,2027,2027-Nov,11,315,46,2027-W46,2027-11-07,46,2027-W46,2027-11-08,Non-Holiday,Weekday
681,2027-11-12,681,23,Friday,November,2027,2027-Nov,12,316,46,2027-W46,2027-11-07,46,2027-W46,2027-11-08,Non-Holiday,Weekday
682,2027-11-13,682,23,Saturday,November,2027,2027-Nov,13,317,46,2027-W46,2027-11-07,46,2027-W46,2027-11-08,Non-Holiday,Weekend
683,2027-11-14,683,23,Sunday,November,2027,2027-Nov,14,318,47,2027-W47,2027-11-07,46,2027-W46,2027-11-08,Non-Holiday,Weekend
684,2027-11-15,684,23,Monday,November,2027,2027-Nov,15,319,47,2027-W47,2027-11-14,47,2027-W47,2027-11-15,Non-Holiday,Weekday
685,2027-11-16,685,23,Tuesday,November,2027,2027-Nov,16,320,47,2027-W47,2027-11-14,47,2027-W47,2027-11-15,Non-Holiday,Weekday
686,2027-11-17,686,23,Wednesday,November,2027,2027-Nov,17,321,47,2027-W47,2027-11-14,47,2027-W47,2027-11-15,Non-Holiday,Weekday
687,2027-11-18,687,23,Thursday,November,2027,2027-Nov,18,322,47,2027-W47,2027-11-14,47,2027-W47,2027-11-15,Non-Holiday,Weekday
688,2027-11-19,688,23,Friday,November,2027,2027-Nov,19,323,47,2027-W47,2027-11-14,47,2027-W47,2027-11-15,Non-Holiday,Weekday
689,2027-11-20,689,23,Saturday,November,2027,2027-Nov,20,324,47,2027-W47,2027-11-14,47,2027-W47,2027-11-15,Non-Holiday,Weekend
690,2027-11-21,690,23,Sunday,November,2027,2027-Nov,21,325,48,2027-W48,2027-11-14,47,2027-W47,2027-11-15,Non-Holiday,Weekend
691,2027-11-22,691,23,Monday,November,2027,2027-Nov,22,326,48,2027-W48,2027-11-21,48,2027-W48,2027-11-22,Non-Holiday,Weekday
692,2027-11-23,692,23,Tuesday,November,2027,2027-Nov,23,327,48,2027-W48,2027-11-21,48,2027-W48,2027-11-22,Non-Holiday,Weekday
693,2027-11-24,693,23,Wednesday,November,2027,2027-Nov,24,328,48,2027-W48,2027-11-21,48,2027-W48,2027-11-22,Non-Holiday,Weekday
694,2027-11-25,694,23,Thursday,November,2027,2027-Nov,25,329,48,2027-W48,2027-11-21,48,2027-W48,2027-11-22,Non-Holiday,Weekday
695,2027-11-26,695,23,Friday,November,2027,2027-Nov,26,330,48,2027-W48,2027-11-21,48,2027-W48,2027-11-22,Non-Holiday,Weekday
696,2027-11-27,696,23,Saturday,November,2027,2027-Nov,27,331,48,2027-W48,2027-11-21,48,2027-W48,2027-11-22,Non-Holiday,Weekend
697,2027-11-28,697,23,Sunday,November,2027,2027-Nov,28,332,49,2027-W49,2027-11-21,48,2027-W48,2027-11-22,Non-Holiday,Weekend
698,2027-11-29,698,23,Monday,November,2027,2027-Nov,29,333,49,2027-W49,2027-11-28,49,2027-W49,2027-11-29,Non-Holiday,Weekday
699,2027-11-30,699,23,Tuesday,November,2027,2027-Nov,30,334,49,2027-W49,2027-11-28,49,2027-W49,2027-11-29,Non-Holiday,Weekday
700,2027-12-01,700,24,Wednesday,December,2027,2027-Dec,1,335,49,2027-W49,2027-11-28,49,2027-W49,2027-11-29,Non-Holiday,Weekday
701,2027-12-02,701,24,Thursday,December,2027,2027-Dec,2,336,49,2027-W49,2027-11-28,49,2027-W49,2027-11-29,Non-Holiday,Weekday
702,2027-12-03,702,24,Friday,December,2027,2027-Dec,3,337,49,2027-W49,2027-11-28,49,2027-W49,2027-11-29,Non-Holiday,Weekday
703,2027-12-04,703,24,Saturday,December,2027,2027-Dec,4,338,49,2027-W49,2027-11-28,49,2027-W49,2027-11-29,Non-Holiday,Weekend
704,2027-12-05,704,24,Sunday,December,2027,2027-Dec,5,339,50,2027-W50,2027-11-28,49,2027-W49,2027-11-29,Non-Holiday,Weekend
705,2027-12-06,705,24,Monday,December,2027,2027-Dec,6,340,50,2027-W50,2027-12-05,50,2027-W50,2027-12-06,Non-Holiday,Weekday
706,2027-12-07,706,24,Tuesday,December,2027,2027-Dec,7,341,50,2027-W50,2027-12-05,50,2027-W50,2027-12-06,Non-Holiday,Weekday
707,2027-12-08,707,24,Wednesday,December,2027,2027-Dec,8,342,50,2027-W50,2027-12-05,50,2027-W50,2027-12-06,Non-Holiday,Weekday
708,2027-12-09,708,24,Thursday,December,2027,2027-Dec,9,343,50,2027-W50,2027-12-05,50,2027-W50,2027-12-06,Non-Holiday,Weekday
709,2027-12-10,709,24,Friday,December,2027,2027-Dec,10,344,50,2027-W50,2027-12-05,50,2027-W50,2027-12-06,Non-Holiday,Weekday
710,2027-12-11,710,24,Saturday,December,2027,2027-Dec,11,345,50,2027-W50,2027-12-05,50,2027-W50,2027-12-06,Non-Holiday,Weekend
711,2027-12-12,711,24,Sunday,December,2027,2027-Dec,12,346,51,2027-W51,2027-12-05,50,2027-W50,2027-12-06,Non-Holiday,Weekend
712,2027-12-13,712,24,Monday,December,2027,2027-Dec,13,347,51,2027-W51,2027-12-12,51,2027-W51,2027-12-13,Non-Holiday,Weekday
713,2027-12-14,713,24,Tuesday,December,2027,2027-Dec,14,348,51,2027-W51,2027-12-12,51,2027-W51,2027-12-13,Non-Holiday,Weekday
714,2027-12-15,714,24,Wednesday,December,2027,2027-Dec,15,349,51,2027-W51,2027-12-12,51,2027-W51,2027-12-13,Non-Holiday,Weekday
715,2027-12-16,715,24,Thursday,December,2027,2027-Dec,16,350,51,2027-W51,2027-12-12,51,2027-W51,2027-12-13,Non-Holiday,Weekday
716,2027-12-17,716,24,Friday,December,2027,2027-Dec,17,351,51,2027-W51,2027-12-12,51,2027-W51,2027-12-13,Non-Holiday,Weekday
717,2027-12-18,717,24,Saturday,December,2027,2027-Dec,18,352,51,2027-W51,2027-12-12,51,2027-W51,2027-12-13,Non-Holiday,Weekend
718,2027-12-19,718,24,Sunday,December,2027,2027-Dec,19,353,52,2027-W52,2027-12-12,51,2027-W51,2027-12-13,Non-Holiday,Weekend
719,2027-12-20,719,24,Monday,December,2027,2027-Dec,20,354,52,2027-W52,2027-12-19,52,2027-W52,2027-12-20,Non-Holiday,Weekday
720,2027-12-21,720,24,Tuesday,December,2027,2027-Dec,21,355,52,2027-W52,2027-12-19,52,2027-W52,2027-12-20,Non-Holiday,Weekday
721,2027-12-22,721,24,Wednesday,December,2027,2027-Dec,22,356,52,2027-W52,2027-12-19,52,2027-W52,2027-12-20,Non-Holiday,Weekday
722,2027-12-23,722,24,Thursday,December,2027,2027-Dec,23,357,52,2027-W52,2027-12-19,52,2027-W52,2027-12-20,Non-Holiday,Weekday
723,2027-12-24,723,24,Friday,December,2027,2027-Dec,24,358,52,2027-W52,2027-12-19,52,2027-W52,2027-12-20,Non-Holiday,Weekday
724,2027-12-25,724,24,Saturday,December,2027,2027-Dec,25,359,52,2027-W52,2027-12-19,52,2027-W52,2027-12-20,Non-Holiday,Weekend
725,2027-12-26,725,24,Sunday,December,2027,2027-Dec,26,360,53,2027-W53,2027-12-19,52,2027-W52,2027-12-20,Non-Holiday,Weekend
726,2027-12-27,726,24,Monday,December,2027,2027-Dec,27,361,53,2027-W53,2027-12-26,53,2027-W53,2027-12-27,Non-Holiday,Weekday
727,2027-12-28,727,24,Tuesday,December,2027,2027-Dec,28,362,53,2027-W53,2027-12-26,53,2027-W53,2027-12-27,Non-Holiday,Weekday
728,2027-12-29,728,24,Wednesday,December,2027,2027-Dec,29,363,53,2027-W53,2027-12-26,53,2027-W53,2027-12-27,Non-Holiday,Weekday
729,2027-12-30,729,24,Thursday,December,2027,2027-Dec,30,364,53,2027-W53,2027-12-26,53,2027-W53,2027-12-27,Non-Holiday,Weekday
730,2027-12-31,730,24,Friday,December,2027,2027-Dec,31,365,53,2027-W53,2027-12-26,53,2027-W53,2027-12-27,Non-Holiday,Weekday
731,2028-01-01,731,25,Saturday,January,2028,2028-Jan,1,1,1,2028-W01,2027-12-26,1,2028-W01,2027-12-27,Non-Holiday,Weekend
732,2028-01-02,732,25,Sunday,January,2028,2028-Jan,2,2,2,2028-W02,2027-12-26,1,2028-W01,2027-12-27,Non-Holiday,Weekend
733,2028-01-03,733,25,Monday,January,2028,2028-Jan,3,3,2,2028-W02,2028-01-02,2,2028-W02,2028-01-03,Non-Holiday,Weekday
734,2028-01-04,734,25,Tuesday,January,2028,2028-Jan,4,4,2,2028-W02,2028-01-02,2,2028-W02,2028-01-03,Non-Holiday,Weekday
735,2028-01-05,735,25,Wednesday,January,2028,2028-Jan,5,5,2,2028-W02,2028-01-02,2,2028-W02,2028-01-03,Non-Holiday,Weekday
736,2028-01-06,736,25,Thursday,January,2028,2028-Jan,6,6,2,2028-W02,2028-01-02,2,2028-W02,2028-01-03,Non-Holiday,Weekday
737,2028-01-07,737,25,Friday,January,2028,2028-Jan,7,7,2,2028-W02,2028-01-02,2,2028-W02,2028-01-03,Non-Holiday,Weekday
738,2028-01-08,738,25,Saturday,January,2028,2028-Jan,8,8,2,2028-W02,2028-01-02,2,2028-W02,2028-01-03,Non-Holiday,Weekend
739,2028-01-09,739,25,Sunday,January,2028,2028-Jan,9,9,3,2028-W03,2028-01-02,2,2028-W02,2028-01-03,Non-Holiday,Weekend
740,2028-01-10,740,25,Monday,January,2028,2028-Jan,10,10,3,2028-W03,2028-01-09,3,2028-W03,2028-01-10,Non-Holiday,Weekday
741,2028-01-11,741,25,Tuesday,January,2028,2028-Jan,11,11,3,2028-W03,2028-01-09,3,2028-W03,2028-01-10,Non-Holiday,Weekday
742,2028-01-12,742,25,Wednesday,January,2028,2028-Jan,12,12,3,2028-W03,2028-01-09,3,2028-W03,2028-01-10,Non-Holiday,Weekday
743,2028-01-13,743,25,Thursday,January,2028,2028-Jan,13,13,3,2028-W03,2028-01-09,3,2028-W03,2028-01-10,Non-Holiday,Weekday
744,2028-01-14,744,25,Friday,January,2028,2028-Jan,14,14,3,2028-W03,2028-01-09,3,2028-W03,2028-01-10,Non-Holiday,Weekday
745,2028-01-15,745,25,Saturday,January,2028,2028-Jan,15,15,3,2028-W03,2028-01-09,3,2028-W03,2028-01-10,Non-Holiday,Weekend
746,2028-01-16,746,25,Sunday,January,2028,2028-Jan,16,16,4,2028-W04,2028-01-09,3,2028-W03,2028-01-10,Non-Holiday,Weekend
747,2028-01-17,747,25,Monday,January,2028,2028-Jan,17,17,4,2028-W04,2028-01-16,4,2028-W04,2028-01-17,Non-Holiday,Weekday
748,2028-01-18,748,25,Tuesday,January,2028,2028-Jan,18,18,4,2028-W04,2028-01-16,4,2028-W04,2028-01-17,Non-Holiday,Weekday
749,2028-01-19,749,25,Wednesday,January,2028,2028-Jan,19,19,4,2028-W04,2028-01-16,4,2028-W04,2028-01-17,Non-Holiday,Weekday
750,2028-01-20,750,25,Thursday,January,2028,2028-Jan,20,20,4,2028-W04,2028-01-16,4,2028-W04,2028-01-17,Non-Holiday,Weekday
751,2028-01-21,751,25,Friday,January,2028,2028-Jan,21,21,4,2028-W04,2028-01-16,4,2028-W04,2028-01-17,Non-Holiday,Weekday
752,2028-01-22,752,25,Saturday,January,2028,2028-Jan,22,22,4,2028-W04,2028-01-16,4,2028-W04,2028-01-17,Non-Holiday,Weekend
753,2028-01-23,753,25,Sunday,January,2028,2028-Jan,23,23,5,2028-W05,2028-01-16,4,2028-W04,2028-01-17,Non-Holiday,Weekend
754,2028-01-24,754,25,Monday,January,2028,2028-Jan,24,24,5,2028-W05,2028-01-23,5,2028-W05,2028-01-24,Non-Holiday,Weekday
755,2028-01-25,755,25,Tuesday,January,2028,2028-Jan,25,25,5,2028-W05,2028-01-23,5,2028-W05,2028-01-24,Non-Holiday,Weekday
756,2028-01-26,756,25,Wednesday,January,2028,2028-Jan,26,26,5,2028-W05,2028-01-23,5,2028-W05,2028-01-24,Non-Holiday,Weekday
757,2028-01-27,757,25,Thursday,January,2028,2028-Jan,27,27,5,2028-W05,2028-01-23,5,2028-W05,2028-01-24,Non-Holiday,Weekday
758,2028-01-28,758,25,Friday,January,2028,2028-Jan,28,28,5,2028-W05,2028-01-23,5,2028-W05,2028-01-24,Non-Holiday,Weekday
759,2028-01-29,759,25,Saturday,January,2028,2028-Jan,29,29,5,2028-W05,2028-01-23,5,2028-W05,2028-01-24,Non-Holiday,Weekend
760,2028-01-30,760,25,Sunday,January,2028,2028-Jan,30,30,6,2028-W06,2028-01-23,5,2028-W05,2028-01-24,Non-Holiday,Weekend
761,2028-01-31,761,25,Monday,January,2028,2028-Jan,31,31,6,2028-W06,2028-01-30,6,2028-W06,2028-01-31,Non-Holiday,Weekday
762,2028-02-01,762,26,Tuesday,February,2028,2028-Feb,1,32,6,2028-W06,2028-01-30,6,2028-W06,2028-01-31,Non-Holiday,Weekday
763,2028-02-02,763,26,Wednesday,February,2028,2028-Feb,2,33,6,2028-W06,2028-01-30,6,2028-W06,2028-01-31,Non-Holiday,Weekday
764,2028-02-03,764,26,Thursday,February,2028,2028-Feb,3,34,6,2028-W06,2028-01-30,6,2028-W06,2028-01-31,Non-Holiday,Weekday
765,2028-02-04,765,26,Friday,February,2028,2028-Feb,4,35,6,2028-W06,2028-01-30,6,2028-W06,2028-01-31,Non-Holiday,Weekday
766,2028-02-05,766,26,Saturday,February,2028,2028-Feb,5,36,6,2028-W06,2028-01-30,6,2028-W06,2028-01-31,Non-Holiday,Weekend
767,2028-02-06,767,26,Sunday,February,2028,2028-Feb,6,37,7,2028-W07,2028-01-30,6,2028-W06,2028-01-31,Non-Holiday,Weekend
768,2028-02-07,768,26,Monday,February,2028,2028-Feb,7,38,7,2028-W07,2028-02-06,7,2028-W07,2028-02-07,Non-Holiday,Weekday
769,2028-02-08,769,26,Tuesday,February,2028,2028-Feb,8,39,7,2028-W07,2028-02-06,7,2028-W07,2028-02-07,Non-Holiday,Weekday
770,2028-02-09,770,26,Wednesday,February,2028,2028-Feb,9,40,7,2028-W07,2028-02-06,7,2028-W07,2028-02-07,Non-Holiday,Weekday
771,2028-02-10,771,26,Thursday,February,2028,2028-Feb,10,41,7,2028-W07,2028-02-06,7,2028-W07,2028-02-07,Non-Holiday,Weekday
772,2028-02-11,772,26,Friday,February,2028,2028-Feb,11,42,7,2028-W07,2028-02-06,7,2028-W07,2028-02-07,Non-Holiday,Weekday
773,2028-02-12,773,26,Saturday,February,2028,2028-Feb,12,43,7,2028-W07,2028-02-06,7,2028-W07,2028-02-07,Non-Holiday,Weekend
774,2028-02-13,774,26,Sunday,February,2028,2028-Feb,13,44,8,2028-W08,2028-02-06,7,2028-W07,2028-02-07,Non-Holiday,Weekend
775,2028-02-14,775,26,Monday,February,2028,2028-Feb,14,45,8,2028-W08,2028-02-13,8,2028-W08,2028-02-14,Non-Holiday,Weekday
776,2028-02-15,776,26,Tuesday,February,2028,2028-Feb,15,46,8,2028-W08,2028-02-13,8,2028-W08,2028-02-14,Non-Holiday,Weekday
777,2028-02-16,777,26,Wednesday,February,2028,2028-Feb,16,47,8,2028-W08,2028-02-13,8,2028-W08,2028-02-14,Non-Holiday,Weekday
778,2028-02-17,778,26,Thursday,February,2028,2028-Feb,17,48,8,2028-W08,2028-02-13,8,2028-W08,2028-02-14,Non-Holiday,Weekday
779,2028-02-18,779,26,Friday,February,2028,2028-Feb,18,49,8,2028-W08,2028-02-13,8,2028-W08,2028-02-14,Non-Holiday,Weekday
780,2028-02-19,780,26,Saturday,February,2028,2028-Feb,19,50,8,2028-W08,2028-02-13,8,2028-W08,2028-02-14,Non-Holiday,Weekend
781,2028-02-20,781,26,Sunday,February,2028,2028-Feb,20,51,9,2028-W09,2028-02-13,8,2028-W08,2028-02-14,Non-Holiday,Weekend
782,2028-02-21,782,26,Monday,February,2028,2028-Feb,21,52,9,2028-W09,2028-02-20,9,2028-W09,2028-02-21,Non-Holiday,Weekday
783,2028-02-22,783,26,Tuesday,February,2028,2028-Feb,22,53,9,2028-W09,2028-02-20,9,2028-W09,2028-02-21,Non-Holiday,Weekday
784,2028-02-23,784,26,Wednesday,February,2028,2028-Feb,23,54,9,2028-W09,2028-02-20,9,2028-W09,2028-02-21,Non-Holiday,Weekday
785,2028-02-24,785,26,Thursday,February,2028,2028-Feb,24,55,9,2028-W09,2028-02-20,9,2028-W09,2028-02-21,Non-Holiday,Weekday
786,2028-02-25,786,26,Friday,February,2028,2028-Feb,25,56,9,2028-W09,2028-02-20,9,2028-W09,2028-02-21,Non-Holiday,Weekday
787,2028-02-26,787,26,Saturday,February,2028,2028-Feb,26,57,9,2028-W09,2028-02-20,9,2028-W09,2028-02-21,Non-Holiday,Weekend
788,2028-02-27,788,26,Sunday,February,2028,2028-Feb,27,58,10,2028-W10,2028-02-20,9,2028-W09,2028-02-21,Non-Holiday,Weekend
789,2028-02-28,789,26,Monday,February,2028,2028-Feb,28,59,10,2028-W10,2028-02-27,10,2028-W10,2028-02-28,Non-Holiday,Weekday
790,2028-02-29,790,26,Tuesday,February,2028,2028-Feb,29,60,10,2028-W10,2028-02-27,10,2028-W10,2028-02-28,Non-Holiday,Weekday
791,2028-03-01,791,27,Wednesday,March,2028,2028-Mar,1,61,10,2028-W10,2028-02-27,10,2028-W10,2028-02-28,Non-Holiday,Weekday
792,2028-03-02,792,27,Thursday,March,2028,2028-Mar,2,62,10,2028-W10,2028-02-27,10,2028-W10,2028-02-28,Non-Holiday,Weekday
793,2028-03-03,793,27,Friday,March,2028,2028-Mar,3,63,10,2028-W10,2028-02-27,10,2028-W10,2028-02-28,Non-Holiday,Weekday
794,2028-03-04,794,27,Saturday,March,2028,2028-Mar,4,64,10,2028-W10,2028-02-27,10,2028-W10,2028-02-28,Non-Holiday,Weekend
795,2028-03-05,795,27,Sunday,March,2028,2028-Mar,5,65,11,2028-W11,2028-02-27,10,2028-W10,2028-02-28,Non-Holiday,Weekend
796,2028-03-06,796,27,Monday,March,2028,2028-Mar,6,66,11,2028-W11,2028-03-05,11,2028-W11,2028-03-06,Non-Holiday,Weekday
797,2028-03-07,797,27,Tuesday,March,2028,2028-Mar,7,67,11,2028-W11,2028-03-05,11,2028-W11,2028-03-06,Non-Holiday,Weekday
798,2028-03-08,798,27,Wednesday,March,2028,2028-Mar,8,68,11,2028-W11,2028-03-05,11,2028-W11,2028-03-06,Non-Holiday,Weekday
799,2028-03-09,799,27,Thursday,March,2028,2028-Mar,9,69,11,2028-W11,2028-03-05,11,2028-W11,2028-03-06,Non-Holiday,Weekday
800,2028-03-10,800,27,Friday,March,2028,2028-Mar,10,70,11,2028-W11,2028-03-05,11,2028-W11,2028-03-06,Non-Holiday,Weekday
801,2028-03-11,801,27,Saturday,March,2028,2028-Mar,11,71,11,2028-W11,2028-03-05,11,2028-W11,2028-03-06,Non-Holiday,Weekend
802,2028-03-12,802,27,Sunday,March,2028,2028-Mar,12,72,12,2028-W12,2028-03-05,11,2028-W11,2028-03-06,Non-Holiday,Weekend
803,2028-03-13,803,27,Monday,March,2028,2028-Mar,13,73,12,2028-W12,2028-03-12,12,2028-W12,2028-03-13,Non-Holiday,Weekday
804,2028-03-14,804,27,Tuesday,March,2028,2028-Mar,14,74,12,2028-W12,2028-03-12,12,2028-W12,2028-03-13,Non-Holiday,Weekday
805,2028-03-15,805,27,Wednesday,March,2028,2028-Mar,15,75,12,2028-W12,2028-03-12,12,2028-W12,2028-03-13,Non-Holiday,Weekday
806,2028-03-16,806,27,Thursday,March,2028,2028-Mar,16,76,12,2028-W12,2028-03-12,12,2028-W12,2028-03-13,Non-Holiday,Weekday
807,2028-03-17,807,27,Friday,March,2028,2028-Mar,17,77,12,2028-W12,2028-03-12,12,2028-W12,2028-03-13,Non-Holiday,Weekday
808,2028-03-18,808,27,Saturday,March,2028,2028-Mar,18,78,12,2028-W12,2028-03-12,12,2028-W12,2028-03-13,Non-Holiday,Weekend
809,2028-03-19,809,27,Sunday,March,2028,2028-Mar,19,79,13,2028-W13,2028-03-12,12,2028-W12,2028-03-13,Non-Holiday,Weekend
810,2028-03-20,810,27,Monday,March,2028,2028-Mar,20,80,13,2028-W13,2028-03-19,13,2028-W13,2028-03-20,Non-Holiday,Weekday
811,2028-03-21,811,27,Tuesday,March,2028,2028-Mar,21,81,13,2028-W13,2028-03-19,13,2028-W13,2028-03-20,Non-Holiday,Weekday
812,2028-03-22,812,27,Wednesday,March,2028,2028-Mar,22,82,13,2028-W13,2028-03-19,13,2028-W13,2028-03-20,Non-Holiday,Weekday
813,2028-03-23,813,27,Thursday,March,2028,2028-Mar,23,83,13,2028-W13,2028-03-19,13,2028-W13,2028-03-20,Non-Holiday,Weekday
814,2028-03-24,814,27,Friday,March,2028,2028-Mar,24,84,13,2028-W13,2028-03-19,13,2028-W13,2028-03-20,Non-Holiday,Weekday
815,2028-03-25,815,27,Saturday,March,2028,2028-Mar,25,85,13,2028-W13,2028-03-19,13,2028-W13,2028-03-20,Non-Holiday,Weekend
816,2028-03-26,816,27,Sunday,March,2028,2028-Mar,26,86,14,2028-W14,2028-03-19,13,2028-W13,2028-03-20,Non-Holiday,Weekend
817,2028-03-27,817,27,Monday,March,2028,2028-Mar,27,87,14,2028-W14,2028-03-26,14,2028-W14,2028-03-27,Non-Holiday,Weekday
818,2028-03-28,818,27,Tuesday,March,2028,2028-Mar,28,88,14,2028-W14,2028-03-26,14,2028-W14,2028-03-27,Non-Holiday,Weekday
819,2028-03-29,819,27,Wednesday,March,2028,2028-Mar,29,89,14,2028-W14,2028-03-26,14,2028-W14,2028-03-27,Non-Holiday,Weekday
820,2028-03-30,820,27,Thursday,March,2028,2028-Mar,30,90,14,2028-W14,2028-03-26,14,2028-W14,2028-03-27,Non-Holiday,Weekday
821,2028-03-31,821,27,Friday,March,2028,2028-Mar,31,91,14,2028-W14,2028-03-26,14,2028-W14,2028-03-27,Non-Holiday,Weekday
822,2028-04-01,822,28,Saturday,April,2028,2028-Apr,1,92,14,2028-W14,2028-03-26,14,2028-W14,2028-03-27,Non-Holiday,Weekend
823,2028-04-02,823,28,Sunday,April,2028,2028-Apr,2,93,15,2028-W15,2028-03-26,14,2028-W14,2028-03-27,Non-Holiday,Weekend
824,2028-04-03,824,28,Monday,April,2028,2028-Apr,3,94,15,2028-W15,2028-04-02,15,2028-W15,2028-04-03,Non-Holiday,Weekday
825,2028-04-04,825,28,Tuesday,April,2028,2028-Apr,4,95,15,2028-W15,2028-04-02,15,2028-W15,2028-04-03,Non-Holiday,Weekday
826,2028-04-05,826,28,Wednesday,April,2028,2028-Apr,5,96,15,2028-W15,2028-04-02,15,2028-W15,2028-04-03,Non-Holiday,Weekday
827,2028-04-06,827,28,Thursday,April,2028,2028-Apr,6,97,15,2028-W15,2028-04-02,15,2028-W15,2028-04-03,Non-Holiday,Weekday
828,2028-04-07,828,28,Friday,April,2028,2028-Apr,7,98,15,2028-W15,2028-04-02,15,2028-W15,2028-04-03,Non-Holiday,Weekday
829,2028-04-08,829,28,Saturday,April,2028,2028-Apr,8,99,15,2028-W15,2028-04-02,15,2028-W15,2028-04-03,Non-Holiday,Weekend
830,2028-04-09,830,28,Sunday,April,2028,2028-Apr,9,100,16,2028-W16,2028-04-02,15,2028-W15,2028-04-03,Non-Holiday,Weekend
831,2028-04-10,831,28,Monday,April,2028,2028-Apr,10,101,16,2028-W16,2028-04-09,16,2028-W16,2028-04-10,Non-Holiday,Weekday
832,2028-04-11,832,28,Tuesday,April,2028,2028-Apr,11,102,16,2028-W16,2028-04-09,16,2028-W16,2028-04-10,Non-Holiday,Weekday
833,2028-04-12,833,28,Wednesday,April,2028,2028-Apr,12,103,16,2028-W16,2028-04-09,16,2028-W16,2028-04-10,Non-Holiday,Weekday
834,2028-04-13,834,28,Thursday,April,2028,2028-Apr,13,104,16,2028-W16,2028-04-09,16,2028-W16,2028-04-10,Non-Holiday,Weekday
835,2028-04-14,835,28,Friday,April,2028,2028-Apr,14,105,16,2028-W16,2028-04-09,16,2028-W16,2028-04-10,Non-Holiday,Weekday
836,2028-04-15,836,28,Saturday,April,2028,2028-Apr,15,106,16,2028-W16,2028-04-09,16,2028-W16,2028-04-10,Non-Holiday,Weekend
837,2028-04-16,837,28,Sunday,April,2028,2028-Apr,16,107,17,2028-W17,2028-04-09,16,2028-W16,2028-04-10,Non-Holiday,Weekend
838,2028-04-17,838,28,Monday,April,2028,2028-Apr,17,108,17,2028-W17,2028-04-16,17,2028-W17,2028-04-17,Non-Holiday,Weekday
839,2028-04-18,839,28,Tuesday,April,2028,2028-Apr,18,109,17,2028-W17,2028-04-16,17,2028-W17,2028-04-17,Non-Holiday,Weekday
840,2028-04-19,840,28,Wednesday,April,2028,2028-Apr,19,110,17,2028-W17,2028-04-16,17,2028-W17,2028-04-17,Non-Holiday,Weekday
841,2028-04-20,841,28,Thursday,April,2028,2028-Apr,20,111,17,2028-W17,2028-04-16,17,2028-W17,2028-04-17,Non-Holiday,Weekday
842,2028-04-21,842,28,Friday,April,2028,2028-Apr,21,112,17,2028-W17,2028-04-16,17,2028-W17,2028-04-17,Non-Holiday,Weekday
843,2028-04-22,843,28,Saturday,April,2028,2028-Apr,22,113,17,2028-W17,2028-04-16,17,2028-W17,2028-04-17,Non-Holiday,Weekend
844,2028-04-23,844,28,Sunday,April,2028,2028-Apr,23,114,18,2028-W18,2028-04-16,17,2028-W17,2028-04-17,Non-Holiday,Weekend
845,2028-04-24,845,28,Monday,April,2028,2028-Apr,24,115,18,2028-W18,2028-04-23,18,2028-W18,2028-04-24,Non-Holiday,Weekday
846,2028-04-25,846,28,Tuesday,April,2028,2028-Apr,25,116,18,2028-W18,2028-04-23,18,2028-W18,2028-04-24,Non-Holiday,Weekday
847,2028-04-26,847,28,Wednesday,April,2028,2028-Apr,26,117,18,2028-W18,2028-04-23,18,2028-W18,2028-04-24,Non-Holiday,Weekday
848,2028-04-27,848,28,Thursday,April,2028,2028-Apr,27,118,18,2028-W18,2028-04-23,18,2028-W18,2028-04-24,Non-Holiday,Weekday
849,2028-04-28,849,28,Friday,April,2028,2028-Apr,28,119,18,2028-W18,2028-04-23,18,2028-W18,2028-04-24,Non-Holiday,Weekday
850,2028-04-29,850,28,Saturday,April,2028,2028-Apr,29,120,18,2028-W18,2028-04-23,18,2028-W18,2028-04-24,Non-Holiday,Weekend
851,2028-04-30,851,28,Sunday,April,2028,2028-Apr,30,121,19,2028-W19,2028-04-23,18,2028-W18,2028-04-24,Non-Holiday,Weekend
852,2028-05-01,852,29,Monday,May,2028,2028-May,1,122,19,2028-W19,2028-04-30,19,2028-W19,2028-05-01,Non-Holiday,Weekday
853,2028-05-02,853,29,Tuesday,May,2028,2028-May,2,123,19,2028-W19,2028-04-30,19,2028-W19,2028-05-01,Non-Holiday,Weekday
854,2028-05-03,854,29,Wednesday,May,2028,2028-May,3,124,19,2028-W19,2028-04-30,19,2028-W19,2028-05-01,Non-Holiday,Weekday
855,2028-05-04,855,29,Thursday,May,2028,2028-May,4,125,19,2028-W19,2028-04-30,19,2028-W19,2028-05-01,Non-Holiday,Weekday
856,2028-05-05,856,29,Friday,May,2028,2028-May,5,126,19,2028-W19,2028-04-30,19,2028-W19,2028-05-01,Non-Holiday,Weekday
857,2028-05-06,857,29,Saturday,May,2028,2028-May,6,127,19,2028-W19,2028-04-30,19,2028-W19,2028-05-01,Non-Holiday,Weekend
858,2028-05-07,858,29,Sunday,May,2028,2028-May,7,128,20,2028-W20,2028-04-30,19,2028-W19,2028-05-01,Non-Holiday,Weekend
859,2028-05-08,859,29,Monday,May,2028,2028-May,8,129,20,2028-W20,2028-05-07,20,2028-W20,2028-05-08,Non-Holiday,Weekday
860,2028-05-09,860,29,Tuesday,May,2028,2028-May,9,130,20,2028-W20,2028-05-07,20,2028-W20,2028-05-08,Non-Holiday,Weekday
861,2028-05-10,861,29,Wednesday,May,2028,2028-May,10,131,20,2028-W20,2028-05-07,20,2028-W20,2028-05-08,Non-Holiday,Weekday
862,2028-05-11,862,29,Thursday,May,2028,2028-May,11,132,20,2028-W20,2028-05-07,20,2028-W20,2028-05-08,Non-Holiday,Weekday
863,2028-05-12,863,29,Friday,May,2028,2028-May,12,133,20,2028-W20,2028-05-07,20,2028-W20,2028-05-08,Non-Holiday,Weekday
864,2028-05-13,864,29,Saturday,May,2028,2028-May,13,134,20,2028-W20,2028-05-07,20,2028-W20,2028-05-08,Non-Holiday,Weekend
865,2028-05-14,865,29,Sunday,May,2028,2028-May,14,135,21,2028-W21,2028-05-07,20,2028-W20,2028-05-08,Non-Holiday,Weekend
866,2028-05-15,866,29,Monday,May,2028,2028-May,15,136,21,2028-W21,2028-05-14,21,2028-W21,2028-05-15,Non-Holiday,Weekday
867,2028-05-16,867,29,Tuesday,May,2028,2028-May,16,137,21,2028-W21,2028-05-14,21,2028-W21,2028-05-15,Non-Holiday,Weekday
868,2028-05-17,868,29,Wednesday,May,2028,2028-May,17,138,21,2028-W21,2028-05-14,21,2028-W21,2028-05-15,Non-Holiday,Weekday
869,2028-05-18,869,29,Thursday,May,2028,2028-May,18,139,21,2028-W21,2028-05-14,21,2028-W21,2028-05-15,Non-Holiday,Weekday
870,2028-05-19,870,29,Friday,May,2028,2028-May,19,140,21,2028-W21,2028-05-14,21,2028-W21,2028-05-15,Non-Holiday,Weekday
871,2028-05-20,871,29,Saturday,May,2028,2028-May,20,141,21,2028-W21,2028-05-14,21,2028-W21,2028-05-15,Non-Holiday,Weekend
872,2028-05-21,872,29,Sunday,May,2028,2028-May,21,142,22,2028-W22,2028-05-14,21,2028-W21,2028-05-15,Non-Holiday,Weekend
873,2028-05-22,873,29,Monday,May,2028,2028-May,22,143,22,2028-W22,2028-05-21,22,2028-W22,2028-05-22,Non-Holiday,Weekday
874,2028-05-23,874,29,Tuesday,May,2028,2028-May,23,144,22,2028-W22,2028-05-21,22,2028-W22,2028-05-22,Non-Holiday,Weekday
875,2028-05-24,875,29,Wednesday,May,2028,2028-May,24,145,22,2028-W22,2028-05-21,22,2028-W22,2028-05-22,Non-Holiday,Weekday
876,2028-05-25,876,29,Thursday,May,2028,2028-May,25,146,22,2028-W22,2028-05-21,22,2028-W22,2028-05-22,Non-Holiday,Weekday
877,2028-05-26,877,29,Friday,May,2028,2028-May,26,147,22,2028-W22,2028-05-21,22,2028-W22,2028-05-22,Non-Holiday,Weekday
878,2028-05-27,878,29,Saturday,May,2028,2028-May,27,148,22,2028-W22,2028-05-21,22,2028-W22,2028-05-22,Non-Holiday,Weekend
879,2028-05-28,879,29,Sunday,May,2028,2028-May,28,149,23,2028-W23,2028-05-21,22,2028-W22,2028-05-22,Non-Holiday,Weekend
880,2028-05-29,880,29,Monday,May,2028,2028-May,29,150,23,2028-W23,2028-05-28,23,2028-W23,2028-05-29,Non-Holiday,Weekday
881,2028-05-30,881,29,Tuesday,May,2028,2028-May,30,151,23,2028-W23,2028-05-28,23,2028-W23,2028-05-29,Non-Holiday,Weekday
882,2028-05-31,882,29,Wednesday,May,2028,2028-May,31,152,23,2028-W23,2028-05-28,23,2028-W23,2028-05-29,Non-Holiday,Weekday
883,2028-06-01,883,30,Thursday,June,2028,2028-Jun,1,153,23,2028-W23,2028-05-28,23,2028-W23,2028-05-29,Non-Holiday,Weekday
884,2028-06-02,884,30,Friday,June,2028,2028-Jun,2,154,23,2028-W23,2028-05-28,23,2028-W23,2028-05-29,Non-Holiday,Weekday
885,2028-06-03,885,30,Saturday,June,2028,2028-Jun,3,155,23,2028-W23,2028-05-28,23,2028-W23,2028-05-29,Non-Holiday,Weekend
886,2028-06-04,886,30,Sunday,June,2028,2028-Jun,4,156,24,2028-W24,2028-05-28,23,2028-W23,2028-05-29,Non-Holiday,Weekend
887,2028-06-05,887,30,Monday,June,2028,2028-Jun,5,157,24,2028-W24,2028-06-04,24,2028-W24,2028-06-05,Non-Holiday,Weekday
888,2028-06-06,888,30,Tuesday,June,2028,2028-Jun,6,158,24,2028-W24,2028-06-04,24,2028-W24,2028-06-05,Non-Holiday,Weekday
889,2028-06-07,889,30,Wednesday,June,2028,2028-Jun,7,159,24,2028-W24,2028-06-04,24,2028-W24,2028-06-05,Non-Holiday,Weekday
890,2028-06-08,890,30,Thursday,June,2028,2028-Jun,8,160,24,2028-W24,2028-06-04,24,2028-W24,2028-06-05,Non-Holiday,Weekday
891,2028-06-09,891,30,Friday,June,2028,2028-Jun,9,161,24,2028-W24,2028-06-04,24,2028-W24,2028-06-05,Non-Holiday,Weekday
892,2028-06-10,892,30,Saturday,June,2028,2028-Jun,10,162,24,2028-W24,2028-06-04,24,2028-W24,2028-06-05,Non-Holiday,Weekend
893,2028-06-11,893,30,Sunday,June,2028,2028-Jun,11,163,25,2028-W25,2028-06-04,24,2028-W24,2028-06-05,Non-Holiday,Weekend
894,2028-06-12,894,30,Monday,June,2028,2028-Jun,12,164,25,2028-W25,2028-06-11,25,2028-W25,2028-06-12,Non-Holiday,Weekday
895,2028-06-13,895,30,Tuesday,June,2028,2028-Jun,13,165,25,2028-W25,2028-06-11,25,2028-W25,2028-06-12,Non-Holiday,Weekday
896,2028-06-14,896,30,Wednesday,June,2028,2028-Jun,14,166,25,2028-W25,2028-06-11,25,2028-W25,2028-06-12,Non-Holiday,Weekday
897,2028-06-15,897,30,Thursday,June,2028,2028-Jun,15,167,25,2028-W25,2028-06-11,25,2028-W25,2028-06-12,Non-Holiday,Weekday
898,2028-06-16,898,30,Friday,June,2028,2028-Jun,16,168,25,2028-W25,2028-06-11,25,2028-W25,2028-06-12,Non-Holiday,Weekday
899,2028-06-17,899,30,Saturday,June,2028,2028-Jun,17,169,25,2028-W25,2028-06-11,25,2028-W25,2028-06-12,Non-Holiday,Weekend
900,2028-06-18,900,30,Sunday,June,2028,2028-Jun,18,170,26,2028-W26,2028-06-11,25,2028-W25,2028-06-12,Non-Holiday,Weekend
901,2028-06-19,901,30,Monday,June,2028,2028-Jun,19,171,26,2028-W26,2028-06-18,26,2028-W26,2028-06-19,Non-Holiday,Weekday
902,2028-06-20,902,30,Tuesday,June,2028,2028-Jun,20,172,26,2028-W26,2028-06-18,26,2028-W26,2028-06-19,Non-Holiday,Weekday
903,2028-06-21,903,30,Wednesday,June,2028,2028-Jun,21,173,26,2028-W26,2028-06-18,26,2028-W26,2028-06-19,Non-Holiday,Weekday
904,2028-06-22,904,30,Thursday,June,2028,2028-Jun,22,174,26,2028-W26,2028-06-18,26,2028-W26,2028-06-19,Non-Holiday,Weekday
905,2028-06-23,905,30,Friday,June,2028,2028-Jun,23,175,26,2028-W26,2028-06-18,26,2028-W26,2028-06-19,Non-Holiday,Weekday
906,2028-06-24,906,30,Saturday,June,2028,2028-Jun,24,176,26,2028-W26,2028-06-18,26,2028-W26,2028-06-19,Non-Holiday,Weekend
907,2028-06-25,907,30,Sunday,June,2028,2028-Jun,25,177,27,2028-W27,2028-06-18,26,2028-W26,2028-06-19,Non-Holiday,Weekend
908,2028-06-26,908,30,Monday,June,2028,2028-Jun,26,178,27,2028-W27,2028-06-25,27,2028-W27,2028-06-26,Non-Holiday,Weekday
909,2028-06-27,909,30,Tuesday,June,2028,2028-Jun,27,179,27,2028-W27,2028-06-25,27,2028-W27,2028-06-26,Non-Holiday,Weekday
910,2028-06-28,910,30,Wednesday,June,2028,2028-Jun,28,180,27,2028-W27,2028-06-25,27,2028-W27,2028-06-26,Non-Holiday,Weekday
911,2028-06-29,911,30,Thursday,June,2028,2028-Jun,29,181,27,2028-W27,2028-06-25,27,2028-W27,2028-06-26,Non-Holiday,Weekday
912,2028-06-30,912,30,Friday,June,2028,2028-Jun,30,182,27,2028-W27,2028-06-25,27,2028-W27,2028-06-26,Non-Holiday,Weekday
913,2028-07-01,913,31,Saturday,July,2028,2028-Jul,1,183,27,2028-W27,2028-06-25,27,2028-W27,2028-06-26,Non-Holiday,Weekend
914,2028-07-02,914,31,Sunday,July,2028,2028-Jul,2,184,28,2028-W28,2028-06-25,27,2028-W27,2028-06-26,Non-Holiday,Weekend
915,2028-07-03,915,31,Monday,July,2028,2028-Jul,3,185,28,2028-W28,2028-07-02,28,2028-W28,2028-07-03,Non-Holiday,Weekday
916,2028-07-04,916,31,Tuesday,July,2028,2028-Jul,4,186,28,2028-W28,2028-07-02,28,2028-W28,2028-07-03,Non-Holiday,Weekday
917,2028-07-05,917,31,Wednesday,July,2028,2028-Jul,5,187,28,2028-W28,2028-07-02,28,2028-W28,2028-07-03,Non-Holiday,Weekday
918,2028-07-06,918,31,Thursday,July,2028,2028-Jul,6,188,28,2028-W28,2028-07-02,28,2028-W28,2028-07-03,Non-Holiday,Weekday
919,2028-07-07,919,31,Friday,July,2028,2028-Jul,7,189,28,2028-W28,2028-07-02,28,2028-W28,2028-07-03,Non-Holiday,Weekday
920,2028-07-08,920,31,Saturday,July,2028,2028-Jul,8,190,28,2028-W28,2028-07-02,28,2028-W28,2028-07-03,Non-Holiday,Weekend
921,2028-07-09,921,31,Sunday,July,2028,2028-Jul,9,191,29,2028-W29,2028-07-02,28,2028-W28,2028-07-03,Non-Holiday,Weekend
922,2028-07-10,922,31,Monday,July,2028,2028-Jul,10,192,29,2028-W29,2028-07-09,29,2028-W29,2028-07-10,Non-Holiday,Weekday
923,2028-07-11,923,31,Tuesday,July,2028,2028-Jul,11,193,29,2028-W29,2028-07-09,29,2028-W29,2028-07-10,Non-Holiday,Weekday
924,2028-07-12,924,31,Wednesday,July,2028,2028-Jul,12,194,29,2028-W29,2028-07-09,29,2028-W29,2028-07-10,Non-Holiday,Weekday
925,2028-07-13,925,31,Thursday,July,2028,2028-Jul,13,195,29,2028-W29,2028-07-09,29,2028-W29,2028-07-10,Non-Holiday,Weekday
926,2028-07-14,926,31,Friday,July,2028,2028-Jul,14,196,29,2028-W29,2028-07-09,29,2028-W29,2028-07-10,Non-Holiday,Weekday
927,2028-07-15,927,31,Saturday,July,2028,2028-Jul,15,197,29,2028-W29,2028-07-09,29,2028-W29,2028-07-10,Non-Holiday,Weekend
928,2028-07-16,928,31,Sunday,July,2028,2028-Jul,16,198,30,2028-W30,2028-07-09,29,2028-W29,2028-07-10,Non-Holiday,Weekend
929,2028-07-17,929,31,Monday,July,2028,2028-Jul,17,199,30,2028-W30,2028-07-16,30,2028-W30,2028-07-17,Non-Holiday,Weekday
930,2028-07-18,930,31,Tuesday,July,2028,2028-Jul,18,200,30,2028-W30,2028-07-16,30,2028-W30,2028-07-17,Non-Holiday,Weekday
931,2028-07-19,931,31,Wednesday,July,2028,2028-Jul,19,201,30,2028-W30,2028-07-16,30,2028-W30,2028-07-17,Non-Holiday,Weekday
932,2028-07-20,932,31,Thursday,July,2028,2028-Jul,20,202,30,2028-W30,2028-07-16,30,2028-W30,2028-07-17,Non-Holiday,Weekday
933,2028-07-21,933,31,Friday,July,2028,2028-Jul,21,203,30,2028-W30,2028-07-16,30,2028-W30,2028-07-17,Non-Holiday,Weekday
934,2028-07-22,934,31,Saturday,July,2028,2028-Jul,22,204,30,2028-W30,2028-07-16,30,2028-W30,2028-07-17,Non-Holiday,Weekend
935,2028-07-23,935,31,Sunday,July,2028,2028-Jul,23,205,31,2028-W31,2028-07-16,30,2028-W30,2028-07-17,Non-Holiday,Weekend
936,2028-07-24,936,31,Monday,July,2028,2028-Jul,24,206,31,2028-W31,2028-07-23,31,2028-W31,2028-07-24,Non-Holiday,Weekday
937,2028-07-25,937,31,Tuesday,July,2028,2028-Jul,25,207,31,2028-W31,2028-07-23,31,2028-W31,2028-07-24,Non-Holiday,Weekday
938,2028-07-26,938,31,Wednesday,July,2028,2028-Jul,26,208,31,2028-W31,2028-07-23,31,2028-W31,2028-07-24,Non-Holiday,Weekday
939,2028-07-27,939,31,Thursday,July,2028,2028-Jul,27,209,31,2028-W31,2028-07-23,31,2028-W31,2028-07-24,Non-Holiday,Weekday
940,2028-07-28,940,31,Friday,July,2028,2028-Jul,28,210,31,2028-W31,2028-07-23,31,2028-W31,2028-07-24,Non-Holiday,Weekday
941,2028-07-29,941,31,Saturday,July,2028,2028-Jul,29,211,31,2028-W31,2028-07-23,31,2028-W31,2028-07-24,Non-Holiday,Weekend
942,2028-07-30,942,31,Sunday,July,2028,2028-Jul,30,212,32,2028-W32,2028-07-23,31,2028-W31,2028-07-24,Non-Holiday,Weekend
943,2028-07-31,943,31,Monday,July,2028,2028-Jul,31,213,32,2028-W32,2028-07-30,32,2028-W32,2028-07-31,Non-Holiday,Weekday
944,2028-08-01,944,32,Tuesday,August,2028,2028-Aug,1,214,32,2028-W32,2028-07-30,32,2028-W32,2028-07-31,Non-Holiday,Weekday
945,2028-08-02,945,32,Wednesday,August,2028,2028-Aug,2,215,32,2028-W32,2028-07-30,32,2028-W32,2028-07-31,Non-Holiday,Weekday
946,2028-08-03,946,32,Thursday,August,2028,2028-Aug,3,216,32,2028-W32,2028-07-30,32,2028-W32,2028-07-31,Non-Holiday,Weekday
947,2028-08-04,947,32,Friday,August,2028,2028-Aug,4,217,32,2028-W32,2028-07-30,32,2028-W32,2028-07-31,Non-Holiday,Weekday
948,2028-08-05,948,32,Saturday,August,2028,2028-Aug,5,218,32,2028-W32,2028-07-30,32,2028-W32,2028-07-31,Non-Holiday,Weekend
949,2028-08-06,949,32,Sunday,August,2028,2028-Aug,6,219,33,2028-W33,2028-07-30,32,2028-W32,2028-07-31,Non-Holiday,Weekend
950,2028-08-07,950,32,Monday,August,2028,2028-Aug,7,220,33,2028-W33,2028-08-06,33,2028-W33,2028-08-07,Non-Holiday,Weekday
951,2028-08-08,951,32,Tuesday,August,2028,2028-Aug,8,221,33,2028-W33,2028-08-06,33,2028-W33,2028-08-07,Non-Holiday,Weekday
952,2028-08-09,952,32,Wednesday,August,2028,2028-Aug,9,222,33,2028-W33,2028-08-06,33,2028-W33,2028-08-07,Non-Holiday,Weekday
953,2028-08-10,953,32,Thursday,August,2028,2028-Aug,10,223,33,2028-W33,2028-08-06,33,2028-W33,2028-08-07,Non-Holiday,Weekday
954,2028-08-11,954,32,Friday,August,2028,2028-Aug,11,224,33,2028-W33,2028-08-06,33,2028-W33,2028-08-07,Non-Holiday,Weekday
955,2028-08-12,955,32,Saturday,August,2028,2028-Aug,12,225,33,2028-W33,2028-08-06,33,2028-W33,2028-08-07,Non-Holiday,Weekend
956,2028-08-13,956,32,Sunday,August,2028,2028-Aug,13,226,34,2028-W34,2028-08-06,33,2028-W33,2028-08-07,Non-Holiday,Weekend
957,2028-08-14,957,32,Monday,August,2028,2028-Aug,14,227,34,2028-W34,2028-08-13,34,2028-W34,2028-08-14,Non-Holiday,Weekday
958,2028-08-15,958,32,Tuesday,August,2028,2028-Aug,15,228,34,2028-W34,2028-08-13,34,2028-W34,2028-08-14,Non-Holiday,Weekday
959,2028-08-16,959,32,Wednesday,August,2028,2028-Aug,16,229,34,2028-W34,2028-08-13,34,2028-W34,2028-08-14,Non-Holiday,Weekday
960,2028-08-17,960,32,Thursday,August,2028,2028-Aug,17,230,34,2028-W34,2028-08-13,34,2028-W34,2028-08-14,Non-Holiday,Weekday
961,2028-08-18,961,32,Friday,August,2028,2028-Aug,18,231,34,2028-W34,2028-08-13,34,2028-W34,2028-08-14,Non-Holiday,Weekday
962,2028-08-19,962,32,Saturday,August,2028,2028-Aug,19,232,34,2028-W34,2028-08-13,34,2028-W34,2028-08-14,Non-Holiday,Weekend
963,2028-08-20,963,32,Sunday,August,2028,2028-Aug,20,233,35,2028-W35,2028-08-13,34,2028-W34,2028-08-14,Non-Holiday,Weekend
964,2028-08-21,964,32,Monday,August,2028,2028-Aug,21,234,35,2028-W35,2028-08-20,35,2028-W35,2028-08-21,Non-Holiday,Weekday
965,2028-08-22,965,32,Tuesday,August,2028,2028-Aug,22,235,35,2028-W35,2028-08-20,35,2028-W35,2028-08-21,Non-Holiday,Weekday
966,2028-08-23,966,32,Wednesday,August,2028,2028-Aug,23,236,35,2028-W35,2028-08-20,35,2028-W35,2028-08-21,Non-Holiday,Weekday
967,2028-08-24,967,32,Thursday,August,2028,2028-Aug,24,237,35,2028-W35,2028-08-20,35,2028-W35,2028-08-21,Non-Holiday,Weekday
968,2028-08-25,968,32,Friday,August,2028,2028-Aug,25,238,35,2028-W35,2028-08-20,35,2028-W35,2028-08-21,Non-Holiday,Weekday
969,2028-08-26,969,32,Saturday,August,2028,2028-Aug,26,239,35,2028-W35,2028-08-20,35,2028-W35,2028-08-21,Non-Holiday,Weekend
970,2028-08-27,970,32,Sunday,August,2028,2028-Aug,27,240,36,2028-W36,2028-08-20,35,2028-W35,2028-08-21,Non-Holiday,Weekend
971,2028-08-28,971,32,Monday,August,2028,2028-Aug,28,241,36,2028-W36,2028-08-27,36,2028-W36,2028-08-28,Non-Holiday,Weekday
972,2028-08-29,972,32,Tuesday,August,2028,2028-Aug,29,242,36,2028-W36,2028-08-27,36,2028-W36,2028-08-28,Non-Holiday,Weekday
973,2028-08-30,973,32,Wednesday,August,2028,2028-Aug,30,243,36,2028-W36,2028-08-27,36,2028-W36,2028-08-28,Non-Holiday,Weekday
974,2028-08-31,974,32,Thursday,August,2028,2028-Aug,31,244,36,2028-W36,2028-08-27,36,2028-W36,2028-08-28,Non-Holiday,Weekday
975,2028-09-01,975,33,Friday,September,2028,2028-Sep,1,245,36,2028-W36,2028-08-27,36,2028-W36,2028-08-28,Non-Holiday,Weekday
976,2028-09-02,976,33,Saturday,September,2028,2028-Sep,2,246,36,2028-W36,2028-08-27,36,2028-W36,2028-08-28,Non-Holiday,Weekend
977,2028-09-03,977,33,Sunday,September,2028,2028-Sep,3,247,37,2028-W37,2028-08-27,36,2028-W36,2028-08-28,Non-Holiday,Weekend
978,2028-09-04,978,33,Monday,September,2028,2028-Sep,4,248,37,2028-W37,2028-09-03,37,2028-W37,2028-09-04,Non-Holiday,Weekday
979,2028-09-05,979,33,Tuesday,September,2028,2028-Sep,5,249,37,2028-W37,2028-09-03,37,2028-W37,2028-09-04,Non-Holiday,Weekday
980,2028-09-06,980,33,Wednesday,September,2028,2028-Sep,6,250,37,2028-W37,2028-09-03,37,2028-W37,2028-09-04,Non-Holiday,Weekday
981,2028-09-07,981,33,Thursday,September,2028,2028-Sep,7,251,37,2028-W37,2028-09-03,37,2028-W37,2028-09-04,Non-Holiday,Weekday
982,2028-09-08,982,33,Friday,September,2028,2028-Sep,8,252,37,2028-W37,2028-09-03,37,2028-W37,2028-09-04,Non-Holiday,Weekday
983,2028-09-09,983,33,Saturday,September,2028,2028-Sep,9,253,37,2028-W37,2028-09-03,37,2028-W37,2028-09-04,Non-Holiday,Weekend
984,2028-09-10,984,33,Sunday,September,2028,2028-Sep,10,254,38,2028-W38,2028-09-03,37,2028-W37,2028-09-04,Non-Holiday,Weekend
985,2028-09-11,985,33,Monday,September,2028,2028-Sep,11,255,38,2028-W38,2028-09-10,38,2028-W38,2028-09-11,Non-Holiday,Weekday
986,2028-09-12,986,33,Tuesday,September,2028,2028-Sep,12,256,38,2028-W38,2028-09-10,38,2028-W38,2028-09-11,Non-Holiday,Weekday
987,2028-09-13,987,33,Wednesday,September,2028,2028-Sep,13,257,38,2028-W38,2028-09-10,38,2028-W38,2028-09-11,Non-Holiday,Weekday
988,2028-09-14,988,33,Thursday,September,2028,2028-Sep,14,258,38,2028-W38,2028-09-10,38,2028-W38,2028-09-11,Non-Holiday,Weekday
989,2028-09-15,989,33,Friday,September,2028,2028-Sep,15,259,38,2028-W38,2028-09-10,38,2028-W38,2028-09-11,Non-Holiday,Weekday
990,2028-09-16,990,33,Saturday,September,2028,2028-Sep,16,260,38,2028-W38,2028-09-10,38,2028-W38,2028-09-11,Non-Holiday,Weekend
991,2028-09-17,991,33,Sunday,September,2028,2028-Sep,17,261,39,2028-W39,2028-09-10,38,2028-W38,2028-09-11,Non-Holiday,Weekend
992,2028-09-18,992,33,Monday,September,2028,2028-Sep,18,262,39,2028-W39,2028-09-17,39,2028-W39,2028-09-18,Non-Holiday,Weekday
993,2028-09-19,993,33,Tuesday,September,2028,2028-Sep,19,263,39,2028-W39,2028-09-17,39,2028-W39,2028-09-18,Non-Holiday,Weekday
994,2028-09-20,994,33,Wednesday,September,2028,2028-Sep,20,264,39,2028-W39,2028-09-17,39,2028-W39,2028-09-18,Non-Holiday,Weekday
995,2028-09-21,995,33,Thursday,September,2028,2028-Sep,21,265,39,2028-W39,2028-09-17,39,2028-W39,2028-09-18,Non-Holiday,Weekday
996,2028-09-22,996,33,Friday,September,2028,2028-Sep,22,266,39,2028-W39,2028-09-17,39,2028-W39,2028-09-18,Non-Holiday,Weekday
997,2028-09-23,997,33,Saturday,September,2028,2028-Sep,23,267,39,2028-W39,2028-09-17,39,2028-W39,2028-09-18,Non-Holiday,Weekend
998,2028-09-24,998,33,Sunday,September,2028,2028-Sep,24,268,40,2028-W40,2028-09-17,39,2028-W39,2028-09-18,Non-Holiday,Weekend
999,2028-09-25,999,33,Monday,September,2028,2028-Sep,25,269,40,2028-W40,2028-09-24,40,2028-W40,2028-09-25,Non-Holiday,Weekday
1000,2028-09-26,1000,33,Tuesday,September,2028,2028-Sep,26,270,40,2028-W40,2028-09-24,40,2028-W40,2028-09-25,Non-Holiday,Weekday
1001,2028-09-27,1001,33,Wednesday,September,2028,2028-Sep,27,271,40,2028-W40,2028-09-24,40,2028-W40,2028-09-25,Non-Holiday,Weekday
1002,2028-09-28,1002,33,Thursday,September,2028,2028-Sep,28,272,40,2028-W40,2028-09-24,40,2028-W40,2028-09-25,Non-Holiday,Weekday
1003,2028-09-29,1003,33,Friday,September,2028,2028-Sep,29,273,40,2028-W40,2028-09-24,40,2028-W40,2028-09-25,Non-Holiday,Weekday
1004,2028-09-30,1004,33,Saturday,September,2028,2028-Sep,30,274,40,2028-W40,2028-09-24,40,2028-W40,2028-09-25,Non-Holiday,Weekend
1005,2028-10-01,1005,34,Sunday,October,2028,2028-Oct,1,275,41,2028-W41,2028-09-24,40,2028-W40,2028-09-25,Non-Holiday,Weekend
1006,2028-10-02,1006,34,Monday,October,2028,2028-Oct,2,276,41,2028-W41,2028-10-01,41,2028-W41,2028-10-02,Non-Holiday,Weekday
1007,2028-10-03,1007,34,Tuesday,October,2028,2028-Oct,3,277,41,2028-W41,2028-10-01,41,2028-W41,2028-10-02,Non-Holiday,Weekday
1008,2028-10-04,1008,34,Wednesday,October,2028,2028-Oct,4,278,41,2028-W41,2028-10-01,41,2028-W41,2028-10-02,Non-Holiday,Weekday
1009,2028-10-05,1009,34,Thursday,October,2028,2028-Oct,5,279,41,2028-W41,2028-10-01,41,2028-W41,2028-10-02,Non-Holiday,Weekday
1010,2028-10-06,1010,34,Friday,October,2028,2028-Oct,6,280,41,2028-W41,2028-10-01,41,2028-W41,2028-10-02,Non-Holiday,Weekday
1011,2028-10-07,1011,34,Saturday,October,2028,2028-Oct,7,281,41,2028-W41,2028-10-01,41,2028-W41,2028-10-02,Non-Holiday,Weekend
1012,2028-10-08,1012,34,Sunday,October,2028,2028-Oct,8,282,42,2028-W42,2028-10-01,41,2028-W41,2028-10-02,Non-Holiday,Weekend
1013,2028-10-09,1013,34,Monday,October,2028,2028-Oct,9,283,42,2028-W42,2028-10-08,42,2028-W42,2028-10-09,Non-Holiday,Weekday
1014,2028-10-10,1014,34,Tuesday,October,2028,2028-Oct,10,284,42,2028-W42,2028-10-08,42,2028-W42,2028-10-09,Non-Holiday,Weekday
1015,2028-10-11,1015,34,Wednesday,October,2028,2028-Oct,11,285,42,2028-W42,2028-10-08,42,2028-W42,2028-10-09,Non-Holiday,Weekday
1016,2028-10-12,1016,34,Thursday,October,2028,2028-Oct,12,286,42,2028-W42,2028-10-08,42,2028-W42,2028-10-09,Non-Holiday,Weekday
1017,2028-10-13,1017,34,Friday,October,2028,2028-Oct,13,287,42,2028-W42,2028-10-08,42,2028-W42,2028-10-09,Non-Holiday,Weekday
1018,2028-10-14,1018,34,Saturday,October,2028,2028-Oct,14,288,42,2028-W42,2028-10-08,42,2028-W42,2028-10-09,Non-Holiday,Weekend
1019,2028-10-15,1019,34,Sunday,October,2028,2028-Oct,15,289,43,2028-W43,2028-10-08,42,2028-W42,2028-10-09,Non-Holiday,Weekend
1020,2028-10-16,1020,34,Monday,October,2028,2028-Oct,16,290,43,2028-W43,2028-10-15,43,2028-W43,2028-10-16,Non-Holiday,Weekday
1021,2028-10-17,1021,34,Tuesday,October,2028,2028-Oct,17,291,43,2028-W43,2028-10-15,43,2028-W43,2028-10-16,Non-Holiday,Weekday
1022,2028-10-18,1022,34,Wednesday,October,2028,2028-Oct,18,292,43,2028-W43,2028-10-15,43,2028-W43,2028-10-16,Non-Holiday,Weekday
1023,2028-10-19,1023,34,Thursday,October,2028,2028-Oct,19,293,43,2028-W43,2028-10-15,43,2028-W43,2028-10-16,Non-Holiday,Weekday
1024,2028-10-20,1024,34,Friday,October,2028,2028-Oct,20,294,43,2028-W43,2028-10-15,43,2028-W43,2028-10-16,Non-Holiday,Weekday
1025,2028-10-21,1025,34,Saturday,October,2028,2028-Oct,21,295,43,2028-W43,2028-10-15,43,2028-W43,2028-10-16,Non-Holiday,Weekend
1026,2028-10-22,1026,34,Sunday,October,2028,2028-Oct,22,296,44,2028-W44,2028-10-15,43,2028-W43,2028-10-16,Non-Holiday,Weekend
1027,2028-10-23,1027,34,Monday,October,2028,2028-Oct,23,297,44,2028-W44,2028-10-22,44,2028-W44,2028-10-23,Non-Holiday,Weekday
1028,2028-10-24,1028,34,Tuesday,October,2028,2028-Oct,24,298,44,2028-W44,2028-10-22,44,2028-W44,2028-10-23,Non-Holiday,Weekday
1029,2028-10-25,1029,34,Wednesday,October,2028,2028-Oct,25,299,44,2028-W44,2028-10-22,44,2028-W44,2028-10-23,Non-Holiday,Weekday
1030,2028-10-26,1030,34,Thursday,October,2028,2028-Oct,26,300,44,2028-W44,2028-10-22,44,2028-W44,2028-10-23,Non-Holiday,Weekday
1031,2028-10-27,1031,34,Friday,October,2028,2028-Oct,27,301,44,2028-W44,2028-10-22,44,2028-W44,2028-10-23,Non-Holiday,Weekday
1032,2028-10-28,1032,34,Saturday,October,2028,2028-Oct,28,302,44,2028-W44,2028-10-22,44,2028-W44,2028-10-23,Non-Holiday,Weekend
1033,2028-10-29,1033,34,Sunday,October,2028,2028-Oct,29,303,45,2028-W45,2028-10-22,44,2028-W44,2028-10-23,Non-Holiday,Weekend
1034,2028-10-30,1034,34,Monday,October,2028,2028-Oct,30,304,45,2028-W45,2028-10-29,45,2028-W45,2028-10-30,Non-Holiday,Weekday
1035,2028-10-31,1035,34,Tuesday,October,2028,2028-Oct,31,305,45,2028-W45,2028-10-29,45,2028-W45,2028-10-30,Non-Holiday,Weekday
1036,2028-11-01,1036,35,Wednesday,November,2028,2028-Nov,1,306,45,2028-W45,2028-10-29,45,2028-W45,2028-10-30,Non-Holiday,Weekday
1037,2028-11-02,1037,35,Thursday,November,2028,2028-Nov,2,307,45,2028-W45,2028-10-29,45,2028-W45,2028-10-30,Non-Holiday,Weekday
1038,2028-11-03,1038,35,Friday,November,2028,2028-Nov,3,308,45,2028-W45,2028-10-29,45,2028-W45,2028-10-30,Non-Holiday,Weekday
1039,2028-11-04,1039,35,Saturday,November,2028,2028-Nov,4,309,45,2028-W45,2028-10-29,45,2028-W45,2028-10-30,Non-Holiday,Weekend
1040,2028-11-05,1040,35,Sunday,November,2028,2028-Nov,5,310,46,2028-W46,2028-10-29,45,2028-W45,2028-10-30,Non-Holiday,Weekend
1041,2028-11-06,1041,35,Monday,November,2028,2028-Nov,6,311,46,2028-W46,2028-11-05,46,2028-W46,2028-11-06,Non-Holiday,Weekday
1042,2028-11-07,1042,35,Tuesday,November,2028,2028-Nov,7,312,46,2028-W46,2028-11-05,46,2028-W46,2028-11-06,Non-Holiday,Weekday
1043,2028-11-08,1043,35,Wednesday,November,2028,2028-Nov,8,313,46,2028-W46,2028-11-05,46,2028-W46,2028-11-06,Non-Holiday,Weekday
1044,2028-11-09,1044,35,Thursday,November,2028,2028-Nov,9,314,46,2028-W46,2028-11-05,46,2028-W46,2028-11-06,Non-Holiday,Weekday
1045,2028-11-10,1045,35,Friday,November,2028,2028-Nov,10,315,46,2028-W46,2028-11-05,46,2028-W46,2028-11-06,Non-Holiday,Weekday
1046,2028-11-11,1046,35,Saturday,November,2028,2028-Nov,11,316,46,2028-W46,2028-11-05,46,2028-W46,2028-11-06,Non-Holiday,Weekend
1047,2028-11-12,1047,35,Sunday,November,2028,2028-Nov,12,317,47,2028-W47,2028-11-05,46,2028-W46,2028-11-06,Non-Holiday,Weekend
1048,2028-11-13,1048,35,Monday,November,2028,2028-Nov,13,318,47,2028-W47,2028-11-12,47,2028-W47,2028-11-13,Non-Holiday,Weekday
1049,2028-11-14,1049,35,Tuesday,November,2028,2028-Nov,14,319,47,2028-W47,2028-11-12,47,2028-W47,2028-11-13,Non-Holiday,Weekday
1050,2028-11-15,1050,35,Wednesday,November,2028,2028-Nov,15,320,47,2028-W47,2028-11-12,47,2028-W47,2028-11-13,Non-Holiday,Weekday
1051,2028-11-16,1051,35,Thursday,November,2028,2028-Nov,16,321,47,2028-W47,2028-11-12,47,2028-W47,2028-11-13,Non-Holiday,Weekday
1052,2028-11-17,1052,35,Friday,November,2028,2028-Nov,17,322,47,2028-W47,2028-11-12,47,2028-W47,2028-11-13,Non-Holiday,Weekday
1053,2028-11-18,1053,35,Saturday,November,2028,2028-Nov,18,323,47,2028-W47,2028-11-12,47,2028-W47,2028-11-13,Non-Holiday,Weekend
1054,2028-11-19,1054,35,Sunday,November,2028,2028-Nov,19,324,48,2028-W48,2028-11-12,47,2028-W47,2028-11-13,Non-Holiday,Weekend
1055,2028-11-20,1055,35,Monday,November,2028,2028-Nov,20,325,48,2028-W48,2028-11-19,48,2028-W48,2028-11-20,Non-Holiday,Weekday
1056,2028-11-21,1056,35,Tuesday,November,2028,2028-Nov,21,326,48,2028-W48,2028-11-19,48,2028-W48,2028-11-20,Non-Holiday,Weekday
1057,2028-11-22,1057,35,Wednesday,November,2028,2028-Nov,22,327,48,2028-W48,2028-11-19,48,2028-W48,2028-11-20,Non-Holiday,Weekday
1058,2028-11-23,1058,35,Thursday,November,2028,2028-Nov,23,328,48,2028-W48,2028-11-19,48,2028-W48,2028-11-20,Non-Holiday,Weekday
1059,2028-11-24,1059,35,Friday,November,2028,2028-Nov,24,329,48,2028-W48,2028-11-19,48,2028-W48,2028-11-20,Non-Holiday,Weekday
1060,2028-11-25,1060,35,Saturday,November,2028,2028-Nov,25,330,48,2028-W48,2028-11-19,48,2028-W48,2028-11-20,Non-Holiday,Weekend
1061,2028-11-26,1061,35,Sunday,November,2028,2028-Nov,26,331,49,2028-W49,2028-11-19,48,2028-W48,2028-11-20,Non-Holiday,Weekend
1062,2028-11-27,1062,35,Monday,November,2028,2028-Nov,27,332,49,2028-W49,2028-11-26,49,2028-W49,2028-11-27,Non-Holiday,Weekday
1063,2028-11-28,1063,35,Tuesday,November,2028,2028-Nov,28,333,49,2028-W49,2028-11-26,49,2028-W49,2028-11-27,Non-Holiday,Weekday
1064,2028-11-29,1064,35,Wednesday,November,2028,2028-Nov,29,334,49,2028-W49,2028-11-26,49,2028-W49,2028-11-27,Non-Holiday,Weekday
1065,2028-11-30,1065,35,Thursday,November,2028,2028-Nov,30,335,49,2028-W49,2028-11-26,49,2028-W49,2028-11-27,Non-Holiday,Weekday
1066,2028-12-01,1066,36,Friday,December,2028,2028-Dec,1,336,49,2028-W49,2028-11-26,49,2028-W49,2028-11-27,Non-Holiday,Weekday
1067,2028-12-02,1067,36,Saturday,December,2028,2028-Dec,2,337,49,2028-W49,2028-11-26,49,2028-W49,2028-11-27,Non-Holiday,Weekend
1068,2028-12-03,1068,36,Sunday,December,2028,2028-Dec,3,338,50,2028-W50,2028-11-26,49,2028-W49,2028-11-27,Non-Holiday,Weekend
1069,2028-12-04,1069,36,Monday,December,2028,2028-Dec,4,339,50,2028-W50,2028-12-03,50,2028-W50,2028-12-04,Non-Holiday,Weekday
1070,2028-12-05,1070,36,Tuesday,December,2028,2028-Dec,5,340,50,2028-W50,2028-12-03,50,2028-W50,2028-12-04,Non-Holiday,Weekday
1071,2028-12-06,1071,36,Wednesday,December,2028,2028-Dec,6,341,50,2028-W50,2028-12-03,50,2028-W50,2028-12-04,Non-Holiday,Weekday
1072,2028-12-07,1072,36,Thursday,December,2028,2028-Dec,7,342,50,2028-W50,2028-12-03,50,2028-W50,2028-12-04,Non-Holiday,Weekday
1073,2028-12-08,1073,36,Friday,December,2028,2028-Dec,8,343,50,2028-W50,2028-12-03,50,2028-W50,2028-12-04,Non-Holiday,Weekday
1074,2028-12-09,1074,36,Saturday,December,2028,2028-Dec,9,344,50,2028-W50,2028-12-03,50,2028-W50,2028-12-04,Non-Holiday,Weekend
1075,2028-12-10,1075,36,Sunday,December,2028,2028-Dec,10,345,51,2028-W51,2028-12-03,50,2028-W50,2028-12-04,Non-Holiday,Weekend
1076,2028-12-11,1076,36,Monday,December,2028,2028-Dec,11,346,51,2028-W51,2028-12-10,51,2028-W51,2028-12-11,Non-Holiday,Weekday
1077,2028-12-12,1077,36,Tuesday,December,2028,2028-Dec,12,347,51,2028-W51,2028-12-10,51,2028-W51,2028-12-11,Non-Holiday,Weekday
1078,2028-12-13,1078,36,Wednesday,December,2028,2028-Dec,13,348,51,2028-W51,2028-12-10,51,2028-W51,2028-12-11,Non-Holiday,Weekday
1079,2028-12-14,1079,36,Thursday,December,2028,2028-Dec,14,349,51,2028-W51,2028-12-10,51,2028-W51,2028-12-11,Non-Holiday,Weekday
1080,2028-12-15,1080,36,Friday,December,2028,2028-Dec,15,350,51,2028-W51,2028-12-10,51,2028-W51,2028-12-11,Non-Holiday,Weekday
1081,2028-12-16,1081,36,Saturday,December,2028,2028-Dec,16,351,51,2028-W51,2028-12-10,51,2028-W51,2028-12-11,Non-Holiday,Weekend
1082,2028-12-17,1082,36,Sunday,December,2028,2028-Dec,17,352,52,2028-W52,2028-12-10,51,2028-W51,2028-12-11,Non-Holiday,Weekend
1083,2028-12-18,1083,36,Monday,December,2028,2028-Dec,18,353,52,2028-W52,2028-12-17,52,2028-W52,2028-12-18,Non-Holiday,Weekday
1084,2028-12-19,1084,36,Tuesday,December,2028,2028-Dec,19,354,52,2028-W52,2028-12-17,52,2028-W52,2028-12-18,Non-Holiday,Weekday
1085,2028-12-20,1085,36,Wednesday,December,2028,2028-Dec,20,355,52,2028-W52,2028-12-17,52,2028-W52,2028-12-18,Non-Holiday,Weekday
1086,2028-12-21,1086,36,Thursday,December,2028,2028-Dec,21,356,52,2028-W52,2028-12-17,52,2028-W52,2028-12-18,Non-Holiday,Weekday
1087,2028-12-22,1087,36,Friday,December,2028,2028-Dec,22,357,52,2028-W52,2028-12-17,52,2028-W52,2028-12-18,Non-Holiday,Weekday
1088,2028-12-23,1088,36,Saturday,December,2028,2028-Dec,23,358,52,2028-W52,2028-12-17,52,2028-W52,2028-12-18,Non-Holiday,Weekend
1089,2028-12-24,1089,36,Sunday,December,2028,2028-Dec,24,359,53,2028-W53,2028-12-17,52,2028-W52,2028-12-18,Non-Holiday,Weekend
1090,2028-12-25,1090,36,Monday,December,2028,2028-Dec,25,360,53,2028-W53,2028-12-24,53,2028-W53,2028-12-25,Non-Holiday,Weekday
1091,2028-12-26,1091,36,Tuesday,December,2028,2028-Dec,26,361,53,2028-W53,2028-12-24,53,2028-W53,2028-12-25,Non-Holiday,Weekday
1092,2028-12-27,1092,36,Wednesday,December,2028,2028-Dec,27,362,53,2028-W53,2028-12-24,53,2028-W53,2028-12-25,Non-Holiday,Weekday
1093,2028-12-28,1093,36,Thursday,December,2028,2028-Dec,28,363,53,2028-W53,2028-12-24,53,2028-W53,2028-12-25,Non-Holiday,Weekday
1094,2028-12-29,1094,36,Friday,December,2028,2028-Dec,29,364,53,2028-W53,2028-12-24,53,2028-W53,2028-12-25,Non-Holiday,Weekday
1095,2028-12-30,1095,36,Saturday,December,2028,2028-Dec,30,365,53,2028-W53,2028-12-24,53,2028-W53,2028-12-25,Non-Holiday,Weekend
1096,2028-12-31,1096,36,Sunday,December,2028,2028-Dec,31,366,54,2028-W54,2028-12-24,53,2028-W53,2028-12-25,Non-Holiday,Weekend
1097,2029-01-01,1097,37,Monday,January,2029,2029-Jan,1,1,1,2029-W01,2028-12-31,2,2029-W02,2029-01-01,Non-Holiday,Weekday
1098,2029-01-02,1098,37,Tuesday,January,2029,2029-Jan,2,2,1,2029-W01,2028-12-31,2,2029-W02,2029-01-01,Non-Holiday,Weekday
1099,2029-01-03,1099,37,Wednesday,January,2029,2029-Jan,3,3,1,2029-W01,2028-12-31,2,2029-W02,2029-01-01,Non-Holiday,Weekday
1100,2029-01-04,1100,37,Thursday,January,2029,2029-Jan,4,4,1,2029-W01,2028-12-31,2,2029-W02,2029-01-01,Non-Holiday,Weekday
1101,2029-01-05,1101,37,Friday,January,2029,2029-Jan,5,5,1,2029-W01,2028-12-31,2,2029-W02,2029-01-01,Non-Holiday,Weekday
1102,2029-01-06,1102,37,Saturday,January,2029,2029-Jan,6,6,1,2029-W01,2028-12-31,2,2029-W02,2029-01-01,Non-Holiday,Weekend
1103,2029-01-07,1103,37,Sunday,January,2029,2029-Jan,7,7,2,2029-W02,2028-12-31,2,2029-W02,2029-01-01,Non-Holiday,Weekend
1104,2029-01-08,1104,37,Monday,January,2029,2029-Jan,8,8,2,2029-W02,2029-01-07,3,2029-W03,2029-01-08,Non-Holiday,Weekday
1105,2029-01-09,1105,37,Tuesday,January,2029,2029-Jan,9,9,2,2029-W02,2029-01-07,3,2029-W03,2029-01-08,Non-Holiday,Weekday
1106,2029-01-10,1106,37,Wednesday,January,2029,2029-Jan,10,10,2,2029-W02,2029-01-07,3,2029-W03,2029-01-08,Non-Holiday,Weekday
1107,2029-01-11,1107,37,Thursday,January,2029,2029-Jan,11,11,2,2029-W02,2029-01-07,3,2029-W03,2029-01-08,Non-Holiday,Weekday
1108,2029-01-12,1108,37,Friday,January,2029,2029-Jan,12,12,2,2029-W02,2029-01-07,3,2029-W03,2029-01-08,Non-Holiday,Weekday
1109,2029-01-13,1109,37,Saturday,January,2029,2029-Jan,13,13,2,2029-W02,2029-01-07,3,2029-W03,2029-01-08,Non-Holiday,Weekend
1110,2029-01-14,1110,37,Sunday,January,2029,2029-Jan,14,14,3,2029-W03,2029-01-07,3,2029-W03,2029-01-08,Non-Holiday,Weekend
1111,2029-01-15,1111,37,Monday,January,2029,2029-Jan,15,15,3,2029-W03,2029-01-14,4,2029-W04,2029-01-15,Non-Holiday,Weekday
1112,2029-01-16,1112,37,Tuesday,January,2029,2029-Jan,16,16,3,2029-W03,2029-01-14,4,2029-W04,2029-01-15,Non-Holiday,Weekday
1113,2029-01-17,1113,37,Wednesday,January,2029,2029-Jan,17,17,3,2029-W03,2029-01-14,4,2029-W04,2029-01-15,Non-Holiday,Weekday
1114,2029-01-18,1114,37,Thursday,January,2029,2029-Jan,18,18,3,2029-W03,2029-01-14,4,2029-W04,2029-01-15,Non-Holiday,Weekday
1115,2029-01-19,1115,37,Friday,January,2029,2029-Jan,19,19,3,2029-W03,2029-01-14,4,2029-W04,2029-01-15,Non-Holiday,Weekday
1116,2029-01-20,1116,37,Saturday,January,2029,2029-Jan,20,20,3,2029-W03,2029-01-14,4,2029-W04,2029-01-15,Non-Holiday,Weekend
1117,2029-01-21,1117,37,Sunday,January,2029,2029-Jan,21,21,4,2029-W04,2029-01-14,4,2029-W04,2029-01-15,Non-Holiday,Weekend
1118,2029-01-22,1118,37,Monday,January,2029,2029-Jan,22,22,4,2029-W04,2029-01-21,5,2029-W05,2029-01-22,Non-Holiday,Weekday
1119,2029-01-23,1119,37,Tuesday,January,2029,2029-Jan,23,23,4,2029-W04,2029-01-21,5,2029-W05,2029-01-22,Non-Holiday,Weekday
1120,2029-01-24,1120,37,Wednesday,January,2029,2029-Jan,24,24,4,2029-W04,2029-01-21,5,2029-W05,2029-01-22,Non-Holiday,Weekday
1121,2029-01-25,1121,37,Thursday,January,2029,2029-Jan,25,25,4,2029-W04,2029-01-21,5,2029-W05,2029-01-22,Non-Holiday,Weekday
1122,2029-01-26,1122,37,Friday,January,2029,2029-Jan,26,26,4,2029-W04,2029-01-21,5,2029-W05,2029-01-22,Non-Holiday,Weekday
1123,2029-01-27,1123,37,Saturday,January,2029,2029-Jan,27,27,4,2029-W04,2029-01-21,5,2029-W05,2029-01-22,Non-Holiday,Weekend
1124,2029-01-28,1124,37,Sunday,January,2029,2029-Jan,28,28,5,2029-W05,2029-01-21,5,2029-W05,2029-01-22,Non-Holiday,Weekend
1125,2029-01-29,1125,37,Monday,January,2029,2029-Jan,29,29,5,2029-W05,2029-01-28,6,2029-W06,2029-01-29,Non-Holiday,Weekday
1126,2029-01-30,1126,37,Tuesday,January,2029,2029-Jan,30,30,5,2029-W05,2029-01-28,6,2029-W06,2029-01-29,Non-Holiday,Weekday
1127,2029-01-31,1127,37,Wednesday,January,2029,2029-Jan,31,31,5,2029-W05,2029-01-28,6,2029-W06,2029-01-29,Non-Holiday,Weekday
1128,2029-02-01,1128,38,Thursday,February,2029,2029-Feb,1,32,5,2029-W05,2029-01-28,6,2029-W06,2029-01-29,Non-Holiday,Weekday
1129,2029-02-02,1129,38,Friday,February,2029,2029-Feb,2,33,5,2029-W05,2029-01-28,6,2029-W06,2029-01-29,Non-Holiday,Weekday
1130,2029-02-03,1130,38,Saturday,February,2029,2029-Feb,3,34,5,2029-W05,2029-01-28,6,2029-W06,2029-01-29,Non-Holiday,Weekend
1131,2029-02-04,1131,38,Sunday,February,2029,2029-Feb,4,35,6,2029-W06,2029-01-28,6,2029-W06,2029-01-29,Non-Holiday,Weekend
1132,2029-02-05,1132,38,Monday,February,2029,2029-Feb,5,36,6,2029-W06,2029-02-04,7,2029-W07,2029-02-05,Non-Holiday,Weekday
1133,2029-02-06,1133,38,Tuesday,February,2029,2029-Feb,6,37,6,2029-W06,2029-02-04,7,2029-W07,2029-02-05,Non-Holiday,Weekday
1134,2029-02-07,1134,38,Wednesday,February,2029,2029-Feb,7,38,6,2029-W06,2029-02-04,7,2029-W07,2029-02-05,Non-Holiday,Weekday
1135,2029-02-08,1135,38,Thursday,February,2029,2029-Feb,8,39,6,2029-W06,2029-02-04,7,2029-W07,2029-02-05,Non-Holiday,Weekday
1136,2029-02-09,1136,38,Friday,February,2029,2029-Feb,9,40,6,2029-W06,2029-02-04,7,2029-W07,2029-02-05,Non-Holiday,Weekday
1137,2029-02-10,1137,38,Saturday,February,2029,2029-Feb,10,41,6,2029-W06,2029-02-04,7,2029-W07,2029-02-05,Non-Holiday,Weekend
1138,2029-02-11,1138,38,Sunday,February,2029,2029-Feb,11,42,7,2029-W07,2029-02-04,7,2029-W07,2029-02-05,Non-Holiday,Weekend
1139,2029-02-12,1139,38,Monday,February,2029,2029-Feb,12,43,7,2029-W07,2029-02-11,8,2029-W08,2029-02-12,Non-Holiday,Weekday
1140,2029-02-13,1140,38,Tuesday,February,2029,2029-Feb,13,44,7,2029-W07,2029-02-11,8,2029-W08,2029-02-12,Non-Holiday,Weekday
1141,2029-02-14,1141,38,Wednesday,February,2029,2029-Feb,14,45,7,2029-W07,2029-02-11,8,2029-W08,2029-02-12,Non-Holiday,Weekday
1142,2029-02-15,1142,38,Thursday,February,2029,2029-Feb,15,46,7,2029-W07,2029-02-11,8,2029-W08,2029-02-12,Non-Holiday,Weekday
1143,2029-02-16,1143,38,Friday,February,2029,2029-Feb,16,47,7,2029-W07,2029-02-11,8,2029-W08,2029-02-12,Non-Holiday,Weekday
1144,2029-02-17,1144,38,Saturday,February,2029,2029-Feb,17,48,7,2029-W07,2029-02-11,8,2029-W08,2029-02-12,Non-Holiday,Weekend
1145,2029-02-18,1145,38,Sunday,February,2029,2029-Feb,18,49,8,2029-W08,2029-02-11,8,2029-W08,2029-02-12,Non-Holiday,Weekend
1146,2029-02-19,1146,38,Monday,February,2029,2029-Feb,19,50,8,2029-W08,2029-02-18,9,2029-W09,2029-02-19,Non-Holiday,Weekday
1147,2029-02-20,1147,38,Tuesday,February,2029,2029-Feb,20,51,8,2029-W08,2029-02-18,9,2029-W09,2029-02-19,Non-Holiday,Weekday
1148,2029-02-21,1148,38,Wednesday,February,2029,2029-Feb,21,52,8,2029-W08,2029-02-18,9,2029-W09,2029-02-19,Non-Holiday,Weekday
1149,2029-02-22,1149,38,Thursday,February,2029,2029-Feb,22,53,8,2029-W08,2029-02-18,9,2029-W09,2029-02-19,Non-Holiday,Weekday
1150,2029-02-23,1150,38,Friday,February,2029,2029-Feb,23,54,8,2029-W08,2029-02-18,9,2029-W09,2029-02-19,Non-Holiday,Weekday
1151,2029-02-24,1151,38,Saturday,February,2029,2029-Feb,24,55,8,2029-W08,2029-02-18,9,2029-W09,2029-02-19,Non-Holiday,Weekend
1152,2029-02-25,1152,38,Sunday,February,2029,2029-Feb,25,56,9,2029-W09,2029-02-18,9,2029-W09,2029-02-19,Non-Holiday,Weekend
1153,2029-02-26,1153,38,Monday,February,2029,2029-Feb,26,57,9,2029-W09,2029-02-25,10,2029-W10,2029-02-26,Non-Holiday,Weekday
1154,2029-02-27,1154,38,Tuesday,February,2029,2029-Feb,27,58,9,2029-W09,2029-02-25,10,2029-W10,2029-02-26,Non-Holiday,Weekday
1155,2029-02-28,1155,38,Wednesday,February,2029,2029-Feb,28,59,9,2029-W09,2029-02-25,10,2029-W10,2029-02-26,Non-Holiday,Weekday
1156,2029-03-01,1156,39,Thursday,March,2029,2029-Mar,1,60,9,2029-W09,2029-02-25,10,2029-W10,2029-02-26,Non-Holiday,Weekday
1157,2029-03-02,1157,39,Friday,March,2029,2029-Mar,2,61,9,2029-W09,2029-02-25,10,2029-W10,2029-02-26,Non-Holiday,Weekday
1158,2029-03-03,1158,39,Saturday,March,2029,2029-Mar,3,62,9,2029-W09,2029-02-25,10,2029-W10,2029-02-26,Non-Holiday,Weekend
1159,2029-03-04,1159,39,Sunday,March,2029,2029-Mar,4,63,10,2029-W10,2029-02-25,10,2029-W10,2029-02-26,Non-Holiday,Weekend
1160,2029-03-05,1160,39,Monday,March,2029,2029-Mar,5,64,10,2029-W10,2029-03-04,11,2029-W11,2029-03-05,Non-Holiday,Weekday
1161,2029-03-06,1161,39,Tuesday,March,2029,2029-Mar,6,65,10,2029-W10,2029-03-04,11,2029-W11,2029-03-05,Non-Holiday,Weekday
1162,2029-03-07,1162,39,Wednesday,March,2029,2029-Mar,7,66,10,2029-W10,2029-03-04,11,2029-W11,2029-03-05,Non-Holiday,Weekday
1163,2029-03-08,1163,39,Thursday,March,2029,2029-Mar,8,67,10,2029-W10,2029-03-04,11,2029-W11,2029-03-05,Non-Holiday,Weekday
1164,2029-03-09,1164,39,Friday,March,2029,2029-Mar,9,68,10,2029-W10,2029-03-04,11,2029-W11,2029-03-05,Non-Holiday,Weekday
1165,2029-03-10,1165,39,Saturday,March,2029,2029-Mar,10,69,10,2029-W10,2029-03-04,11,2029-W11,2029-03-05,Non-Holiday,Weekend
1166,2029-03-11,1166,39,Sunday,March,2029,2029-Mar,11,70,11,2029-W11,2029-03-04,11,2029-W11,2029-03-05,Non-Holiday,Weekend
1167,2029-03-12,1167,39,Monday,March,2029,2029-Mar,12,71,11,2029-W11,2029-03-11,12,2029-W12,2029-03-12,Non-Holiday,Weekday
1168,2029-03-13,1168,39,Tuesday,March,2029,2029-Mar,13,72,11,2029-W11,2029-03-11,12,2029-W12,2029-03-12,Non-Holiday,Weekday
1169,2029-03-14,1169,39,Wednesday,March,2029,2029-Mar,14,73,11,2029-W11,2029-03-11,12,2029-W12,2029-03-12,Non-Holiday,Weekday
1170,2029-03-15,1170,39,Thursday,March,2029,2029-Mar,15,74,11,2029-W11,2029-03-11,12,2029-W12,2029-03-12,Non-Holiday,Weekday
1171,2029-03-16,1171,39,Friday,March,2029,2029-Mar,16,75,11,2029-W11,2029-03-11,12,2029-W12,2029-03-12,Non-Holiday,Weekday
1172,2029-03-17,1172,39,Saturday,March,2029,2029-Mar,17,76,11,2029-W11,2029-03-11,12,2029-W12,2029-03-12,Non-Holiday,Weekend
1173,2029-03-18,1173,39,Sunday,March,2029,2029-Mar,18,77,12,2029-W12,2029-03-11,12,2029-W12,2029-03-12,Non-Holiday,Weekend
1174,2029-03-19,1174,39,Monday,March,2029,2029-Mar,19,78,12,2029-W12,2029-03-18,13,2029-W13,2029-03-19,Non-Holiday,Weekday
1175,2029-03-20,1175,39,Tuesday,March,2029,2029-Mar,20,79,12,2029-W12,2029-03-18,13,2029-W13,2029-03-19,Non-Holiday,Weekday
1176,2029-03-21,1176,39,Wednesday,March,2029,2029-Mar,21,80,12,2029-W12,2029-03-18,13,2029-W13,2029-03-19,Non-Holiday,Weekday
1177,2029-03-22,1177,39,Thursday,March,2029,2029-Mar,22,81,12,2029-W12,2029-03-18,13,2029-W13,2029-03-19,Non-Holiday,Weekday
1178,2029-03-23,1178,39,Friday,March,2029,2029-Mar,23,82,12,2029-W12,2029-03-18,13,2029-W13,2029-03-19,Non-Holiday,Weekday
1179,2029-03-24,1179,39,Saturday,March,2029,2029-Mar,24,83,12,2029-W12,2029-03-18,13,2029-W13,2029-03-19,Non-Holiday,Weekend
1180,2029-03-25,1180,39,Sunday,March,2029,2029-Mar,25,84,13,2029-W13,2029-03-18,13,2029-W13,2029-03-19,Non-Holiday,Weekend
1181,2029-03-26,1181,39,Monday,March,2029,2029-Mar,26,85,13,2029-W13,2029-03-25,14,2029-W14,2029-03-26,Non-Holiday,Weekday
1182,2029-03-27,1182,39,Tuesday,March,2029,2029-Mar,27,86,13,2029-W13,2029-03-25,14,2029-W14,2029-03-26,Non-Holiday,Weekday
1183,2029-03-28,1183,39,Wednesday,March,2029,2029-Mar,28,87,13,2029-W13,2029-03-25,14,2029-W14,2029-03-26,Non-Holiday,Weekday
1184,2029-03-29,1184,39,Thursday,March,2029,2029-Mar,29,88,13,2029-W13,2029-03-25,14,2029-W14,2029-03-26,Non-Holiday,Weekday
1185,2029-03-30,1185,39,Friday,March,2029,2029-Mar,30,89,13,2029-W13,2029-03-25,14,2029-W14,2029-03-26,Non-Holiday,Weekday
1186,2029-03-31,1186,39,Saturday,March,2029,2029-Mar,31,90,13,2029-W13,2029-03-25,14,2029-W14,2029-03-26,Non-Holiday,Weekend
1187,2029-04-01,1187,40,Sunday,April,2029,2029-Apr,1,91,14,2029-W14,2029-03-25,14,2029-W14,2029-03-26,Non-Holiday,Weekend
1188,2029-04-02,1188,40,Monday,April,2029,2029-Apr,2,92,14,2029-W14,2029-04-01,15,2029-W15,2029-04-02,Non-Holiday,Weekday
1189,2029-04-03,1189,40,Tuesday,April,2029,2029-Apr,3,93,14,2029-W14,2029-04-01,15,2029-W15,2029-04-02,Non-Holiday,Weekday
1190,2029-04-04,1190,40,Wednesday,April,2029,2029-Apr,4,94,14,2029-W14,2029-04-01,15,2029-W15,2029-04-02,Non-Holiday,Weekday
1191,2029-04-05,1191,40,Thursday,April,2029,2029-Apr,5,95,14,2029-W14,2029-04-01,15,2029-W15,2029-04-02,Non-Holiday,Weekday
1192,2029-04-06,1192,40,Friday,April,2029,2029-Apr,6,96,14,2029-W14,2029-04-01,15,2029-W15,2029-04-02,Non-Holiday,Weekday
1193,2029-04-07,1193,40,Saturday,April,2029,2029-Apr,7,97,14,2029-W14,2029-04-01,15,2029-W15,2029-04-02,Non-Holiday,Weekend
1194,2029-04-08,1194,40,Sunday,April,2029,2029-Apr,8,98,15,2029-W15,2029-04-01,15,2029-W15,2029-04-02,Non-Holiday,Weekend
1195,2029-04-09,1195,40,Monday,April,2029,2029-Apr,9,99,15,2029-W15,2029-04-08,16,2029-W16,2029-04-09,Non-Holiday,Weekday
1196,2029-04-10,1196,40,Tuesday,April,2029,2029-Apr,10,100,15,2029-W15,2029-04-08,16,2029-W16,2029-04-09,Non-Holiday,Weekday
1197,2029-04-11,1197,40,Wednesday,April,2029,2029-Apr,11,101,15,2029-W15,2029-04-08,16,2029-W16,2029-04-09,Non-Holiday,Weekday
1198,2029-04-12,1198,40,Thursday,April,2029,2029-Apr,12,102,15,2029-W15,2029-04-08,16,2029-W16,2029-04-09,Non-Holiday,Weekday
1199,2029-04-13,1199,40,Friday,April,2029,2029-Apr,13,103,15,2029-W15,2029-04-08,16,2029-W16,2029-04-09,Non-Holiday,Weekday
1200,2029-04-14,1200,40,Saturday,April,2029,2029-Apr,14,104,15,2029-W15,2029-04-08,16,2029-W16,2029-04-09,Non-Holiday,Weekend
1201,2029-04-15,1201,40,Sunday,April,2029,2029-Apr,15,105,16,2029-W16,2029-04-08,16,2029-W16,2029-04-09,Non-Holiday,Weekend
1202,2029-04-16,1202,40,Monday,April,2029,2029-Apr,16,106,16,2029-W16,2029-04-15,17,2029-W17,2029-04-16,Non-Holiday,Weekday
1203,2029-04-17,1203,40,Tuesday,April,2029,2029-Apr,17,107,16,2029-W16,2029-04-15,17,2029-W17,2029-04-16,Non-Holiday,Weekday
1204,2029-04-18,1204,40,Wednesday,April,2029,2029-Apr,18,108,16,2029-W16,2029-04-15,17,2029-W17,2029-04-16,Non-Holiday,Weekday
1205,2029-04-19,1205,40,Thursday,April,2029,2029-Apr,19,109,16,2029-W16,2029-04-15,17,2029-W17,2029-04-16,Non-Holiday,Weekday
1206,2029-04-20,1206,40,Friday,April,2029,2029-Apr,20,110,16,2029-W16,2029-04-15,17,2029-W17,2029-04-16,Non-Holiday,Weekday
1207,2029-04-21,1207,40,Saturday,April,2029,2029-Apr,21,111,16,2029-W16,2029-04-15,17,2029-W17,2029-04-16,Non-Holiday,Weekend
1208,2029-04-22,1208,40,Sunday,April,2029,2029-Apr,22,112,17,2029-W17,2029-04-15,17,2029-W17,2029-04-16,Non-Holiday,Weekend
1209,2029-04-23,1209,40,Monday,April,2029,2029-Apr,23,113,17,2029-W17,2029-04-22,18,2029-W18,2029-04-23,Non-Holiday,Weekday
1210,2029-04-24,1210,40,Tuesday,April,2029,2029-Apr,24,114,17,2029-W17,2029-04-22,18,2029-W18,2029-04-23,Non-Holiday,Weekday
1211,2029-04-25,1211,40,Wednesday,April,2029,2029-Apr,25,115,17,2029-W17,2029-04-22,18,2029-W18,2029-04-23,Non-Holiday,Weekday
1212,2029-04-26,1212,40,Thursday,April,2029,2029-Apr,26,116,17,2029-W17,2029-04-22,18,2029-W18,2029-04-23,Non-Holiday,Weekday
1213,2029-04-27,1213,40,Friday,April,2029,2029-Apr,27,117,17,2029-W17,2029-04-22,18,2029-W18,2029-04-23,Non-Holiday,Weekday
1214,2029-04-28,1214,40,Saturday,April,2029,2029-Apr,28,118,17,2029-W17,2029-04-22,18,2029-W18,2029-04-23,Non-Holiday,Weekend
1215,2029-04-29,1215,40,Sunday,April,2029,2029-Apr,29,119,18,2029-W18,2029-04-22,18,2029-W18,2029-04-23,Non-Holiday,Weekend
1216,2029-04-30,1216,40,Monday,April,2029,2029-Apr,30,120,18,2029-W18,2029-04-29,19,2029-W19,2029-04-30,Non-Holiday,Weekday
1217,2029-05-01,1217,41,Tuesday,May,2029,2029-May,1,121,18,2029-W18,2029-04-29,19,2029-W19,2029-04-30,Non-Holiday,Weekday
1218,2029-05-02,1218,41,Wednesday,May,2029,2029-May,2,122,18,2029-W18,2029-04-29,19,2029-W19,2029-04-30,Non-Holiday,Weekday
1219,2029-05-03,1219,41,Thursday,May,2029,2029-May,3,123,18,2029-W18,2029-04-29,19,2029-W19,2029-04-30,Non-Holiday,Weekday
1220,2029-05-04,1220,41,Friday,May,2029,2029-May,4,124,18,2029-W18,2029-04-29,19,2029-W19,2029-04-30,Non-Holiday,Weekday
1221,2029-05-05,1221,41,Saturday,May,2029,2029-May,5,125,18,2029-W18,2029-04-29,19,2029-W19,2029-04-30,Non-Holiday,Weekend
1222,2029-05-06,1222,41,Sunday,May,2029,2029-May,6,126,19,2029-W19,2029-04-29,19,2029-W19,2029-04-30,Non-Holiday,Weekend
1223,2029-05-07,1223,41,Monday,May,2029,2029-May,7,127,19,2029-W19,2029-05-06,20,2029-W20,2029-05-07,Non-Holiday,Weekday
1224,2029-05-08,1224,41,Tuesday,May,2029,2029-May,8,128,19,2029-W19,2029-05-06,20,2029-W20,2029-05-07,Non-Holiday,Weekday
1225,2029-05-09,1225,41,Wednesday,May,2029,2029-May,9,129,19,2029-W19,2029-05-06,20,2029-W20,2029-05-07,Non-Holiday,Weekday
1226,2029-05-10,1226,41,Thursday,May,2029,2029-May,10,130,19,2029-W19,2029-05-06,20,2029-W20,2029-05-07,Non-Holiday,Weekday
1227,2029-05-11,1227,41,Friday,May,2029,2029-May,11,131,19,2029-W19,2029-05-06,20,2029-W20,2029-05-07,Non-Holiday,Weekday
1228,2029-05-12,1228,41,Saturday,May,2029,2029-May,12,132,19,2029-W19,2029-05-06,20,2029-W20,2029-05-07,Non-Holiday,Weekend
1229,2029-05-13,1229,41,Sunday,May,2029,2029-May,13,133,20,2029-W20,2029-05-06,20,2029-W20,2029-05-07,Non-Holiday,Weekend
1230,2029-05-14,1230,41,Monday,May,2029,2029-May,14,134,20,2029-W20,2029-05-13,21,2029-W21,2029-05-14,Non-Holiday,Weekday
1231,2029-05-15,1231,41,Tuesday,May,2029,2029-May,15,135,20,2029-W20,2029-05-13,21,2029-W21,2029-05-14,Non-Holiday,Weekday
1232,2029-05-16,1232,41,Wednesday,May,2029,2029-May,16,136,20,2029-W20,2029-05-13,21,2029-W21,2029-05-14,Non-Holiday,Weekday
1233,2029-05-17,1233,41,Thursday,May,2029,2029-May,17,137,20,2029-W20,2029-05-13,21,2029-W21,2029-05-14,Non-Holiday,Weekday
1234,2029-05-18,1234,41,Friday,May,2029,2029-May,18,138,20,2029-W20,2029-05-13,21,2029-W21,2029-05-14,Non-Holiday,Weekday
1235,2029-05-19,1235,41,Saturday,May,2029,2029-May,19,139,20,2029-W20,2029-05-13,21,2029-W21,2029-05-14,Non-Holiday,Weekend
1236,2029-05-20,1236,41,Sunday,May,2029,2029-May,20,140,21,2029-W21,2029-05-13,21,2029-W21,2029-05-14,Non-Holiday,Weekend
1237,2029-05-21,1237,41,Monday,May,2029,2029-May,21,141,21,2029-W21,2029-05-20,22,2029-W22,2029-05-21,Non-Holiday,Weekday
1238,2029-05-22,1238,41,Tuesday,May,2029,2029-May,22,142,21,2029-W21,2029-05-20,22,2029-W22,2029-05-21,Non-Holiday,Weekday
1239,2029-05-23,1239,41,Wednesday,May,2029,2029-May,23,143,21,2029-W21,2029-05-20,22,2029-W22,2029-05-21,Non-Holiday,Weekday
1240,2029-05-24,1240,41,Thursday,May,2029,2029-May,24,144,21,2029-W21,2029-05-20,22,2029-W22,2029-05-21,Non-Holiday,Weekday
1241,2029-05-25,1241,41,Friday,May,2029,2029-May,25,145,21,2029-W21,2029-05-20,22,2029-W22,2029-05-21,Non-Holiday,Weekday
1242,2029-05-26,1242,41,Saturday,May,2029,2029-May,26,146,21,2029-W21,2029-05-20,22,2029-W22,2029-05-21,Non-Holiday,Weekend
1243,2029-05-27,1243,41,Sunday,May,2029,2029-May,27,147,22,2029-W22,2029-05-20,22,2029-W22,2029-05-21,Non-Holiday,Weekend
1244,2029-05-28,1244,41,Monday,May,2029,2029-May,28,148,22,2029-W22,2029-05-27,23,2029-W23,2029-05-28,Non-Holiday,Weekday
1245,2029-05-29,1245,41,Tuesday,May,2029,2029-May,29,149,22,2029-W22,2029-05-27,23,2029-W23,2029-05-28,Non-Holiday,Weekday
1246,2029-05-30,1246,41,Wednesday,May,2029,2029-May,30,150,22,2029-W22,2029-05-27,23,2029-W23,2029-05-28,Non-Holiday,Weekday
1247,2029-05-31,1247,41,Thursday,May,2029,2029-May,31,151,22,2029-W22,2029-05-27,23,2029-W23,2029-05-28,Non-Holiday,Weekday
1248,2029-06-01,1248,42,Friday,June,2029,2029-Jun,1,152,22,2029-W22,2029-05-27,23,2029-W23,2029-05-28,Non-Holiday,Weekday
1249,2029-06-02,1249,42,Saturday,June,2029,2029-Jun,2,153,22,2029-W22,2029-05-27,23,2029-W23,2029-05-28,Non-Holiday,Weekend
1250,2029-06-03,1250,42,Sunday,June,2029,2029-Jun,3,154,23,2029-W23,2029-05-27,23,2029-W23,2029-05-28,Non-Holiday,Weekend
1251,2029-06-04,1251,42,Monday,June,2029,2029-Jun,4,155,23,2029-W23,2029-06-03,24,2029-W24,2029-06-04,Non-Holiday,Weekday
1252,2029-06-05,1252,42,Tuesday,June,2029,2029-Jun,5,156,23,2029-W23,2029-06-03,24,2029-W24,2029-06-04,Non-Holiday,Weekday
1253,2029-06-06,1253,42,Wednesday,June,2029,2029-Jun,6,157,23,2029-W23,2029-06-03,24,2029-W24,2029-06-04,Non-Holiday,Weekday
1254,2029-06-07,1254,42,Thursday,June,2029,2029-Jun,7,158,23,2029-W23,2029-06-03,24,2029-W24,2029-06-04,Non-Holiday,Weekday
1255,2029-06-08,1255,42,Friday,June,2029,2029-Jun,8,159,23,2029-W23,2029-06-03,24,2029-W24,2029-06-04,Non-Holiday,Weekday
1256,2029-06-09,1256,42,Saturday,June,2029,2029-Jun,9,160,23,2029-W23,2029-06-03,24,2029-W24,2029-06-04,Non-Holiday,Weekend
1257,2029-06-10,1257,42,Sunday,June,2029,2029-Jun,10,161,24,2029-W24,2029-06-03,24,2029-W24,2029-06-04,Non-Holiday,Weekend
1258,2029-06-11,1258,42,Monday,June,2029,2029-Jun,11,162,24,2029-W24,2029-06-10,25,2029-W25,2029-06-11,Non-Holiday,Weekday
1259,2029-06-12,1259,42,Tuesday,June,2029,2029-Jun,12,163,24,2029-W24,2029-06-10,25,2029-W25,2029-06-11,Non-Holiday,Weekday
1260,2029-06-13,1260,42,Wednesday,June,2029,2029-Jun,13,164,24,2029-W24,2029-06-10,25,2029-W25,2029-06-11,Non-Holiday,Weekday
1261,2029-06-14,1261,42,Thursday,June,2029,2029-Jun,14,165,24,2029-W24,2029-06-10,25,2029-W25,2029-06-11,Non-Holiday,Weekday
1262,2029-06-15,1262,42,Friday,June,2029,2029-Jun,15,166,24,2029-W24,2029-06-10,25,2029-W25,2029-06-11,Non-Holiday,Weekday
1263,2029-06-16,1263,42,Saturday,June,2029,2029-Jun,16,167,24,2029-W24,2029-06-10,25,2029-W25,2029-06-11,Non-Holiday,Weekend
1264,2029-06-17,1264,42,Sunday,June,2029,2029-Jun,17,168,25,2029-W25,2029-06-10,25,2029-W25,2029-06-11,Non-Holiday,Weekend
1265,2029-06-18,1265,42,Monday,June,2029,2029-Jun,18,169,25,2029-W25,2029-06-17,26,2029-W26,2029-06-18,Non-Holiday,Weekday
1266,2029-06-19,1266,42,Tuesday,June,2029,2029-Jun,19,170,25,2029-W25,2029-06-17,26,2029-W26,2029-06-18,Non-Holiday,Weekday
1267,2029-06-20,1267,42,Wednesday,June,2029,2029-Jun,20,171,25,2029-W25,2029-06-17,26,2029-W26,2029-06-18,Non-Holiday,Weekday
1268,2029-06-21,1268,42,Thursday,June,2029,2029-Jun,21,172,25,2029-W25,2029-06-17,26,2029-W26,2029-06-18,Non-Holiday,Weekday
1269,2029-06-22,1269,42,Friday,June,2029,2029-Jun,22,173,25,2029-W25,2029-06-17,26,2029-W26,2029-06-18,Non-Holiday,Weekday
1270,2029-06-23,1270,42,Saturday,June,2029,2029-Jun,23,174,25,2029-W25,2029-06-17,26,2029-W26,2029-06-18,Non-Holiday,Weekend
1271,2029-06-24,1271,42,Sunday,June,2029,2029-Jun,24,175,26,2029-W26,2029-06-17,26,2029-W26,2029-06-18,Non-Holiday,Weekend
1272,2029-06-25,1272,42,Monday,June,2029,2029-Jun,25,176,26,2029-W26,2029-06-24,27,2029-W27,2029-06-25,Non-Holiday,Weekday
1273,2029-06-26,1273,42,Tuesday,June,2029,2029-Jun,26,177,26,2029-W26,2029-06-24,27,2029-W27,2029-06-25,Non-Holiday,Weekday
1274,2029-06-27,1274,42,Wednesday,June,2029,2029-Jun,27,178,26,2029-W26,2029-06-24,27,2029-W27,2029-06-25,Non-Holiday,Weekday
1275,2029-06-28,1275,42,Thursday,June,2029,2029-Jun,28,179,26,2029-W26,2029-06-24,27,2029-W27,2029-06-25,Non-Holiday,Weekday
1276,2029-06-29,1276,42,Friday,June,2029,2029-Jun,29,180,26,2029-W26,2029-06-24,27,2029-W27,2029-06-25,Non-Holiday,Weekday
1277,2029-06-30,1277,42,Saturday,June,2029,2029-Jun,30,181,26,2029-W26,2029-06-24,27,2029-W27,2029-06-25,Non-Holiday,Weekend
1278,2029-07-01,1278,43,Sunday,July,2029,2029-Jul,1,182,27,2029-W27,2029-06-24,27,2029-W27,2029-06-25,Non-Holiday,Weekend
1279,2029-07-02,1279,43,Monday,July,2029,2029-Jul,2,183,27,2029-W27,2029-07-01,28,2029-W28,2029-07-02,Non-Holiday,Weekday
1280,2029-07-03,1280,43,Tuesday,July,2029,2029-Jul,3,184,27,2029-W27,2029-07-01,28,2029-W28,2029-07-02,Non-Holiday,Weekday
1281,2029-07-04,1281,43,Wednesday,July,2029,2029-Jul,4,185,27,2029-W27,2029-07-01,28,2029-W28,2029-07-02,Non-Holiday,Weekday
1282,2029-07-05,1282,43,Thursday,July,2029,2029-Jul,5,186,27,2029-W27,2029-07-01,28,2029-W28,2029-07-02,Non-Holiday,Weekday
1283,2029-07-06,1283,43,Friday,July,2029,2029-Jul,6,187,27,2029-W27,2029-07-01,28,2029-W28,2029-07-02,Non-Holiday,Weekday
1284,2029-07-07,1284,43,Saturday,July,2029,2029-Jul,7,188,27,2029-W27,2029-07-01,28,2029-W28,2029-07-02,Non-Holiday,Weekend
1285,2029-07-08,1285,43,Sunday,July,2029,2029-Jul,8,189,28,2029-W28,2029-07-01,28,2029-W28,2029-07-02,Non-Holiday,Weekend
1286,2029-07-09,1286,43,Monday,July,2029,2029-Jul,9,190,28,2029-W28,2029-07-08,29,2029-W29,2029-07-09,Non-Holiday,Weekday
1287,2029-07-10,1287,43,Tuesday,July,2029,2029-Jul,10,191,28,2029-W28,2029-07-08,29,2029-W29,2029-07-09,Non-Holiday,Weekday
1288,2029-07-11,1288,43,Wednesday,July,2029,2029-Jul,11,192,28,2029-W28,2029-07-08,29,2029-W29,2029-07-09,Non-Holiday,Weekday
1289,2029-07-12,1289,43,Thursday,July,2029,2029-Jul,12,193,28,2029-W28,2029-07-08,29,2029-W29,2029-07-09,Non-Holiday,Weekday
1290,2029-07-13,1290,43,Friday,July,2029,2029-Jul,13,194,28,2029-W28,2029-07-08,29,2029-W29,2029-07-09,Non-Holiday,Weekday
1291,2029-07-14,1291,43,Saturday,July,2029,2029-Jul,14,195,28,2029-W28,2029-07-08,29,2029-W29,2029-07-09,Non-Holiday,Weekend
1292,2029-07-15,1292,43,Sunday,July,2029,2029-Jul,15,196,29,2029-W29,2029-07-08,29,2029-W29,2029-07-09,Non-Holiday,Weekend
1293,2029-07-16,1293,43,Monday,July,2029,2029-Jul,16,197,29,2029-W29,2029-07-15,30,2029-W30,2029-07-16,Non-Holiday,Weekday
1294,2029-07-17,1294,43,Tuesday,July,2029,2029-Jul,17,198,29,2029-W29,2029-07-15,30,2029-W30,2029-07-16,Non-Holiday,Weekday
1295,2029-07-18,1295,43,Wednesday,July,2029,2029-Jul,18,199,29,2029-W29,2029-07-15,30,2029-W30,2029-07-16,Non-Holiday,Weekday
1296,2029-07-19,1296,43,Thursday,July,2029,2029-Jul,19,200,29,2029-W29,2029-07-15,30,2029-W30,2029-07-16,Non-Holiday,Weekday
1297,2029-07-20,1297,43,Friday,July,2029,2029-Jul,20,201,29,2029-W29,2029-07-15,30,2029-W30,2029-07-16,Non-Holiday,Weekday
1298,2029-07-21,1298,43,Saturday,July,2029,2029-Jul,21,202,29,2029-W29,2029-07-15,30,2029-W30,2029-07-16,Non-Holiday,Weekend
1299,2029-07-22,1299,43,Sunday,July,2029,2029-Jul,22,203,30,2029-W30,2029-07-15,30,2029-W30,2029-07-16,Non-Holiday,Weekend
1300,2029-07-23,1300,43,Monday,July,2029,2029-Jul,23,204,30,2029-W30,2029-07-22,31,2029-W31,2029-07-23,Non-Holiday,Weekday
1301,2029-07-24,1301,43,Tuesday,July,2029,2029-Jul,24,205,30,2029-W30,2029-07-22,31,2029-W31,2029-07-23,Non-Holiday,Weekday
1302,2029-07-25,1302,43,Wednesday,July,2029,2029-Jul,25,206,30,2029-W30,2029-07-22,31,2029-W31,2029-07-23,Non-Holiday,Weekday
1303,2029-07-26,1303,43,Thursday,July,2029,2029-Jul,26,207,30,2029-W30,2029-07-22,31,2029-W31,2029-07-23,Non-Holiday,Weekday
1304,2029-07-27,1304,43,Friday,July,2029,2029-Jul,27,208,30,2029-W30,2029-07-22,31,2029-W31,2029-07-23,Non-Holiday,Weekday
1305,2029-07-28,1305,43,Saturday,July,2029,2029-Jul,28,209,30,2029-W30,2029-07-22,31,2029-W31,2029-07-23,Non-Holiday,Weekend
1306,2029-07-29,1306,43,Sunday,July,2029,2029-Jul,29,210,31,2029-W31,2029-07-22,31,2029-W31,2029-07-23,Non-Holiday,Weekend
1307,2029-07-30,1307,43,Monday,July,2029,2029-Jul,30,211,31,2029-W31,2029-07-29,32,2029-W32,2029-07-30,Non-Holiday,Weekday
1308,2029-07-31,1308,43,Tuesday,July,2029,2029-Jul,31,212,31,2029-W31,2029-07-29,32,2029-W32,2029-07-30,Non-Holiday,Weekday
1309,2029-08-01,1309,44,Wednesday,August,2029,2029-Aug,1,213,31,2029-W31,2029-07-29,32,2029-W32,2029-07-30,Non-Holiday,Weekday
1310,2029-08-02,1310,44,Thursday,August,2029,2029-Aug,2,214,31,2029-W31,2029-07-29,32,2029-W32,2029-07-30,Non-Holiday,Weekday
1311,2029-08-03,1311,44,Friday,August,2029,2029-Aug,3,215,31,2029-W31,2029-07-29,32,2029-W32,2029-07-30,Non-Holiday,Weekday
1312,2029-08-04,1312,44,Saturday,August,2029,2029-Aug,4,216,31,2029-W31,2029-07-29,32,2029-W32,2029-07-30,Non-Holiday,Weekend
1313,2029-08-05,1313,44,Sunday,August,2029,2029-Aug,5,217,32,2029-W32,2029-07-29,32,2029-W32,2029-07-30,Non-Holiday,Weekend
1314,2029-08-06,1314,44,Monday,August,2029,2029-Aug,6,218,32,2029-W32,2029-08-05,33,2029-W33,2029-08-06,Non-Holiday,Weekday
1315,2029-08-07,1315,44,Tuesday,August,2029,2029-Aug,7,219,32,2029-W32,2029-08-05,33,2029-W33,2029-08-06,Non-Holiday,Weekday
1316,2029-08-08,1316,44,Wednesday,August,2029,2029-Aug,8,220,32,2029-W32,2029-08-05,33,2029-W33,2029-08-06,Non-Holiday,Weekday
1317,2029-08-09,1317,44,Thursday,August,2029,2029-Aug,9,221,32,2029-W32,2029-08-05,33,2029-W33,2029-08-06,Non-Holiday,Weekday
1318,2029-08-10,1318,44,Friday,August,2029,2029-Aug,10,222,32,2029-W32,2029-08-05,33,2029-W33,2029-08-06,Non-Holiday,Weekday
1319,2029-08-11,1319,44,Saturday,August,2029,2029-Aug,11,223,32,2029-W32,2029-08-05,33,2029-W33,2029-08-06,Non-Holiday,Weekend
1320,2029-08-12,1320,44,Sunday,August,2029,2029-Aug,12,224,33,2029-W33,2029-08-05,33,2029-W33,2029-08-06,Non-Holiday,Weekend
1321,2029-08-13,1321,44,Monday,August,2029,2029-Aug,13,225,33,2029-W33,2029-08-12,34,2029-W34,2029-08-13,Non-Holiday,Weekday
1322,2029-08-14,1322,44,Tuesday,August,2029,2029-Aug,14,226,33,2029-W33,2029-08-12,34,2029-W34,2029-08-13,Non-Holiday,Weekday
1323,2029-08-15,1323,44,Wednesday,August,2029,2029-Aug,15,227,33,2029-W33,2029-08-12,34,2029-W34,2029-08-13,Non-Holiday,Weekday
1324,2029-08-16,1324,44,Thursday,August,2029,2029-Aug,16,228,33,2029-W33,2029-08-12,34,2029-W34,2029-08-13,Non-Holiday,Weekday
1325,2029-08-17,1325,44,Friday,August,2029,2029-Aug,17,229,33,2029-W33,2029-08-12,34,2029-W34,2029-08-13,Non-Holiday,Weekday
1326,2029-08-18,1326,44,Saturday,August,2029,2029-Aug,18,230,33,2029-W33,2029-08-12,34,2029-W34,2029-08-13,Non-Holiday,Weekend
1327,2029-08-19,1327,44,Sunday,August,2029,2029-Aug,19,231,34,2029-W34,2029-08-12,34,2029-W34,2029-08-13,Non-Holiday,Weekend
1328,2029-08-20,1328,44,Monday,August,2029,2029-Aug,20,232,34,2029-W34,2029-08-19,35,2029-W35,2029-08-20,Non-Holiday,Weekday
1329,2029-08-21,1329,44,Tuesday,August,2029,2029-Aug,21,233,34,2029-W34,2029-08-19,35,2029-W35,2029-08-20,Non-Holiday,Weekday
1330,2029-08-22,1330,44,Wednesday,August,2029,2029-Aug,22,234,34,2029-W34,2029-08-19,35,2029-W35,2029-08-20,Non-Holiday,Weekday
1331,2029-08-23,1331,44,Thursday,August,2029,2029-Aug,23,235,34,2029-W34,2029-08-19,35,2029-W35,2029-08-20,Non-Holiday,Weekday
1332,2029-08-24,1332,44,Friday,August,2029,2029-Aug,24,236,34,2029-W34,2029-08-19,35,2029-W35,2029-08-20,Non-Holiday,Weekday
1333,2029-08-25,1333,44,Saturday,August,2029,2029-Aug,25,237,34,2029-W34,2029-08-19,35,2029-W35,2029-08-20,Non-Holiday,Weekend
1334,2029-08-26,1334,44,Sunday,August,2029,2029-Aug,26,238,35,2029-W35,2029-08-19,35,2029-W35,2029-08-20,Non-Holiday,Weekend
1335,2029-08-27,1335,44,Monday,August,2029,2029-Aug,27,239,35,2029-W35,2029-08-26,36,2029-W36,2029-08-27,Non-Holiday,Weekday
1336,2029-08-28,1336,44,Tuesday,August,2029,2029-Aug,28,240,35,2029-W35,2029-08-26,36,2029-W36,2029-08-27,Non-Holiday,Weekday
1337,2029-08-29,1337,44,Wednesday,August,2029,2029-Aug,29,241,35,2029-W35,2029-08-26,36,2029-W36,2029-08-27,Non-Holiday,Weekday
1338,2029-08-30,1338,44,Thursday,August,2029,2029-Aug,30,242,35,2029-W35,2029-08-26,36,2029-W36,2029-08-27,Non-Holiday,Weekday
1339,2029-08-31,1339,44,Friday,August,2029,2029-Aug,31,243,35,2029-W35,2029-08-26,36,2029-W36,2029-08-27,Non-Holiday,Weekday
1340,2029-09-01,1340,45,Saturday,September,2029,2029-Sep,1,244,35,2029-W35,2029-08-26,36,2029-W36,2029-08-27,Non-Holiday,Weekend
1341,2029-09-02,1341,45,Sunday,September,2029,2029-Sep,2,245,36,2029-W36,2029-08-26,36,2029-W36,2029-08-27,Non-Holiday,Weekend
1342,2029-09-03,1342,45,Monday,September,2029,2029-Sep,3,246,36,2029-W36,2029-09-02,37,2029-W37,2029-09-03,Non-Holiday,Weekday
1343,2029-09-04,1343,45,Tuesday,September,2029,2029-Sep,4,247,36,2029-W36,2029-09-02,37,2029-W37,2029-09-03,Non-Holiday,Weekday
1344,2029-09-05,1344,45,Wednesday,September,2029,2029-Sep,5,248,36,2029-W36,2029-09-02,37,2029-W37,2029-09-03,Non-Holiday,Weekday
1345,2029-09-06,1345,45,Thursday,September,2029,2029-Sep,6,249,36,2029-W36,2029-09-02,37,2029-W37,2029-09-03,Non-Holiday,Weekday
1346,2029-09-07,1346,45,Friday,September,2029,2029-Sep,7,250,36,2029-W36,2029-09-02,37,2029-W37,2029-09-03,Non-Holiday,Weekday
1347,2029-09-08,1347,45,Saturday,September,2029,2029-Sep,8,251,36,2029-W36,2029-09-02,37,2029-W37,2029-09-03,Non-Holiday,Weekend
1348,2029-09-09,1348,45,Sunday,September,2029,2029-Sep,9,252,37,2029-W37,2029-09-02,37,2029-W37,2029-09-03,Non-Holiday,Weekend
1349,2029-09-10,1349,45,Monday,September,2029,2029-Sep,10,253,37,2029-W37,2029-09-09,38,2029-W38,2029-09-10,Non-Holiday,Weekday
1350,2029-09-11,1350,45,Tuesday,September,2029,2029-Sep,11,254,37,2029-W37,2029-09-09,38,2029-W38,2029-09-10,Non-Holiday,Weekday
1351,2029-09-12,1351,45,Wednesday,September,2029,2029-Sep,12,255,37,2029-W37,2029-09-09,38,2029-W38,2029-09-10,Non-Holiday,Weekday
1352,2029-09-13,1352,45,Thursday,September,2029,2029-Sep,13,256,37,2029-W37,2029-09-09,38,2029-W38,2029-09-10,Non-Holiday,Weekday
1353,2029-09-14,1353,45,Friday,September,2029,2029-Sep,14,257,37,2029-W37,2029-09-09,38,2029-W38,2029-09-10,Non-Holiday,Weekday
1354,2029-09-15,1354,45,Saturday,September,2029,2029-Sep,15,258,37,2029-W37,2029-09-09,38,2029-W38,2029-09-10,Non-Holiday,Weekend
1355,2029-09-16,1355,45,Sunday,September,2029,2029-Sep,16,259,38,2029-W38,2029-09-09,38,2029-W38,2029-09-10,Non-Holiday,Weekend
1356,2029-09-17,1356,45,Monday,September,2029,2029-Sep,17,260,38,2029-W38,2029-09-16,39,2029-W39,2029-09-17,Non-Holiday,Weekday
1357,2029-09-18,1357,45,Tuesday,September,2029,2029-Sep,18,261,38,2029-W38,2029-09-16,39,2029-W39,2029-09-17,Non-Holiday,Weekday
1358,2029-09-19,1358,45,Wednesday,September,2029,2029-Sep,19,262,38,2029-W38,2029-09-16,39,2029-W39,2029-09-17,Non-Holiday,Weekday
1359,2029-09-20,1359,45,Thursday,September,2029,2029-Sep,20,263,38,2029-W38,2029-09-16,39,2029-W39,2029-09-17,Non-Holiday,Weekday
1360,2029-09-21,1360,45,Friday,September,2029,2029-Sep,21,264,38,2029-W38,2029-09-16,39,2029-W39,2029-09-17,Non-Holiday,Weekday
1361,2029-09-22,1361,45,Saturday,September,2029,2029-Sep,22,265,38,2029-W38,2029-09-16,39,2029-W39,2029-09-17,Non-Holiday,Weekend
1362,2029-09-23,1362,45,Sunday,September,2029,2029-Sep,23,266,39,2029-W39,2029-09-16,39,2029-W39,2029-09-17,Non-Holiday,Weekend
1363,2029-09-24,1363,45,Monday,September,2029,2029-Sep,24,267,39,2029-W39,2029-09-23,40,2029-W40,2029-09-24,Non-Holiday,Weekday
1364,2029-09-25,1364,45,Tuesday,September,2029,2029-Sep,25,268,39,2029-W39,2029-09-23,40,2029-W40,2029-09-24,Non-Holiday,Weekday
1365,2029-09-26,1365,45,Wednesday,September,2029,2029-Sep,26,269,39,2029-W39,2029-09-23,40,2029-W40,2029-09-24,Non-Holiday,Weekday
1366,2029-09-27,1366,45,Thursday,September,2029,2029-Sep,27,270,39,2029-W39,2029-09-23,40,2029-W40,2029-09-24,Non-Holiday,Weekday
1367,2029-09-28,1367,45,Friday,September,2029,2029-Sep,28,271,39,2029-W39,2029-09-23,40,2029-W40,2029-09-24,Non-Holiday,Weekday
1368,2029-09-29,1368,45,Saturday,September,2029,2029-Sep,29,272,39,2029-W39,2029-09-23,40,2029-W40,2029-09-24,Non-Holiday,Weekend
1369,2029-09-30,1369,45,Sunday,September,2029,2029-Sep,30,273,40,2029-W40,2029-09-23,40,2029-W40,2029-09-24,Non-Holiday,Weekend
1370,2029-10-01,1370,46,Monday,October,2029,2029-Oct,1,274,40,2029-W40,2029-09-30,41,2029-W41,2029-10-01,Non-Holiday,Weekday
1371,2029-10-02,1371,46,Tuesday,October,2029,2029-Oct,2,275,40,2029-W40,2029-09-30,41,2029-W41,2029-10-01,Non-Holiday,Weekday
1372,2029-10-03,1372,46,Wednesday,October,2029,2029-Oct,3,276,40,2029-W40,2029-09-30,41,2029-W41,2029-10-01,Non-Holiday,Weekday
1373,2029-10-04,1373,46,Thursday,October,2029,2029-Oct,4,277,40,2029-W40,2029-09-30,41,2029-W41,2029-10-01,Non-Holiday,Weekday
1374,2029-10-05,1374,46,Friday,October,2029,2029-Oct,5,278,40,2029-W40,2029-09-30,41,2029-W41,2029-10-01,Non-Holiday,Weekday
1375,2029-10-06,1375,46,Saturday,October,2029,2029-Oct,6,279,40,2029-W40,2029-09-30,41,2029-W41,2029-10-01,Non-Holiday,Weekend
1376,2029-10-07,1376,46,Sunday,October,2029,2029-Oct,7,280,41,2029-W41,2029-09-30,41,2029-W41,2029-10-01,Non-Holiday,Weekend
1377,2029-10-08,1377,46,Monday,October,2029,2029-Oct,8,281,41,2029-W41,2029-10-07,42,2029-W42,2029-10-08,Non-Holiday,Weekday
1378,2029-10-09,1378,46,Tuesday,October,2029,2029-Oct,9,282,41,2029-W41,2029-10-07,42,2029-W42,2029-10-08,Non-Holiday,Weekday
1379,2029-10-10,1379,46,Wednesday,October,2029,2029-Oct,10,283,41,2029-W41,2029-10-07,42,2029-W42,2029-10-08,Non-Holiday,Weekday
1380,2029-10-11,1380,46,Thursday,October,2029,2029-Oct,11,284,41,2029-W41,2029-10-07,42,2029-W42,2029-10-08,Non-Holiday,Weekday
1381,2029-10-12,1381,46,Friday,October,2029,2029-Oct,12,285,41,2029-W41,2029-10-07,42,2029-W42,2029-10-08,Non-Holiday,Weekday
1382,2029-10-13,1382,46,Saturday,October,2029,2029-Oct,13,286,41,2029-W41,2029-10-07,42,2029-W42,2029-10-08,Non-Holiday,Weekend
1383,2029-10-14,1383,46,Sunday,October,2029,2029-Oct,14,287,42,2029-W42,2029-10-07,42,2029-W42,2029-10-08,Non-Holiday,Weekend
1384,2029-10-15,1384,46,Monday,October,2029,2029-Oct,15,288,42,2029-W42,2029-10-14,43,2029-W43,2029-10-15,Non-Holiday,Weekday
1385,2029-10-16,1385,46,Tuesday,October,2029,2029-Oct,16,289,42,2029-W42,2029-10-14,43,2029-W43,2029-10-15,Non-Holiday,Weekday
1386,2029-10-17,1386,46,Wednesday,October,2029,2029-Oct,17,290,42,2029-W42,2029-10-14,43,2029-W43,2029-10-15,Non-Holiday,Weekday
1387,2029-10-18,1387,46,Thursday,October,2029,2029-Oct,18,291,42,2029-W42,2029-10-14,43,2029-W43,2029-10-15,Non-Holiday,Weekday
1388,2029-10-19,1388,46,Friday,October,2029,2029-Oct,19,292,42,2029-W42,2029-10-14,43,2029-W43,2029-10-15,Non-Holiday,Weekday
1389,2029-10-20,1389,46,Saturday,October,2029,2029-Oct,20,293,42,2029-W42,2029-10-14,43,2029-W43,2029-10-15,Non-Holiday,Weekend
1390,2029-10-21,1390,46,Sunday,October,2029,2029-Oct,21,294,43,2029-W43,2029-10-14,43,2029-W43,2029-10-15,Non-Holiday,Weekend
1391,2029-10-22,1391,46,Monday,October,2029,2029-Oct,22,295,43,2029-W43,2029-10-21,44,2029-W44,2029-10-22,Non-Holiday,Weekday
1392,2029-10-23,1392,46,Tuesday,October,2029,2029-Oct,23,296,43,2029-W43,2029-10-21,44,2029-W44,2029-10-22,Non-Holiday,Weekday
1393,2029-10-24,1393,46,Wednesday,October,2029,2029-Oct,24,297,43,2029-W43,2029-10-21,44,2029-W44,2029-10-22,Non-Holiday,Weekday
1394,2029-10-25,1394,46,Thursday,October,2029,2029-Oct,25,298,43,2029-W43,2029-10-21,44,2029-W44,2029-10-22,Non-Holiday,Weekday
1395,2029-10-26,1395,46,Friday,October,2029,2029-Oct,26,299,43,2029-W43,2029-10-21,44,2029-W44,2029-10-22,Non-Holiday,Weekday
1396,2029-10-27,1396,46,Saturday,October,2029,2029-Oct,27,300,43,2029-W43,2029-10-21,44,2029-W44,2029-10-22,Non-Holiday,Weekend
1397,2029-10-28,1397,46,Sunday,October,2029,2029-Oct,28,301,44,2029-W44,2029-10-21,44,2029-W44,2029-10-22,Non-Holiday,Weekend
1398,2029-10-29,1398,46,Monday,October,2029,2029-Oct,29,302,44,2029-W44,2029-10-28,45,2029-W45,2029-10-29,Non-Holiday,Weekday
1399,2029-10-30,1399,46,Tuesday,October,2029,2029-Oct,30,303,44,2029-W44,2029-10-28,45,2029-W45,2029-10-29,Non-Holiday,Weekday
1400,2029-10-31,1400,46,Wednesday,October,2029,2029-Oct,31,304,44,2029-W44,2029-10-28,45,2029-W45,2029-10-29,Non-Holiday,Weekday
1401,2029-11-01,1401,47,Thursday,November,2029,2029-Nov,1,305,44,2029-W44,2029-10-28,45,2029-W45,2029-10-29,Non-Holiday,Weekday
1402,2029-11-02,1402,47,Friday,November,2029,2029-Nov,2,306,44,2029-W44,2029-10-28,45,2029-W45,2029-10-29,Non-Holiday,Weekday
1403,2029-11-03,1403,47,Saturday,November,2029,2029-Nov,3,307,44,2029-W44,2029-10-28,45,2029-W45,2029-10-29,Non-Holiday,Weekend
1404,2029-11-04,1404,47,Sunday,November,2029,2029-Nov,4,308,45,2029-W45,2029-10-28,45,2029-W45,2029-10-29,Non-Holiday,Weekend
1405,2029-11-05,1405,47,Monday,November,2029,2029-Nov,5,309,45,2029-W45,2029-11-04,46,2029-W46,2029-11-05,Non-Holiday,Weekday
1406,2029-11-06,1406,47,Tuesday,November,2029,2029-Nov,6,310,45,2029-W45,2029-11-04,46,2029-W46,2029-11-05,Non-Holiday,Weekday
1407,2029-11-07,1407,47,Wednesday,November,2029,2029-Nov,7,311,45,2029-W45,2029-11-04,46,2029-W46,2029-11-05,Non-Holiday,Weekday
1408,2029-11-08,1408,47,Thursday,November,2029,2029-Nov,8,312,45,2029-W45,2029-11-04,46,2029-W46,2029-11-05,Non-Holiday,Weekday
1409,2029-11-09,1409,47,Friday,November,2029,2029-Nov,9,313,45,2029-W45,2029-11-04,46,2029-W46,2029-11-05,Non-Holiday,Weekday
1410,2029-11-10,1410,47,Saturday,November,2029,2029-Nov,10,314,45,2029-W45,2029-11-04,46,2029-W46,2029-11-05,Non-Holiday,Weekend
1411,2029-11-11,1411,47,Sunday,November,2029,2029-Nov,11,315,46,2029-W46,2029-11-04,46,2029-W46,2029-11-05,Non-Holiday,Weekend
1412,2029-11-12,1412,47,Monday,November,2029,2029-Nov,12,316,46,2029-W46,2029-11-11,47,2029-W47,2029-11-12,Non-Holiday,Weekday
1413,2029-11-13,1413,47,Tuesday,November,2029,2029-Nov,13,317,46,2029-W46,2029-11-11,47,2029-W47,2029-11-12,Non-Holiday,Weekday
1414,2029-11-14,1414,47,Wednesday,November,2029,2029-Nov,14,318,46,2029-W46,2029-11-11,47,2029-W47,2029-11-12,Non-Holiday,Weekday
1415,2029-11-15,1415,47,Thursday,November,2029,2029-Nov,15,319,46,2029-W46,2029-11-11,47,2029-W47,2029-11-12,Non-Holiday,Weekday
1416,2029-11-16,1416,47,Friday,November,2029,2029-Nov,16,320,46,2029-W46,2029-11-11,47,2029-W47,2029-11-12,Non-Holiday,Weekday
1417,2029-11-17,1417,47,Saturday,November,2029,2029-Nov,17,321,46,2029-W46,2029-11-11,47,2029-W47,2029-11-12,Non-Holiday,Weekend
1418,2029-11-18,1418,47,Sunday,November,2029,2029-Nov,18,322,47,2029-W47,2029-11-11,47,2029-W47,2029-11-12,Non-Holiday,Weekend
1419,2029-11-19,1419,47,Monday,November,2029,2029-Nov,19,323,47,2029-W47,2029-11-18,48,2029-W48,2029-11-19,Non-Holiday,Weekday
1420,2029-11-20,1420,47,Tuesday,November,2029,2029-Nov,20,324,47,2029-W47,2029-11-18,48,2029-W48,2029-11-19,Non-Holiday,Weekday
1421,2029-11-21,1421,47,Wednesday,November,2029,2029-Nov,21,325,47,2029-W47,2029-11-18,48,2029-W48,2029-11-19,Non-Holiday,Weekday
1422,2029-11-22,1422,47,Thursday,November,2029,2029-Nov,22,326,47,2029-W47,2029-11-18,48,2029-W48,2029-11-19,Non-Holiday,Weekday
1423,2029-11-23,1423,47,Friday,November,2029,2029-Nov,23,327,47,2029-W47,2029-11-18,48,2029-W48,2029-11-19,Non-Holiday,Weekday
1424,2029-11-24,1424,47,Saturday,November,2029,2029-Nov,24,328,47,2029-W47,2029-11-18,48,2029-W48,2029-11-19,Non-Holiday,Weekend
1425,2029-11-25,1425,47,Sunday,November,2029,2029-Nov,25,329,48,2029-W48,2029-11-18,48,2029-W48,2029-11-19,Non-Holiday,Weekend
1426,2029-11-26,1426,47,Monday,November,2029,2029-Nov,26,330,48,2029-W48,2029-11-25,49,2029-W49,2029-11-26,Non-Holiday,Weekday
1427,2029-11-27,1427,47,Tuesday,November,2029,2029-Nov,27,331,48,2029-W48,2029-11-25,49,2029-W49,2029-11-26,Non-Holiday,Weekday
1428,2029-11-28,1428,47,Wednesday,November,2029,2029-Nov,28,332,48,2029-W48,2029-11-25,49,2029-W49,2029-11-26,Non-Holiday,Weekday
1429,2029-11-29,1429,47,Thursday,November,2029,2029-Nov,29,333,48,2029-W48,2029-11-25,49,2029-W49,2029-11-26,Non-Holiday,Weekday
1430,2029-11-30,1430,47,Friday,November,2029,2029-Nov,30,334,48,2029-W48,2029-11-25,49,2029-W49,2029-11-26,Non-Holiday,Weekday
1431,2029-12-01,1431,48,Saturday,December,2029,2029-Dec,1,335,48,2029-W48,2029-11-25,49,2029-W49,2029-11-26,Non-Holiday,Weekend
1432,2029-12-02,1432,48,Sunday,December,2029,2029-Dec,2,336,49,2029-W49,2029-11-25,49,2029-W49,2029-11-26,Non-Holiday,Weekend
1433,2029-12-03,1433,48,Monday,December,2029,2029-Dec,3,337,49,2029-W49,2029-12-02,50,2029-W50,2029-12-03,Non-Holiday,Weekday
1434,2029-12-04,1434,48,Tuesday,December,2029,2029-Dec,4,338,49,2029-W49,2029-12-02,50,2029-W50,2029-12-03,Non-Holiday,Weekday
1435,2029-12-05,1435,48,Wednesday,December,2029,2029-Dec,5,339,49,2029-W49,2029-12-02,50,2029-W50,2029-12-03,Non-Holiday,Weekday
1436,2029-12-06,1436,48,Thursday,December,2029,2029-Dec,6,340,49,2029-W49,2029-12-02,50,2029-W50,2029-12-03,Non-Holiday,Weekday
1437,2029-12-07,1437,48,Friday,December,2029,2029-Dec,7,341,49,2029-W49,2029-12-02,50,2029-W50,2029-12-03,Non-Holiday,Weekday
1438,2029-12-08,1438,48,Saturday,December,2029,2029-Dec,8,342,49,2029-W49,2029-12-02,50,2029-W50,2029-12-03,Non-Holiday,Weekend
1439,2029-12-09,1439,48,Sunday,December,2029,2029-Dec,9,343,50,2029-W50,2029-12-02,50,2029-W50,2029-12-03,Non-Holiday,Weekend
1440,2029-12-10,1440,48,Monday,December,2029,2029-Dec,10,344,50,2029-W50,2029-12-09,51,2029-W51,2029-12-10,Non-Holiday,Weekday
1441,2029-12-11,1441,48,Tuesday,December,2029,2029-Dec,11,345,50,2029-W50,2029-12-09,51,2029-W51,2029-12-10,Non-Holiday,Weekday
1442,2029-12-12,1442,48,Wednesday,December,2029,2029-Dec,12,346,50,2029-W50,2029-12-09,51,2029-W51,2029-12-10,Non-Holiday,Weekday
1443,2029-12-13,1443,48,Thursday,December,2029,2029-Dec,13,347,50,2029-W50,2029-12-09,51,2029-W51,2029-12-10,Non-Holiday,Weekday
1444,2029-12-14,1444,48,Friday,December,2029,2029-Dec,14,348,50,2029-W50,2029-12-09,51,2029-W51,2029-12-10,Non-Holiday,Weekday
1445,2029-12-15,1445,48,Saturday,December,2029,2029-Dec,15,349,50,2029-W50,2029-12-09,51,2029-W51,2029-12-10,Non-Holiday,Weekend
1446,2029-12-16,1446,48,Sunday,December,2029,2029-Dec,16,350,51,2029-W51,2029-12-09,51,2029-W51,2029-12-10,Non-Holiday,Weekend
1447,2029-12-17,1447,48,Monday,December,2029,2029-Dec,17,351,51,2029-W51,2029-12-16,52,2029-W52,2029-12-17,Non-Holiday,Weekday
1448,2029-12-18,1448,48,Tuesday,December,2029,2029-Dec,18,352,51,2029-W51,2029-12-16,52,2029-W52,2029-12-17,Non-Holiday,Weekday
1449,2029-12-19,1449,48,Wednesday,December,2029,2029-Dec,19,353,51,2029-W51,2029-12-16,52,2029-W52,2029-12-17,Non-Holiday,Weekday
1450,2029-12-20,1450,48,Thursday,December,2029,2029-Dec,20,354,51,2029-W51,2029-12-16,52,2029-W52,2029-12-17,Non-Holiday,Weekday
1451,2029-12-21,1451,48,Friday,December,2029,2029-Dec,21,355,51,2029-W51,2029-12-16,52,2029-W52,2029-12-17,Non-Holiday,Weekday
1452,2029-12-22,1452,48,Saturday,December,2029,2029-Dec,22,356,51,2029-W51,2029-12-16,52,2029-W52,2029-12-17,Non-Holiday,Weekend
1453,2029-12-23,1453,48,Sunday,December,2029,2029-Dec,23,357,52,2029-W52,2029-12-16,52,2029-W52,2029-12-17,Non-Holiday,Weekend
1454,2029-12-24,1454,48,Monday,December,2029,2029-Dec,24,358,52,2029-W52,2029-12-23,53,2029-W53,2029-12-24,Non-Holiday,Weekday
1455,2029-12-25,1455,48,Tuesday,December,2029,2029-Dec,25,359,52,2029-W52,2029-12-23,53,2029-W53,2029-12-24,Non-Holiday,Weekday
1456,2029-12-26,1456,48,Wednesday,December,2029,2029-Dec,26,360,52,2029-W52,2029-12-23,53,2029-W53,2029-12-24,Non-Holiday,Weekday
1457,2029-12-27,1457,48,Thursday,December,2029,2029-Dec,27,361,52,2029-W52,2029-12-23,53,2029-W53,2029-12-24,Non-Holiday,Weekday
1458,2029-12-28,1458,48,Friday,December,2029,2029-Dec,28,362,52,2029-W52,2029-12-23,53,2029-W53,2029-12-24,Non-Holiday,Weekday
1459,2029-12-29,1459,48,Saturday,December,2029,2029-Dec,29,363,52,2029-W52,2029-12-23,53,2029-W53,2029-12-24,Non-Holiday,Weekend
1460,2029-12-30,1460,48,Sunday,December,2029,2029-Dec,30,364,53,2029-W53,2029-12-23,53,2029-W53,2029-12-24,Non-Holiday,Weekend
1461,2029-12-31,1461,48,Monday,December,2029,2029-Dec,31,365,53,2029-W53,2029-12-30,54,2029-W54,2029-12-31,Non-Holiday,Weekday
1462,2030-01-01,1462,49,Tuesday,January,2030,2030-Jan,1,1,1,2030-W01,2029-12-30,1,2030-W01,2029-12-31,Non-Holiday,Weekday
1463,2030-01-02,1463,49,Wednesday,January,2030,2030-Jan,2,2,1,2030-W01,2029-12-30,1,2030-W01,2029-12-31,Non-Holiday,Weekday
1464,2030-01-03,1464,49,Thursday,January,2030,2030-Jan,3,3,1,2030-W01,2029-12-30,1,2030-W01,2029-12-31,Non-Holiday,Weekday
1465,2030-01-04,1465,49,Friday,January,2030,2030-Jan,4,4,1,2030-W01,2029-12-30,1,2030-W01,2029-12-31,Non-Holiday,Weekday
1466,2030-01-05,1466,49,Saturday,January,2030,2030-Jan,5,5,1,2030-W01,2029-12-30,1,2030-W01,2029-12-31,Non-Holiday,Weekend
1467,2030-01-06,1467,49,Sunday,January,2030,2030-Jan,6,6,2,2030-W02,2029-12-30,1,2030-W01,2029-12-31,Non-Holiday,Weekend
1468,2030-01-07,1468,49,Monday,January,2030,2030-Jan,7,7,2,2030-W02,2030-01-06,2,2030-W02,2030-01-07,Non-Holiday,Weekday
1469,2030-01-08,1469,49,Tuesday,January,2030,2030-Jan,8,8,2,2030-W02,2030-01-06,2,2030-W02,2030-01-07,Non-Holiday,Weekday
1470,2030-01-09,1470,49,Wednesday,January,2030,2030-Jan,9,9,2,2030-W02,2030-01-06,2,2030-W02,2030-01-07,Non-Holiday,Weekday
1471,2030-01-10,1471,49,Thursday,January,2030,2030-Jan,10,10,2,2030-W02,2030-01-06,2,2030-W02,2030-01-07,Non-Holiday,Weekday
1472,2030-01-11,1472,49,Friday,January,2030,2030-Jan,11,11,2,2030-W02,2030-01-06,2,2030-W02,2030-01-07,Non-Holiday,Weekday
1473,2030-01-12,1473,49,Saturday,January,2030,2030-Jan,12,12,2,2030-W02,2030-01-06,2,2030-W02,2030-01-07,Non-Holiday,Weekend
1474,2030-01-13,1474,49,Sunday,January,2030,2030-Jan,13,13,3,2030-W03,2030-01-06,2,2030-W02,2030-01-07,Non-Holiday,Weekend
1475,2030-01-14,1475,49,Monday,January,2030,2030-Jan,14,14,3,2030-W03,2030-01-13,3,2030-W03,2030-01-14,Non-Holiday,Weekday
1476,2030-01-15,1476,49,Tuesday,January,2030,2030-Jan,15,15,3,2030-W03,2030-01-13,3,2030-W03,2030-01-14,Non-Holiday,Weekday
1477,2030-01-16,1477,49,Wednesday,January,2030,2030-Jan,16,16,3,2030-W03,2030-01-13,3,2030-W03,2030-01-14,Non-Holiday,Weekday
1478,2030-01-17,1478,49,Thursday,January,2030,2030-Jan,17,17,3,2030-W03,2030-01-13,3,2030-W03,2030-01-14,Non-Holiday,Weekday
1479,2030-01-18,1479,49,Friday,January,2030,2030-Jan,18,18,3,2030-W03,2030-01-13,3,2030-W03,2030-01-14,Non-Holiday,Weekday
1480,2030-01-19,1480,49,Saturday,January,2030,2030-Jan,19,19,3,2030-W03,2030-01-13,3,2030-W03,2030-01-14,Non-Holiday,Weekend
1481,2030-01-20,1481,49,Sunday,January,2030,2030-Jan,20,20,4,2030-W04,2030-01-13,3,2030-W03,2030-01-14,Non-Holiday,Weekend
1482,2030-01-21,1482,49,Monday,January,2030,2030-Jan,21,21,4,2030-W04,2030-01-20,4,2030-W04,2030-01-21,Non-Holiday,Weekday
1483,2030-01-22,1483,49,Tuesday,January,2030,2030-Jan,22,22,4,2030-W04,2030-01-20,4,2030-W04,2030-01-21,Non-Holiday,Weekday
1484,2030-01-23,1484,49,Wednesday,January,2030,2030-Jan,23,23,4,2030-W04,2030-01-20,4,2030-W04,2030-01-21,Non-Holiday,Weekday
1485,2030-01-24,1485,49,Thursday,January,2030,2030-Jan,24,24,4,2030-W04,2030-01-20,4,2030-W04,2030-01-21,Non-Holiday,Weekday
1486,2030-01-25,1486,49,Friday,January,2030,2030-Jan,25,25,4,2030-W04,2030-01-20,4,2030-W04,2030-01-21,Non-Holiday,Weekday
1487,2030-01-26,1487,49,Saturday,January,2030,2030-Jan,26,26,4,2030-W04,2030-01-20,4,2030-W04,2030-01-21,Non-Holiday,Weekend
1488,2030-01-27,1488,49,Sunday,January,2030,2030-Jan,27,27,5,2030-W05,2030-01-20,4,2030-W04,2030-01-21,Non-Holiday,Weekend
1489,2030-01-28,1489,49,Monday,January,2030,2030-Jan,28,28,5,2030-W05,2030-01-27,5,2030-W05,2030-01-28,Non-Holiday,Weekday
1490,2030-01-29,1490,49,Tuesday,January,2030,2030-Jan,29,29,5,2030-W05,2030-01-27,5,2030-W05,2030-01-28,Non-Holiday,Weekday
1491,2030-01-30,1491,49,Wednesday,January,2030,2030-Jan,30,30,5,2030-W05,2030-01-27,5,2030-W05,2030-01-28,Non-Holiday,Weekday
1492,2030-01-31,1492,49,Thursday,January,2030,2030-Jan,31,31,5,2030-W05,2030-01-27,5,2030-W05,2030-01-28,Non-Holiday,Weekday
1493,2030-02-01,1493,50,Friday,February,2030,2030-Feb,1,32,5,2030-W05,2030-01-27,5,2030-W05,2030-01-28,Non-Holiday,Weekday
1494,2030-02-02,1494,50,Saturday,February,2030,2030-Feb,2,33,5,2030-W05,2030-01-27,5,2030-W05,2030-01-28,Non-Holiday,Weekend
1495,2030-02-03,1495,50,Sunday,February,2030,2030-Feb,3,34,6,2030-W06,2030-01-27,5,2030-W05,2030-01-28,Non-Holiday,Weekend
1496,2030-02-04,1496,50,Monday,February,2030,2030-Feb,4,35,6,2030-W06,2030-02-03,6,2030-W06,2030-02-04,Non-Holiday,Weekday
1497,2030-02-05,1497,50,Tuesday,February,2030,2030-Feb,5,36,6,2030-W06,2030-02-03,6,2030-W06,2030-02-04,Non-Holiday,Weekday
1498,2030-02-06,1498,50,Wednesday,February,2030,2030-Feb,6,37,6,2030-W06,2030-02-03,6,2030-W06,2030-02-04,Non-Holiday,Weekday
1499,2030-02-07,1499,50,Thursday,February,2030,2030-Feb,7,38,6,2030-W06,2030-02-03,6,2030-W06,2030-02-04,Non-Holiday,Weekday
1500,2030-02-08,1500,50,Friday,February,2030,2030-Feb,8,39,6,2030-W06,2030-02-03,6,2030-W06,2030-02-04,Non-Holiday,Weekday
1501,2030-02-09,1501,50,Saturday,February,2030,2030-Feb,9,40,6,2030-W06,2030-02-03,6,2030-W06,2030-02-04,Non-Holiday,Weekend
1502,2030-02-10,1502,50,Sunday,February,2030,2030-Feb,10,41,7,2030-W07,2030-02-03,6,2030-W06,2030-02-04,Non-Holiday,Weekend
1503,2030-02-11,1503,50,Monday,February,2030,2030-Feb,11,42,7,2030-W07,2030-02-10,7,2030-W07,2030-02-11,Non-Holiday,Weekday
1504,2030-02-12,1504,50,Tuesday,February,2030,2030-Feb,12,43,7,2030-W07,2030-02-10,7,2030-W07,2030-02-11,Non-Holiday,Weekday
1505,2030-02-13,1505,50,Wednesday,February,2030,2030-Feb,13,44,7,2030-W07,2030-02-10,7,2030-W07,2030-02-11,Non-Holiday,Weekday
1506,2030-02-14,1506,50,Thursday,February,2030,2030-Feb,14,45,7,2030-W07,2030-02-10,7,2030-W07,2030-02-11,Non-Holiday,Weekday
1507,2030-02-15,1507,50,Friday,February,2030,2030-Feb,15,46,7,2030-W07,2030-02-10,7,2030-W07,2030-02-11,Non-Holiday,Weekday
1508,2030-02-16,1508,50,Saturday,February,2030,2030-Feb,16,47,7,2030-W07,2030-02-10,7,2030-W07,2030-02-11,Non-Holiday,Weekend
1509,2030-02-17,1509,50,Sunday,February,2030,2030-Feb,17,48,8,2030-W08,2030-02-10,7,2030-W07,2030-02-11,Non-Holiday,Weekend
1510,2030-02-18,1510,50,Monday,February,2030,2030-Feb,18,49,8,2030-W08,2030-02-17,8,2030-W08,2030-02-18,Non-Holiday,Weekday
1511,2030-02-19,1511,50,Tuesday,February,2030,2030-Feb,19,50,8,2030-W08,2030-02-17,8,2030-W08,2030-02-18,Non-Holiday,Weekday
1512,2030-02-20,1512,50,Wednesday,February,2030,2030-Feb,20,51,8,2030-W08,2030-02-17,8,2030-W08,2030-02-18,Non-Holiday,Weekday
1513,2030-02-21,1513,50,Thursday,February,2030,2030-Feb,21,52,8,2030-W08,2030-02-17,8,2030-W08,2030-02-18,Non-Holiday,Weekday
1514,2030-02-22,1514,50,Friday,February,2030,2030-Feb,22,53,8,2030-W08,2030-02-17,8,2030-W08,2030-02-18,Non-Holiday,Weekday
1515,2030-02-23,1515,50,Saturday,February,2030,2030-Feb,23,54,8,2030-W08,2030-02-17,8,2030-W08,2030-02-18,Non-Holiday,Weekend
1516,2030-02-24,1516,50,Sunday,February,2030,2030-Feb,24,55,9,2030-W09,2030-02-17,8,2030-W08,2030-02-18,Non-Holiday,Weekend
1517,2030-02-25,1517,50,Monday,February,2030,2030-Feb,25,56,9,2030-W09,2030-02-24,9,2030-W09,2030-02-25,Non-Holiday,Weekday
1518,2030-02-26,1518,50,Tuesday,February,2030,2030-Feb,26,57,9,2030-W09,2030-02-24,9,2030-W09,2030-02-25,Non-Holiday,Weekday
1519,2030-02-27,1519,50,Wednesday,February,2030,2030-Feb,27,58,9,2030-W09,2030-02-24,9,2030-W09,2030-02-25,Non-Holiday,Weekday
1520,2030-02-28,1520,50,Thursday,February,2030,2030-Feb,28,59,9,2030-W09,2030-02-24,9,2030-W09,2030-02-25,Non-Holiday,Weekday
1521,2030-03-01,1521,51,Friday,March,2030,2030-Mar,1,60,9,2030-W09,2030-02-24,9,2030-W09,2030-02-25,Non-Holiday,Weekday
1522,2030-03-02,1522,51,Saturday,March,2030,2030-Mar,2,61,9,2030-W09,2030-02-24,9,2030-W09,2030-02-25,Non-Holiday,Weekend
1523,2030-03-03,1523,51,Sunday,March,2030,2030-Mar,3,62,10,2030-W10,2030-02-24,9,2030-W09,2030-02-25,Non-Holiday,Weekend
1524,2030-03-04,1524,51,Monday,March,2030,2030-Mar,4,63,10,2030-W10,2030-03-03,10,2030-W10,2030-03-04,Non-Holiday,Weekday
1525,2030-03-05,1525,51,Tuesday,March,2030,2030-Mar,5,64,10,2030-W10,2030-03-03,10,2030-W10,2030-03-04,Non-Holiday,Weekday
1526,2030-03-06,1526,51,Wednesday,March,2030,2030-Mar,6,65,10,2030-W10,2030-03-03,10,2030-W10,2030-03-04,Non-Holiday,Weekday
1527,2030-03-07,1527,51,Thursday,March,2030,2030-Mar,7,66,10,2030-W10,2030-03-03,10,2030-W10,2030-03-04,Non-Holiday,Weekday
1528,2030-03-08,1528,51,Friday,March,2030,2030-Mar,8,67,10,2030-W10,2030-03-03,10,2030-W10,2030-03-04,Non-Holiday,Weekday
1529,2030-03-09,1529,51,Saturday,March,2030,2030-Mar,9,68,10,2030-W10,2030-03-03,10,2030-W10,2030-03-04,Non-Holiday,Weekend
1530,2030-03-10,1530,51,Sunday,March,2030,2030-Mar,10,69,11,2030-W11,2030-03-03,10,2030-W10,2030-03-04,Non-Holiday,Weekend
1531,2030-03-11,1531,51,Monday,March,2030,2030-Mar,11,70,11,2030-W11,2030-03-10,11,2030-W11,2030-03-11,Non-Holiday,Weekday
1532,2030-03-12,1532,51,Tuesday,March,2030,2030-Mar,12,71,11,2030-W11,2030-03-10,11,2030-W11,2030-03-11,Non-Holiday,Weekday
1533,2030-03-13,1533,51,Wednesday,March,2030,2030-Mar,13,72,11,2030-W11,2030-03-10,11,2030-W11,2030-03-11,Non-Holiday,Weekday
1534,2030-03-14,1534,51,Thursday,March,2030,2030-Mar,14,73,11,2030-W11,2030-03-10,11,2030-W11,2030-03-11,Non-Holiday,Weekday
1535,2030-03-15,1535,51,Friday,March,2030,2030-Mar,15,74,11,2030-W11,2030-03-10,11,2030-W11,2030-03-11,Non-Holiday,Weekday
1536,2030-03-16,1536,51,Saturday,March,2030,2030-Mar,16,75,11,2030-W11,2030-03-10,11,2030-W11,2030-03-11,Non-Holiday,Weekend
1537,2030-03-17,1537,51,Sunday,March,2030,2030-Mar,17,76,12,2030-W12,2030-03-10,11,2030-W11,2030-03-11,Non-Holiday,Weekend
1538,2030-03-18,1538,51,Monday,March,2030,2030-Mar,18,77,12,2030-W12,2030-03-17,12,2030-W12,2030-03-18,Non-Holiday,Weekday
1539,2030-03-19,1539,51,Tuesday,March,2030,2030-Mar,19,78,12,2030-W12,2030-03-17,12,2030-W12,2030-03-18,Non-Holiday,Weekday
1540,2030-03-20,1540,51,Wednesday,March,2030,2030-Mar,20,79,12,2030-W12,2030-03-17,12,2030-W12,2030-03-18,Non-Holiday,Weekday
1541,2030-03-21,1541,51,Thursday,March,2030,2030-Mar,21,80,12,2030-W12,2030-03-17,12,2030-W12,2030-03-18,Non-Holiday,Weekday
1542,2030-03-22,1542,51,Friday,March,2030,2030-Mar,22,81,12,2030-W12,2030-03-17,12,2030-W12,2030-03-18,Non-Holiday,Weekday
1543,2030-03-23,1543,51,Saturday,March,2030,2030-Mar,23,82,12,2030-W12,2030-03-17,12,2030-W12,2030-03-18,Non-Holiday,Weekend
1544,2030-03-24,1544,51,Sunday,March,2030,2030-Mar,24,83,13,2030-W13,2030-03-17,12,2030-W12,2030-03-18,Non-Holiday,Weekend
1545,2030-03-25,1545,51,Monday,March,2030,2030-Mar,25,84,13,2030-W13,2030-03-24,13,2030-W13,2030-03-25,Non-Holiday,Weekday
1546,2030-03-26,1546,51,Tuesday,March,2030,2030-Mar,26,85,13,2030-W13,2030-03-24,13,2030-W13,2030-03-25,Non-Holiday,Weekday
1547,2030-03-27,1547,51,Wednesday,March,2030,2030-Mar,27,86,13,2030-W13,2030-03-24,13,2030-W13,2030-03-25,Non-Holiday,Weekday
1548,2030-03-28,1548,51,Thursday,March,2030,2030-Mar,28,87,13,2030-W13,2030-03-24,13,2030-W13,2030-03-25,Non-Holiday,Weekday
1549,2030-03-29,1549,51,Friday,March,2030,2030-Mar,29,88,13,2030-W13,2030-03-24,13,2030-W13,2030-03-25,Non-Holiday,Weekday
1550,2030-03-30,1550,51,Saturday,March,2030,2030-Mar,30,89,13,2030-W13,2030-03-24,13,2030-W13,2030-03-25,Non-Holiday,Weekend
1551,2030-03-31,1551,51,Sunday,March,2030,2030-Mar,31,90,14,2030-W14,2030-03-24,13,2030-W13,2030-03-25,Non-Holiday,Weekend
1552,2030-04-01,1552,52,Monday,April,2030,2030-Apr,1,91,14,2030-W14,2030-03-31,14,2030-W14,2030-04-01,Non-Holiday,Weekday
1553,2030-04-02,1553,52,Tuesday,April,2030,2030-Apr,2,92,14,2030-W14,2030-03-31,14,2030-W14,2030-04-01,Non-Holiday,Weekday
1554,2030-04-03,1554,52,Wednesday,April,2030,2030-Apr,3,93,14,2030-W14,2030-03-31,14,2030-W14,2030-04-01,Non-Holiday,Weekday
1555,2030-04-04,1555,52,Thursday,April,2030,2030-Apr,4,94,14,2030-W14,2030-03-31,14,2030-W14,2030-04-01,Non-Holiday,Weekday
1556,2030-04-05,1556,52,Friday,April,2030,2030-Apr,5,95,14,2030-W14,2030-03-31,14,2030-W14,2030-04-01,Non-Holiday,Weekday
1557,2030-04-06,1557,52,Saturday,April,2030,2030-Apr,6,96,14,2030-W14,2030-03-31,14,2030-W14,2030-04-01,Non-Holiday,Weekend
1558,2030-04-07,1558,52,Sunday,April,2030,2030-Apr,7,97,15,2030-W15,2030-03-31,14,2030-W14,2030-04-01,Non-Holiday,Weekend
1559,2030-04-08,1559,52,Monday,April,2030,2030-Apr,8,98,15,2030-W15,2030-04-07,15,2030-W15,2030-04-08,Non-Holiday,Weekday
1560,2030-04-09,1560,52,Tuesday,April,2030,2030-Apr,9,99,15,2030-W15,2030-04-07,15,2030-W15,2030-04-08,Non-Holiday,Weekday
1561,2030-04-10,1561,52,Wednesday,April,2030,2030-Apr,10,100,15,2030-W15,2030-04-07,15,2030-W15,2030-04-08,Non-Holiday,Weekday
1562,2030-04-11,1562,52,Thursday,April,2030,2030-Apr,11,101,15,2030-W15,2030-04-07,15,2030-W15,2030-04-08,Non-Holiday,Weekday
1563,2030-04-12,1563,52,Friday,April,2030,2030-Apr,12,102,15,2030-W15,2030-04-07,15,2030-W15,2030-04-08,Non-Holiday,Weekday
1564,2030-04-13,1564,52,Saturday,April,2030,2030-Apr,13,103,15,2030-W15,2030-04-07,15,2030-W15,2030-04-08,Non-Holiday,Weekend
1565,2030-04-14,1565,52,Sunday,April,2030,2030-Apr,14,104,16,2030-W16,2030-04-07,15,2030-W15,2030-04-08,Non-Holiday,Weekend
1566,2030-04-15,1566,52,Monday,April,2030,2030-Apr,15,105,16,2030-W16,2030-04-14,16,2030-W16,2030-04-15,Non-Holiday,Weekday
1567,2030-04-16,1567,52,Tuesday,April,2030,2030-Apr,16,106,16,2030-W16,2030-04-14,16,2030-W16,2030-04-15,Non-Holiday,Weekday
1568,2030-04-17,1568,52,Wednesday,April,2030,2030-Apr,17,107,16,2030-W16,2030-04-14,16,2030-W16,2030-04-15,Non-Holiday,Weekday
1569,2030-04-18,1569,52,Thursday,April,2030,2030-Apr,18,108,16,2030-W16,2030-04-14,16,2030-W16,2030-04-15,Non-Holiday,Weekday
1570,2030-04-19,1570,52,Friday,April,2030,2030-Apr,19,109,16,2030-W16,2030-04-14,16,2030-W16,2030-04-15,Non-Holiday,Weekday
1571,2030-04-20,1571,52,Saturday,April,2030,2030-Apr,20,110,16,2030-W16,2030-04-14,16,2030-W16,2030-04-15,Non-Holiday,Weekend
1572,2030-04-21,1572,52,Sunday,April,2030,2030-Apr,21,111,17,2030-W17,2030-04-14,16,2030-W16,2030-04-15,Non-Holiday,Weekend
1573,2030-04-22,1573,52,Monday,April,2030,2030-Apr,22,112,17,2030-W17,2030-04-21,17,2030-W17,2030-04-22,Non-Holiday,Weekday
1574,2030-04-23,1574,52,Tuesday,April,2030,2030-Apr,23,113,17,2030-W17,2030-04-21,17,2030-W17,2030-04-22,Non-Holiday,Weekday
1575,2030-04-24,1575,52,Wednesday,April,2030,2030-Apr,24,114,17,2030-W17,2030-04-21,17,2030-W17,2030-04-22,Non-Holiday,Weekday
1576,2030-04-25,1576,52,Thursday,April,2030,2030-Apr,25,115,17,2030-W17,2030-04-21,17,2030-W17,2030-04-22,Non-Holiday,Weekday
1577,2030-04-26,1577,52,Friday,April,2030,2030-Apr,26,116,17,2030-W17,2030-04-21,17,2030-W17,2030-04-22,Non-Holiday,Weekday
1578,2030-04-27,1578,52,Saturday,April,2030,2030-Apr,27,117,17,2030-W17,2030-04-21,17,2030-W17,2030-04-22,Non-Holiday,Weekend
1579,2030-04-28,1579,52,Sunday,April,2030,2030-Apr,28,118,18,2030-W18,2030-04-21,17,2030-W17,2030-04-22,Non-Holiday,Weekend
1580,2030-04-29,1580,52,Monday,April,2030,2030-Apr,29,119,18,2030-W18,2030-04-28,18,2030-W18,2030-04-29,Non-Holiday,Weekday
1581,2030-04-30,1581,52,Tuesday,April,2030,2030-Apr,30,120,18,2030-W18,2030-04-28,18,2030-W18,2030-04-29,Non-Holiday,Weekday
1582,2030-05-01,1582,53,Wednesday,May,2030,2030-May,1,121,18,2030-W18,2030-04-28,18,2030-W18,2030-04-29,Non-Holiday,Weekday
1583,2030-05-02,1583,53,Thursday,May,2030,2030-May,2,122,18,2030-W18,2030-04-28,18,2030-W18,2030-04-29,Non-Holiday,Weekday
1584,2030-05-03,1584,53,Friday,May,2030,2030-May,3,123,18,2030-W18,2030-04-28,18,2030-W18,2030-04-29,Non-Holiday,Weekday
1585,2030-05-04,1585,53,Saturday,May,2030,2030-May,4,124,18,2030-W18,2030-04-28,18,2030-W18,2030-04-29,Non-Holiday,Weekend
1586,2030-05-05,1586,53,Sunday,May,2030,2030-May,5,125,19,2030-W19,2030-04-28,18,2030-W18,2030-04-29,Non-Holiday,Weekend
1587,2030-05-06,1587,53,Monday,May,2030,2030-May,6,126,19,2030-W19,2030-05-05,19,2030-W19,2030-05-06,Non-Holiday,Weekday
1588,2030-05-07,1588,53,Tuesday,May,2030,2030-May,7,127,19,2030-W19,2030-05-05,19,2030-W19,2030-05-06,Non-Holiday,Weekday
1589,2030-05-08,1589,53,Wednesday,May,2030,2030-May,8,128,19,2030-W19,2030-05-05,19,2030-W19,2030-05-06,Non-Holiday,Weekday
1590,2030-05-09,1590,53,Thursday,May,2030,2030-May,9,129,19,2030-W19,2030-05-05,19,2030-W19,2030-05-06,Non-Holiday,Weekday
1591,2030-05-10,1591,53,Friday,May,2030,2030-May,10,130,19,2030-W19,2030-05-05,19,2030-W19,2030-05-06,Non-Holiday,Weekday
1592,2030-05-11,1592,53,Saturday,May,2030,2030-May,11,131,19,2030-W19,2030-05-05,19,2030-W19,2030-05-06,Non-Holiday,Weekend
1593,2030-05-12,1593,53,Sunday,May,2030,2030-May,12,132,20,2030-W20,2030-05-05,19,2030-W19,2030-05-06,Non-Holiday,Weekend
1594,2030-05-13,1594,53,Monday,May,2030,2030-May,13,133,20,2030-W20,2030-05-12,20,2030-W20,2030-05-13,Non-Holiday,Weekday
1595,2030-05-14,1595,53,Tuesday,May,2030,2030-May,14,134,20,2030-W20,2030-05-12,20,2030-W20,2030-05-13,Non-Holiday,Weekday
1596,2030-05-15,1596,53,Wednesday,May,2030,2030-May,15,135,20,2030-W20,2030-05-12,20,2030-W20,2030-05-13,Non-Holiday,Weekday
1597,2030-05-16,1597,53,Thursday,May,2030,2030-May,16,136,20,2030-W20,2030-05-12,20,2030-W20,2030-05-13,Non-Holiday,Weekday
1598,2030-05-17,1598,53,Friday,May,2030,2030-May,17,137,20,2030-W20,2030-05-12,20,2030-W20,2030-05-13,Non-Holiday,Weekday
1599,2030-05-18,1599,53,Saturday,May,2030,2030-May,18,138,20,2030-W20,2030-05-12,20,2030-W20,2030-05-13,Non-Holiday,Weekend
1600,2030-05-19,1600,53,Sunday,May,2030,2030-May,19,139,21,2030-W21,2030-05-12,20,2030-W20,2030-05-13,Non-Holiday,Weekend
1601,2030-05-20,1601,53,Monday,May,2030,2030-May,20,140,21,2030-W21,2030-05-19,21,2030-W21,2030-05-20,Non-Holiday,Weekday
1602,2030-05-21,1602,53,Tuesday,May,2030,2030-May,21,141,21,2030-W21,2030-05-19,21,2030-W21,2030-05-20,Non-Holiday,Weekday
1603,2030-05-22,1603,53,Wednesday,May,2030,2030-May,22,142,21,2030-W21,2030-05-19,21,2030-W21,2030-05-20,Non-Holiday,Weekday
1604,2030-05-23,1604,53,Thursday,May,2030,2030-May,23,143,21,2030-W21,2030-05-19,21,2030-W21,2030-05-20,Non-Holiday,Weekday
1605,2030-05-24,1605,53,Friday,May,2030,2030-May,24,144,21,2030-W21,2030-05-19,21,2030-W21,2030-05-20,Non-Holiday,Weekday
1606,2030-05-25,1606,53,Saturday,May,2030,2030-May,25,145,21,2030-W21,2030-05-19,21,2030-W21,2030-05-20,Non-Holiday,Weekend
1607,2030-05-26,1607,53,Sunday,May,2030,2030-May,26,146,22,2030-W22,2030-05-19,21,2030-W21,2030-05-20,Non-Holiday,Weekend
1608,2030-05-27,1608,53,Monday,May,2030,2030-May,27,147,22,2030-W22,2030-05-26,22,2030-W22,2030-05-27,Non-Holiday,Weekday
1609,2030-05-28,1609,53,Tuesday,May,2030,2030-May,28,148,22,2030-W22,2030-05-26,22,2030-W22,2030-05-27,Non-Holiday,Weekday
1610,2030-05-29,1610,53,Wednesday,May,2030,2030-May,29,149,22,2030-W22,2030-05-26,22,2030-W22,2030-05-27,Non-Holiday,Weekday
1611,2030-05-30,1611,53,Thursday,May,2030,2030-May,30,150,22,2030-W22,2030-05-26,22,2030-W22,2030-05-27,Non-Holiday,Weekday
1612,2030-05-31,1612,53,Friday,May,2030,2030-May,31,151,22,2030-W22,2030-05-26,22,2030-W22,2030-05-27,Non-Holiday,Weekday
1613,2030-06-01,1613,54,Saturday,June,2030,2030-Jun,1,152,22,2030-W22,2030-05-26,22,2030-W22,2030-05-27,Non-Holiday,Weekend
1614,2030-06-02,1614,54,Sunday,June,2030,2030-Jun,2,153,23,2030-W23,2030-05-26,22,2030-W22,2030-05-27,Non-Holiday,Weekend
1615,2030-06-03,1615,54,Monday,June,2030,2030-Jun,3,154,23,2030-W23,2030-06-02,23,2030-W23,2030-06-03,Non-Holiday,Weekday
1616,2030-06-04,1616,54,Tuesday,June,2030,2030-Jun,4,155,23,2030-W23,2030-06-02,23,2030-W23,2030-06-03,Non-Holiday,Weekday
1617,2030-06-05,1617,54,Wednesday,June,2030,2030-Jun,5,156,23,2030-W23,2030-06-02,23,2030-W23,2030-06-03,Non-Holiday,Weekday
1618,2030-06-06,1618,54,Thursday,June,2030,2030-Jun,6,157,23,2030-W23,2030-06-02,23,2030-W23,2030-06-03,Non-Holiday,Weekday
1619,2030-06-07,1619,54,Friday,June,2030,2030-Jun,7,158,23,2030-W23,2030-06-02,23,2030-W23,2030-06-03,Non-Holiday,Weekday
1620,2030-06-08,1620,54,Saturday,June,2030,2030-Jun,8,159,23,2030-W23,2030-06-02,23,2030-W23,2030-06-03,Non-Holiday,Weekend
1621,2030-06-09,1621,54,Sunday,June,2030,2030-Jun,9,160,24,2030-W24,2030-06-02,23,2030-W23,2030-06-03,Non-Holiday,Weekend
1622,2030-06-10,1622,54,Monday,June,2030,2030-Jun,10,161,24,2030-W24,2030-06-09,24,2030-W24,2030-06-10,Non-Holiday,Weekday
1623,2030-06-11,1623,54,Tuesday,June,2030,2030-Jun,11,162,24,2030-W24,2030-06-09,24,2030-W24,2030-06-10,Non-Holiday,Weekday
1624,2030-06-12,1624,54,Wednesday,June,2030,2030-Jun,12,163,24,2030-W24,2030-06-09,24,2030-W24,2030-06-10,Non-Holiday,Weekday
1625,2030-06-13,1625,54,Thursday,June,2030,2030-Jun,13,164,24,2030-W24,2030-06-09,24,2030-W24,2030-06-10,Non-Holiday,Weekday
1626,2030-06-14,1626,54,Friday,June,2030,2030-Jun,14,165,24,2030-W24,2030-06-09,24,2030-W24,2030-06-10,Non-Holiday,Weekday
1627,2030-06-15,1627,54,Saturday,June,2030,2030-Jun,15,166,24,2030-W24,2030-06-09,24,2030-W24,2030-06-10,Non-Holiday,Weekend
1628,2030-06-16,1628,54,Sunday,June,2030,2030-Jun,16,167,25,2030-W25,2030-06-09,24,2030-W24,2030-06-10,Non-Holiday,Weekend
1629,2030-06-17,1629,54,Monday,June,2030,2030-Jun,17,168,25,2030-W25,2030-06-16,25,2030-W25,2030-06-17,Non-Holiday,Weekday
1630,2030-06-18,1630,54,Tuesday,June,2030,2030-Jun,18,169,25,2030-W25,2030-06-16,25,2030-W25,2030-06-17,Non-Holiday,Weekday
1631,2030-06-19,1631,54,Wednesday,June,2030,2030-Jun,19,170,25,2030-W25,2030-06-16,25,2030-W25,2030-06-17,Non-Holiday,Weekday
1632,2030-06-20,1632,54,Thursday,June,2030,2030-Jun,20,171,25,2030-W25,2030-06-16,25,2030-W25,2030-06-17,Non-Holiday,Weekday
1633,2030-06-21,1633,54,Friday,June,2030,2030-Jun,21,172,25,2030-W25,2030-06-16,25,2030-W25,2030-06-17,Non-Holiday,Weekday
1634,2030-06-22,1634,54,Saturday,June,2030,2030-Jun,22,173,25,2030-W25,2030-06-16,25,2030-W25,2030-06-17,Non-Holiday,Weekend
1635,2030-06-23,1635,54,Sunday,June,2030,2030-Jun,23,174,26,2030-W26,2030-06-16,25,2030-W25,2030-06-17,Non-Holiday,Weekend
1636,2030-06-24,1636,54,Monday,June,2030,2030-Jun,24,175,26,2030-W26,2030-06-23,26,2030-W26,2030-06-24,Non-Holiday,Weekday
1637,2030-06-25,1637,54,Tuesday,June,2030,2030-Jun,25,176,26,2030-W26,2030-06-23,26,2030-W26,2030-06-24,Non-Holiday,Weekday
1638,2030-06-26,1638,54,Wednesday,June,2030,2030-Jun,26,177,26,2030-W26,2030-06-23,26,2030-W26,2030-06-24,Non-Holiday,Weekday
1639,2030-06-27,1639,54,Thursday,June,2030,2030-Jun,27,178,26,2030-W26,2030-06-23,26,2030-W26,2030-06-24,Non-Holiday,Weekday
1640,2030-06-28,1640,54,Friday,June,2030,2030-Jun,28,179,26,2030-W26,2030-06-23,26,2030-W26,2030-06-24,Non-Holiday,Weekday
1641,2030-06-29,1641,54,Saturday,June,2030,2030-Jun,29,180,26,2030-W26,2030-06-23,26,2030-W26,2030-06-24,Non-Holiday,Weekend
1642,2030-06-30,1642,54,Sunday,June,2030,2030-Jun,30,181,27,2030-W27,2030-06-23,26,2030-W26,2030-06-24,Non-Holiday,Weekend
1643,2030-07-01,1643,55,Monday,July,2030,2030-Jul,1,182,27,2030-W27,2030-06-30,27,2030-W27,2030-07-01,Non-Holiday,Weekday
1644,2030-07-02,1644,55,Tuesday,July,2030,2030-Jul,2,183,27,2030-W27,2030-06-30,27,2030-W27,2030-07-01,Non-Holiday,Weekday
1645,2030-07-03,1645,55,Wednesday,July,2030,2030-Jul,3,184,27,2030-W27,2030-06-30,27,2030-W27,2030-07-01,Non-Holiday,Weekday
1646,2030-07-04,1646,55,Thursday,July,2030,2030-Jul,4,185,27,2030-W27,2030-06-30,27,2030-W27,2030-07-01,Non-Holiday,Weekday
1647,2030-07-05,1647,55,Friday,July,2030,2030-Jul,5,186,27,2030-W27,2030-06-30,27,2030-W27,2030-07-01,Non-Holiday,Weekday
1648,2030-07-06,1648,55,Saturday,July,2030,2030-Jul,6,187,27,2030-W27,2030-06-30,27,2030-W27,2030-07-01,Non-Holiday,Weekend
1649,2030-07-07,1649,55,Sunday,July,2030,2030-Jul,7,188,28,2030-W28,2030-06-30,27,2030-W27,2030-07-01,Non-Holiday,Weekend
1650,2030-07-08,1650,55,Monday,July,2030,2030-Jul,8,189,28,2030-W28,2030-07-07,28,2030-W28,2030-07-08,Non-Holiday,Weekday
1651,2030-07-09,1651,55,Tuesday,July,2030,2030-Jul,9,190,28,2030-W28,2030-07-07,28,2030-W28,2030-07-08,Non-Holiday,Weekday
1652,2030-07-10,1652,55,Wednesday,July,2030,2030-Jul,10,191,28,2030-W28,2030-07-07,28,2030-W28,2030-07-08,Non-Holiday,Weekday
1653,2030-07-11,1653,55,Thursday,July,2030,2030-Jul,11,192,28,2030-W28,2030-07-07,28,2030-W28,2030-07-08,Non-Holiday,Weekday
1654,2030-07-12,1654,55,Friday,July,2030,2030-Jul,12,193,28,2030-W28,2030-07-07,28,2030-W28,2030-07-08,Non-Holiday,Weekday
1655,2030-07-13,1655,55,Saturday,July,2030,2030-Jul,13,194,28,2030-W28,2030-07-07,28,2030-W28,2030-07-08,Non-Holiday,Weekend
1656,2030-07-14,1656,55,Sunday,July,2030,2030-Jul,14,195,29,2030-W29,2030-07-07,28,2030-W28,2030-07-08,Non-Holiday,Weekend
1657,2030-07-15,1657,55,Monday,July,2030,2030-Jul,15,196,29,2030-W29,2030-07-14,29,2030-W29,2030-07-15,Non-Holiday,Weekday
1658,2030-07-16,1658,55,Tuesday,July,2030,2030-Jul,16,197,29,2030-W29,2030-07-14,29,2030-W29,2030-07-15,Non-Holiday,Weekday
1659,2030-07-17,1659,55,Wednesday,July,2030,2030-Jul,17,198,29,2030-W29,2030-07-14,29,2030-W29,2030-07-15,Non-Holiday,Weekday
1660,2030-07-18,1660,55,Thursday,July,2030,2030-Jul,18,199,29,2030-W29,2030-07-14,29,2030-W29,2030-07-15,Non-Holiday,Weekday
1661,2030-07-19,1661,55,Friday,July,2030,2030-Jul,19,200,29,2030-W29,2030-07-14,29,2030-W29,2030-07-15,Non-Holiday,Weekday
1662,2030-07-20,1662,55,Saturday,July,2030,2030-Jul,20,201,29,2030-W29,2030-07-14,29,2030-W29,2030-07-15,Non-Holiday,Weekend
1663,2030-07-21,1663,55,Sunday,July,2030,2030-Jul,21,202,30,2030-W30,2030-07-14,29,2030-W29,2030-07-15,Non-Holiday,Weekend
1664,2030-07-22,1664,55,Monday,July,2030,2030-Jul,22,203,30,2030-W30,2030-07-21,30,2030-W30,2030-07-22,Non-Holiday,Weekday
1665,2030-07-23,1665,55,Tuesday,July,2030,2030-Jul,23,204,30,2030-W30,2030-07-21,30,2030-W30,2030-07-22,Non-Holiday,Weekday
1666,2030-07-24,1666,55,Wednesday,July,2030,2030-Jul,24,205,30,2030-W30,2030-07-21,30,2030-W30,2030-07-22,Non-Holiday,Weekday
1667,2030-07-25,1667,55,Thursday,July,2030,2030-Jul,25,206,30,2030-W30,2030-07-21,30,2030-W30,2030-07-22,Non-Holiday,Weekday
1668,2030-07-26,1668,55,Friday,July,2030,2030-Jul,26,207,30,2030-W30,2030-07-21,30,2030-W30,2030-07-22,Non-Holiday,Weekday
1669,2030-07-27,1669,55,Saturday,July,2030,2030-Jul,27,208,30,2030-W30,2030-07-21,30,2030-W30,2030-07-22,Non-Holiday,Weekend
1670,2030-07-28,1670,55,Sunday,July,2030,2030-Jul,28,209,31,2030-W31,2030-07-21,30,2030-W30,2030-07-22,Non-Holiday,Weekend
1671,2030-07-29,1671,55,Monday,July,2030,2030-Jul,29,210,31,2030-W31,2030-07-28,31,2030-W31,2030-07-29,Non-Holiday,Weekday
1672,2030-07-30,1672,55,Tuesday,July,2030,2030-Jul,30,211,31,2030-W31,2030-07-28,31,2030-W31,2030-07-29,Non-Holiday,Weekday
1673,2030-07-31,1673,55,Wednesday,July,2030,2030-Jul,31,212,31,2030-W31,2030-07-28,31,2030-W31,2030-07-29,Non-Holiday,Weekday
1674,2030-08-01,1674,56,Thursday,August,2030,2030-Aug,1,213,31,2030-W31,2030-07-28,31,2030-W31,2030-07-29,Non-Holiday,Weekday
1675,2030-08-02,1675,56,Friday,August,2030,2030-Aug,2,214,31,2030-W31,2030-07-28,31,2030-W31,2030-07-29,Non-Holiday,Weekday
1676,2030-08-03,1676,56,Saturday,August,2030,2030-Aug,3,215,31,2030-W31,2030-07-28,31,2030-W31,2030-07-29,Non-Holiday,Weekend
1677,2030-08-04,1677,56,Sunday,August,2030,2030-Aug,4,216,32,2030-W32,2030-07-28,31,2030-W31,2030-07-29,Non-Holiday,Weekend
1678,2030-08-05,1678,56,Monday,August,2030,2030-Aug,5,217,32,2030-W32,2030-08-04,32,2030-W32,2030-08-05,Non-Holiday,Weekday
1679,2030-08-06,1679,56,Tuesday,August,2030,2030-Aug,6,218,32,2030-W32,2030-08-04,32,2030-W32,2030-08-05,Non-Holiday,Weekday
1680,2030-08-07,1680,56,Wednesday,August,2030,2030-Aug,7,219,32,2030-W32,2030-08-04,32,2030-W32,2030-08-05,Non-Holiday,Weekday
1681,2030-08-08,1681,56,Thursday,August,2030,2030-Aug,8,220,32,2030-W32,2030-08-04,32,2030-W32,2030-08-05,Non-Holiday,Weekday
1682,2030-08-09,1682,56,Friday,August,2030,2030-Aug,9,221,32,2030-W32,2030-08-04,32,2030-W32,2030-08-05,Non-Holiday,Weekday
1683,2030-08-10,1683,56,Saturday,August,2030,2030-Aug,10,222,32,2030-W32,2030-08-04,32,2030-W32,2030-08-05,Non-Holiday,Weekend
1684,2030-08-11,1684,56,Sunday,August,2030,2030-Aug,11,223,33,2030-W33,2030-08-04,32,2030-W32,2030-08-05,Non-Holiday,Weekend
1685,2030-08-12,1685,56,Monday,August,2030,2030-Aug,12,224,33,2030-W33,2030-08-11,33,2030-W33,2030-08-12,Non-Holiday,Weekday
1686,2030-08-13,1686,56,Tuesday,August,2030,2030-Aug,13,225,33,2030-W33,2030-08-11,33,2030-W33,2030-08-12,Non-Holiday,Weekday
1687,2030-08-14,1687,56,Wednesday,August,2030,2030-Aug,14,226,33,2030-W33,2030-08-11,33,2030-W33,2030-08-12,Non-Holiday,Weekday
1688,2030-08-15,1688,56,Thursday,August,2030,2030-Aug,15,227,33,2030-W33,2030-08-11,33,2030-W33,2030-08-12,Non-Holiday,Weekday
1689,2030-08-16,1689,56,Friday,August,2030,2030-Aug,16,228,33,2030-W33,2030-08-11,33,2030-W33,2030-08-12,Non-Holiday,Weekday
1690,2030-08-17,1690,56,Saturday,August,2030,2030-Aug,17,229,33,2030-W33,2030-08-11,33,2030-W33,2030-08-12,Non-Holiday,Weekend
1691,2030-08-18,1691,56,Sunday,August,2030,2030-Aug,18,230,34,2030-W34,2030-08-11,33,2030-W33,2030-08-12,Non-Holiday,Weekend
1692,2030-08-19,1692,56,Monday,August,2030,2030-Aug,19,231,34,2030-W34,2030-08-18,34,2030-W34,2030-08-19,Non-Holiday,Weekday
1693,2030-08-20,1693,56,Tuesday,August,2030,2030-Aug,20,232,34,2030-W34,2030-08-18,34,2030-W34,2030-08-19,Non-Holiday,Weekday
1694,2030-08-21,1694,56,Wednesday,August,2030,2030-Aug,21,233,34,2030-W34,2030-08-18,34,2030-W34,2030-08-19,Non-Holiday,Weekday
1695,2030-08-22,1695,56,Thursday,August,2030,2030-Aug,22,234,34,2030-W34,2030-08-18,34,2030-W34,2030-08-19,Non-Holiday,Weekday
1696,2030-08-23,1696,56,Friday,August,2030,2030-Aug,23,235,34,2030-W34,2030-08-18,34,2030-W34,2030-08-19,Non-Holiday,Weekday
1697,2030-08-24,1697,56,Saturday,August,2030,2030-Aug,24,236,34,2030-W34,2030-08-18,34,2030-W34,2030-08-19,Non-Holiday,Weekend
1698,2030-08-25,1698,56,Sunday,August,2030,2030-Aug,25,237,35,2030-W35,2030-08-18,34,2030-W34,2030-08-19,Non-Holiday,Weekend
1699,2030-08-26,1699,56,Monday,August,2030,2030-Aug,26,238,35,2030-W35,2030-08-25,35,2030-W35,2030-08-26,Non-Holiday,Weekday
1700,2030-08-27,1700,56,Tuesday,August,2030,2030-Aug,27,239,35,2030-W35,2030-08-25,35,2030-W35,2030-08-26,Non-Holiday,Weekday
1701,2030-08-28,1701,56,Wednesday,August,2030,2030-Aug,28,240,35,2030-W35,2030-08-25,35,2030-W35,2030-08-26,Non-Holiday,Weekday
1702,2030-08-29,1702,56,Thursday,August,2030,2030-Aug,29,241,35,2030-W35,2030-08-25,35,2030-W35,2030-08-26,Non-Holiday,Weekday
1703,2030-08-30,1703,56,Friday,August,2030,2030-Aug,30,242,35,2030-W35,2030-08-25,35,2030-W35,2030-08-26,Non-Holiday,Weekday
1704,2030-08-31,1704,56,Saturday,August,2030,2030-Aug,31,243,35,2030-W35,2030-08-25,35,2030-W35,2030-08-26,Non-Holiday,Weekend
1705,2030-09-01,1705,57,Sunday,September,2030,2030-Sep,1,244,36,2030-W36,2030-08-25,35,2030-W35,2030-08-26,Non-Holiday,Weekend
1706,2030-09-02,1706,57,Monday,September,2030,2030-Sep,2,245,36,2030-W36,2030-09-01,36,2030-W36,2030-09-02,Non-Holiday,Weekday
1707,2030-09-03,1707,57,Tuesday,September,2030,2030-Sep,3,246,36,2030-W36,2030-09-01,36,2030-W36,2030-09-02,Non-Holiday,Weekday
1708,2030-09-04,1708,57,Wednesday,September,2030,2030-Sep,4,247,36,2030-W36,2030-09-01,36,2030-W36,2030-09-02,Non-Holiday,Weekday
1709,2030-09-05,1709,57,Thursday,September,2030,2030-Sep,5,248,36,2030-W36,2030-09-01,36,2030-W36,2030-09-02,Non-Holiday,Weekday
1710,2030-09-06,1710,57,Friday,September,2030,2030-Sep,6,249,36,2030-W36,2030-09-01,36,2030-W36,2030-09-02,Non-Holiday,Weekday
1711,2030-09-07,1711,57,Saturday,September,2030,2030-Sep,7,250,36,2030-W36,2030-09-01,36,2030-W36,2030-09-02,Non-Holiday,Weekend
1712,2030-09-08,1712,57,Sunday,September,2030,2030-Sep,8,251,37,2030-W37,2030-09-01,36,2030-W36,2030-09-02,Non-Holiday,Weekend
1713,2030-09-09,1713,57,Monday,September,2030,2030-Sep,9,252,37,2030-W37,2030-09-08,37,2030-W37,2030-09-09,Non-Holiday,Weekday
1714,2030-09-10,1714,57,Tuesday,September,2030,2030-Sep,10,253,37,2030-W37,2030-09-08,37,2030-W37,2030-09-09,Non-Holiday,Weekday
1715,2030-09-11,1715,57,Wednesday,September,2030,2030-Sep,11,254,37,2030-W37,2030-09-08,37,2030-W37,2030-09-09,Non-Holiday,Weekday
1716,2030-09-12,1716,57,Thursday,September,2030,2030-Sep,12,255,37,2030-W37,2030-09-08,37,2030-W37,2030-09-09,Non-Holiday,Weekday
1717,2030-09-13,1717,57,Friday,September,2030,2030-Sep,13,256,37,2030-W37,2030-09-08,37,2030-W37,2030-09-09,Non-Holiday,Weekday
1718,2030-09-14,1718,57,Saturday,September,2030,2030-Sep,14,257,37,2030-W37,2030-09-08,37,2030-W37,2030-09-09,Non-Holiday,Weekend
1719,2030-09-15,1719,57,Sunday,September,2030,2030-Sep,15,258,38,2030-W38,2030-09-08,37,2030-W37,2030-09-09,Non-Holiday,Weekend
1720,2030-09-16,1720,57,Monday,September,2030,2030-Sep,16,259,38,2030-W38,2030-09-15,38,2030-W38,2030-09-16,Non-Holiday,Weekday
1721,2030-09-17,1721,57,Tuesday,September,2030,2030-Sep,17,260,38,2030-W38,2030-09-15,38,2030-W38,2030-09-16,Non-Holiday,Weekday
1722,2030-09-18,1722,57,Wednesday,September,2030,2030-Sep,18,261,38,2030-W38,2030-09-15,38,2030-W38,2030-09-16,Non-Holiday,Weekday
1723,2030-09-19,1723,57,Thursday,September,2030,2030-Sep,19,262,38,2030-W38,2030-09-15,38,2030-W38,2030-09-16,Non-Holiday,Weekday
1724,2030-09-20,1724,57,Friday,September,2030,2030-Sep,20,263,38,2030-W38,2030-09-15,38,2030-W38,2030-09-16,Non-Holiday,Weekday
1725,2030-09-21,1725,57,Saturday,September,2030,2030-Sep,21,264,38,2030-W38,2030-09-15,38,2030-W38,2030-09-16,Non-Holiday,Weekend
1726,2030-09-22,1726,57,Sunday,September,2030,2030-Sep,22,265,39,2030-W39,2030-09-15,38,2030-W38,2030-09-16,Non-Holiday,Weekend
1727,2030-09-23,1727,57,Monday,September,2030,2030-Sep,23,266,39,2030-W39,2030-09-22,39,2030-W39,2030-09-23,Non-Holiday,Weekday
1728,2030-09-24,1728,57,Tuesday,September,2030,2030-Sep,24,267,39,2030-W39,2030-09-22,39,2030-W39,2030-09-23,Non-Holiday,Weekday
1729,2030-09-25,1729,57,Wednesday,September,2030,2030-Sep,25,268,39,2030-W39,2030-09-22,39,2030-W39,2030-09-23,Non-Holiday,Weekday
1730,2030-09-26,1730,57,Thursday,September,2030,2030-Sep,26,269,39,2030-W39,2030-09-22,39,2030-W39,2030-09-23,Non-Holiday,Weekday
1731,2030-09-27,1731,57,Friday,September,2030,2030-Sep,27,270,39,2030-W39,2030-09-22,39,2030-W39,2030-09-23,Non-Holiday,Weekday
1732,2030-09-28,1732,57,Saturday,September,2030,2030-Sep,28,271,39,2030-W39,2030-09-22,39,2030-W39,2030-09-23,Non-Holiday,Weekend
1733,2030-09-29,1733,57,Sunday,September,2030,2030-Sep,29,272,40,2030-W40,2030-09-22,39,2030-W39,2030-09-23,Non-Holiday,Weekend
1734,2030-09-30,1734,57,Monday,September,2030,2030-Sep,30,273,40,2030-W40,2030-09-29,40,2030-W40,2030-09-30,Non-Holiday,Weekday
1735,2030-10-01,1735,58,Tuesday,October,2030,2030-Oct,1,274,40,2030-W40,2030-09-29,40,2030-W40,2030-09-30,Non-Holiday,Weekday
1736,2030-10-02,1736,58,Wednesday,October,2030,2030-Oct,2,275,40,2030-W40,2030-09-29,40,2030-W40,2030-09-30,Non-Holiday,Weekday
1737,2030-10-03,1737,58,Thursday,October,2030,2030-Oct,3,276,40,2030-W40,2030-09-29,40,2030-W40,2030-09-30,Non-Holiday,Weekday
1738,2030-10-04,1738,58,Friday,October,2030,2030-Oct,4,277,40,2030-W40,2030-09-29,40,2030-W40,2030-09-30,Non-Holiday,Weekday
1739,2030-10-05,1739,58,Saturday,October,2030,2030-Oct,5,278,40,2030-W40,2030-09-29,40,2030-W40,2030-09-30,Non-Holiday,Weekend
1740,2030-10-06,1740,58,Sunday,October,2030,2030-Oct,6,279,41,2030-W41,2030-09-29,40,2030-W40,2030-09-30,Non-Holiday,Weekend
1741,2030-10-07,1741,58,Monday,October,2030,2030-Oct,7,280,41,2030-W41,2030-10-06,41,2030-W41,2030-10-07,Non-Holiday,Weekday
1742,2030-10-08,1742,58,Tuesday,October,2030,2030-Oct,8,281,41,2030-W41,2030-10-06,41,2030-W41,2030-10-07,Non-Holiday,Weekday
1743,2030-10-09,1743,58,Wednesday,October,2030,2030-Oct,9,282,41,2030-W41,2030-10-06,41,2030-W41,2030-10-07,Non-Holiday,Weekday
1744,2030-10-10,1744,58,Thursday,October,2030,2030-Oct,10,283,41,2030-W41,2030-10-06,41,2030-W41,2030-10-07,Non-Holiday,Weekday
1745,2030-10-11,1745,58,Friday,October,2030,2030-Oct,11,284,41,2030-W41,2030-10-06,41,2030-W41,2030-10-07,Non-Holiday,Weekday
1746,2030-10-12,1746,58,Saturday,October,2030,2030-Oct,12,285,41,2030-W41,2030-10-06,41,2030-W41,2030-10-07,Non-Holiday,Weekend
1747,2030-10-13,1747,58,Sunday,October,2030,2030-Oct,13,286,42,2030-W42,2030-10-06,41,2030-W41,2030-10-07,Non-Holiday,Weekend
1748,2030-10-14,1748,58,Monday,October,2030,2030-Oct,14,287,42,2030-W42,2030-10-13,42,2030-W42,2030-10-14,Non-Holiday,Weekday
1749,2030-10-15,1749,58,Tuesday,October,2030,2030-Oct,15,288,42,2030-W42,2030-10-13,42,2030-W42,2030-10-14,Non-Holiday,Weekday
1750,2030-10-16,1750,58,Wednesday,October,2030,2030-Oct,16,289,42,2030-W42,2030-10-13,42,2030-W42,2030-10-14,Non-Holiday,Weekday
1751,2030-10-17,1751,58,Thursday,October,2030,2030-Oct,17,290,42,2030-W42,2030-10-13,42,2030-W42,2030-10-14,Non-Holiday,Weekday
1752,2030-10-18,1752,58,Friday,October,2030,2030-Oct,18,291,42,2030-W42,2030-10-13,42,2030-W42,2030-10-14,Non-Holiday,Weekday
1753,2030-10-19,1753,58,Saturday,October,2030,2030-Oct,19,292,42,2030-W42,2030-10-13,42,2030-W42,2030-10-14,Non-Holiday,Weekend
1754,2030-10-20,1754,58,Sunday,October,2030,2030-Oct,20,293,43,2030-W43,2030-10-13,42,2030-W42,2030-10-14,Non-Holiday,Weekend
1755,2030-10-21,1755,58,Monday,October,2030,2030-Oct,21,294,43,2030-W43,2030-10-20,43,2030-W43,2030-10-21,Non-Holiday,Weekday
1756,2030-10-22,1756,58,Tuesday,October,2030,2030-Oct,22,295,43,2030-W43,2030-10-20,43,2030-W43,2030-10-21,Non-Holiday,Weekday
1757,2030-10-23,1757,58,Wednesday,October,2030,2030-Oct,23,296,43,2030-W43,2030-10-20,43,2030-W43,2030-10-21,Non-Holiday,Weekday
1758,2030-10-24,1758,58,Thursday,October,2030,2030-Oct,24,297,43,2030-W43,2030-10-20,43,2030-W43,2030-10-21,Non-Holiday,Weekday
1759,2030-10-25,1759,58,Friday,October,2030,2030-Oct,25,298,43,2030-W43,2030-10-20,43,2030-W43,2030-10-21,Non-Holiday,Weekday
1760,2030-10-26,1760,58,Saturday,October,2030,2030-Oct,26,299,43,2030-W43,2030-10-20,43,2030-W43,2030-10-21,Non-Holiday,Weekend
1761,2030-10-27,1761,58,Sunday,October,2030,2030-Oct,27,300,44,2030-W44,2030-10-20,43,2030-W43,2030-10-21,Non-Holiday,Weekend
1762,2030-10-28,1762,58,Monday,October,2030,2030-Oct,28,301,44,2030-W44,2030-10-27,44,2030-W44,2030-10-28,Non-Holiday,Weekday
1763,2030-10-29,1763,58,Tuesday,October,2030,2030-Oct,29,302,44,2030-W44,2030-10-27,44,2030-W44,2030-10-28,Non-Holiday,Weekday
1764,2030-10-30,1764,58,Wednesday,October,2030,2030-Oct,30,303,44,2030-W44,2030-10-27,44,2030-W44,2030-10-28,Non-Holiday,Weekday
1765,2030-10-31,1765,58,Thursday,October,2030,2030-Oct,31,304,44,2030-W44,2030-10-27,44,2030-W44,2030-10-28,Non-Holiday,Weekday
1766,2030-11-01,1766,59,Friday,November,2030,2030-Nov,1,305,44,2030-W44,2030-10-27,44,2030-W44,2030-10-28,Non-Holiday,Weekday
1767,2030-11-02,1767,59,Saturday,November,2030,2030-Nov,2,306,44,2030-W44,2030-10-27,44,2030-W44,2030-10-28,Non-Holiday,Weekend
1768,2030-11-03,1768,59,Sunday,November,2030,2030-Nov,3,307,45,2030-W45,2030-10-27,44,2030-W44,2030-10-28,Non-Holiday,Weekend
1769,2030-11-04,1769,59,Monday,November,2030,2030-Nov,4,308,45,2030-W45,2030-11-03,45,2030-W45,2030-11-04,Non-Holiday,Weekday
1770,2030-11-05,1770,59,Tuesday,November,2030,2030-Nov,5,309,45,2030-W45,2030-11-03,45,2030-W45,2030-11-04,Non-Holiday,Weekday
1771,2030-11-06,1771,59,Wednesday,November,2030,2030-Nov,6,310,45,2030-W45,2030-11-03,45,2030-W45,2030-11-04,Non-Holiday,Weekday
1772,2030-11-07,1772,59,Thursday,November,2030,2030-Nov,7,311,45,2030-W45,2030-11-03,45,2030-W45,2030-11-04,Non-Holiday,Weekday
1773,2030-11-08,1773,59,Friday,November,2030,2030-Nov,8,312,45,2030-W45,2030-11-03,45,2030-W45,2030-11-04,Non-Holiday,Weekday
1774,2030-11-09,1774,59,Saturday,November,2030,2030-Nov,9,313,45,2030-W45,2030-11-03,45,2030-W45,2030-11-04,Non-Holiday,Weekend
1775,2030-11-10,1775,59,Sunday,November,2030,2030-Nov,10,314,46,2030-W46,2030-11-03,45,2030-W45,2030-11-04,Non-Holiday,Weekend
1776,2030-11-11,1776,59,Monday,November,2030,2030-Nov,11,315,46,2030-W46,2030-11-10,46,2030-W46,2030-11-11,Non-Holiday,Weekday
1777,2030-11-12,1777,59,Tuesday,November,2030,2030-Nov,12,316,46,2030-W46,2030-11-10,46,2030-W46,2030-11-11,Non-Holiday,Weekday
1778,2030-11-13,1778,59,Wednesday,November,2030,2030-Nov,13,317,46,2030-W46,2030-11-10,46,2030-W46,2030-11-11,Non-Holiday,Weekday
1779,2030-11-14,1779,59,Thursday,November,2030,2030-Nov,14,318,46,2030-W46,2030-11-10,46,2030-W46,2030-11-11,Non-Holiday,Weekday
1780,2030-11-15,1780,59,Friday,November,2030,2030-Nov,15,319,46,2030-W46,2030-11-10,46,2030-W46,2030-11-11,Non-Holiday,Weekday
1781,2030-11-16,1781,59,Saturday,November,2030,2030-Nov,16,320,46,2030-W46,2030-11-10,46,2030-W46,2030-11-11,Non-Holiday,Weekend
1782,2030-11-17,1782,59,Sunday,November,2030,2030-Nov,17,321,47,2030-W47,2030-11-10,46,2030-W46,2030-11-11,Non-Holiday,Weekend
1783,2030-11-18,1783,59,Monday,November,2030,2030-Nov,18,322,47,2030-W47,2030-11-17,47,2030-W47,2030-11-18,Non-Holiday,Weekday
1784,2030-11-19,1784,59,Tuesday,November,2030,2030-Nov,19,323,47,2030-W47,2030-11-17,47,2030-W47,2030-11-18,Non-Holiday,Weekday
1785,2030-11-20,1785,59,Wednesday,November,2030,2030-Nov,20,324,47,2030-W47,2030-11-17,47,2030-W47,2030-11-18,Non-Holiday,Weekday
1786,2030-11-21,1786,59,Thursday,November,2030,2030-Nov,21,325,47,2030-W47,2030-11-17,47,2030-W47,2030-11-18,Non-Holiday,Weekday
1787,2030-11-22,1787,59,Friday,November,2030,2030-Nov,22,326,47,2030-W47,2030-11-17,47,2030-W47,2030-11-18,Non-Holiday,Weekday
1788,2030-11-23,1788,59,Saturday,November,2030,2030-Nov,23,327,47,2030-W47,2030-11-17,47,2030-W47,2030-11-18,Non-Holiday,Weekend
1789,2030-11-24,1789,59,Sunday,November,2030,2030-Nov,24,328,48,2030-W48,2030-11-17,47,2030-W47,2030-11-18,Non-Holiday,Weekend
1790,2030-11-25,1790,59,Monday,November,2030,2030-Nov,25,329,48,2030-W48,2030-11-24,48,2030-W48,2030-11-25,Non-Holiday,Weekday
1791,2030-11-26,1791,59,Tuesday,November,2030,2030-Nov,26,330,48,2030-W48,2030-11-24,48,2030-W48,2030-11-25,Non-Holiday,Weekday
1792,2030-11-27,1792,59,Wednesday,November,2030,2030-Nov,27,331,48,2030-W48,2030-11-24,48,2030-W48,2030-11-25,Non-Holiday,Weekday
1793,2030-11-28,1793,59,Thursday,November,2030,2030-Nov,28,332,48,2030-W48,2030-11-24,48,2030-W48,2030-11-25,Non-Holiday,Weekday
1794,2030-11-29,1794,59,Friday,November,2030,2030-Nov,29,333,48,2030-W48,2030-11-24,48,2030-W48,2030-11-25,Non-Holiday,Weekday
1795,2030-11-30,1795,59,Saturday,November,2030,2030-Nov,30,334,48,2030-W48,2030-11-24,48,2030-W48,2030-11-25,Non-Holiday,Weekend
1796,2030-12-01,1796,60,Sunday,December,2030,2030-Dec,1,335,49,2030-W49,2030-11-24,48,2030-W48,2030-11-25,Non-Holiday,Weekend
1797,2030-12-02,1797,60,Monday,December,2030,2030-Dec,2,336,49,2030-W49,2030-12-01,49,2030-W49,2030-12-02,Non-Holiday,Weekday
1798,2030-12-03,1798,60,Tuesday,December,2030,2030-Dec,3,337,49,2030-W49,2030-12-01,49,2030-W49,2030-12-02,Non-Holiday,Weekday
1799,2030-12-04,1799,60,Wednesday,December,2030,2030-Dec,4,338,49,2030-W49,2030-12-01,49,2030-W49,2030-12-02,Non-Holiday,Weekday
1800,2030-12-05,1800,60,Thursday,December,2030,2030-Dec,5,339,49,2030-W49,2030-12-01,49,2030-W49,2030-12-02,Non-Holiday,Weekday
1801,2030-12-06,1801,60,Friday,December,2030,2030-Dec,6,340,49,2030-W49,2030-12-01,49,2030-W49,2030-12-02,Non-Holiday,Weekday
1802,2030-12-07,1802,60,Saturday,December,2030,2030-Dec,7,341,49,2030-W49,2030-12-01,49,2030-W49,2030-12-02,Non-Holiday,Weekend
1803,2030-12-08,1803,60,Sunday,December,2030,2030-Dec,8,342,50,2030-W50,2030-12-01,49,2030-W49,2030-12-02,Non-Holiday,Weekend
1804,2030-12-09,1804,60,Monday,December,2030,2030-Dec,9,343,50,2030-W50,2030-12-08,50,2030-W50,2030-12-09,Non-Holiday,Weekday
1805,2030-12-10,1805,60,Tuesday,December,2030,2030-Dec,10,344,50,2030-W50,2030-12-08,50,2030-W50,2030-12-09,Non-Holiday,Weekday
1806,2030-12-11,1806,60,Wednesday,December,2030,2030-Dec,11,345,50,2030-W50,2030-12-08,50,2030-W50,2030-12-09,Non-Holiday,Weekday
1807,2030-12-12,1807,60,Thursday,December,2030,2030-Dec,12,346,50,2030-W50,2030-12-08,50,2030-W50,2030-12-09,Non-Holiday,Weekday
1808,2030-12-13,1808,60,Friday,December,2030,2030-Dec,13,347,50,2030-W50,2030-12-08,50,2030-W50,2030-12-09,Non-Holiday,Weekday
1809,2030-12-14,1809,60,Saturday,December,2030,2030-Dec,14,348,50,2030-W50,2030-12-08,50,2030-W50,2030-12-09,Non-Holiday,Weekend
1810,2030-12-15,1810,60,Sunday,December,2030,2030-Dec,15,349,51,2030-W51,2030-12-08,50,2030-W50,2030-12-09,Non-Holiday,Weekend
1811,2030-12-16,1811,60,Monday,December,2030,2030-Dec,16,350,51,2030-W51,2030-12-15,51,2030-W51,2030-12-16,Non-Holiday,Weekday
1812,2030-12-17,1812,60,Tuesday,December,2030,2030-Dec,17,351,51,2030-W51,2030-12-15,51,2030-W51,2030-12-16,Non-Holiday,Weekday
1813,2030-12-18,1813,60,Wednesday,December,2030,2030-Dec,18,352,51,2030-W51,2030-12-15,51,2030-W51,2030-12-16,Non-Holiday,Weekday
1814,2030-12-19,1814,60,Thursday,December,2030,2030-Dec,19,353,51,2030-W51,2030-12-15,51,2030-W51,2030-12-16,Non-Holiday,Weekday
1815,2030-12-20,1815,60,Friday,December,2030,2030-Dec,20,354,51,2030-W51,2030-12-15,51,2030-W51,2030-12-16,Non-Holiday,Weekday
1816,2030-12-21,1816,60,Saturday,December,2030,2030-Dec,21,355,51,2030-W51,2030-12-15,51,2030-W51,2030-12-16,Non-Holiday,Weekend
1817,2030-12-22,1817,60,Sunday,December,2030,2030-Dec,22,356,52,2030-W52,2030-12-15,51,2030-W51,2030-12-16,Non-Holiday,Weekend
1818,2030-12-23,1818,60,Monday,December,2030,2030-Dec,23,357,52,2030-W52,2030-12-22,52,2030-W52,2030-12-23,Non-Holiday,Weekday
1819,2030-12-24,1819,60,Tuesday,December,2030,2030-Dec,24,358,52,2030-W52,2030-12-22,52,2030-W52,2030-12-23,Non-Holiday,Weekday
1820,2030-12-25,1820,60,Wednesday,December,2030,2030-Dec,25,359,52,2030-W52,2030-12-22,52,2030-W52,2030-12-23,Non-Holiday,Weekday
1821,2030-12-26,1821,60,Thursday,December,2030,2030-Dec,26,360,52,2030-W52,2030-12-22,52,2030-W52,2030-12-23,Non-Holiday,Weekday
1822,2030-12-27,1822,60,Friday,December,2030,2030-Dec,27,361,52,2030-W52,2030-12-22,52,2030-W52,2030-12-23,Non-Holiday,Weekday
1823,2030-12-28,1823,60,Saturday,December,2030,2030-Dec,28,362,52,2030-W52,2030-12-22,52,2030-W52,2030-12-23,Non-Holiday,Weekend
1824,2030-12-29,1824,60,Sunday,December,2030,2030-Dec,29,363,53,2030-W53,2030-12-22,52,2030-W52,2030-12-23,Non-Holiday,Weekend
1825,2030-12-30,1825,60,Monday,December,2030,2030-Dec,30,364,53,2030-W53,2030-12-29,53,2030-W53,2030-12-30,Non-Holiday,Weekday
1826,2030-12-31,1826,60,Tuesday,December,2030,2030-Dec,31,365,53,2030-W53,2030-12-29,53,2030-W53,2030-12-30,Non-Holiday,Weekday
1827,2031-01-01,1827,61,Wednesday,January,2031,2031-Jan,1,1,1,2031-W01,2030-12-29,1,2031-W01,2030-12-30,Non-Holiday,Weekday
1828,2031-01-02,1828,61,Thursday,January,2031,2031-Jan,2,2,1,2031-W01,2030-12-29,1,2031-W01,2030-12-30,Non-Holiday,Weekday
1829,2031-01-03,1829,61,Friday,January,2031,2031-Jan,3,3,1,2031-W01,2030-12-29,1,2031-W01,2030-12-30,Non-Holiday,Weekday
1830,2031-01-04,1830,61,Saturday,January,2031,2031-Jan,4,4,1,2031-W01,2030-12-29,1,2031-W01,2030-12-30,Non-Holiday,Weekend
1831,2031-01-05,1831,61,Sunday,January,2031,2031-Jan,5,5,2,2031-W02,2030-12-29,1,2031-W01,2030-12-30,Non-Holiday,Weekend
1832,2031-01-06,1832,61,Monday,January,2031,2031-Jan,6,6,2,2031-W02,2031-01-05,2,2031-W02,2031-01-06,Non-Holiday,Weekday
1833,2031-01-07,1833,61,Tuesday,January,2031,2031-Jan,7,7,2,2031-W02,2031-01-05,2,2031-W02,2031-01-06,Non-Holiday,Weekday
1834,2031-01-08,1834,61,Wednesday,January,2031,2031-Jan,8,8,2,2031-W02,2031-01-05,2,2031-W02,2031-01-06,Non-Holiday,Weekday
1835,2031-01-09,1835,61,Thursday,January,2031,2031-Jan,9,9,2,2031-W02,2031-01-05,2,2031-W02,2031-01-06,Non-Holiday,Weekday
1836,2031-01-10,1836,61,Friday,January,2031,2031-Jan,10,10,2,2031-W02,2031-01-05,2,2031-W02,2031-01-06,Non-Holiday,Weekday
1837,2031-01-11,1837,61,Saturday,January,2031,2031-Jan,11,11,2,2031-W02,2031-01-05,2,2031-W02,2031-01-06,Non-Holiday,Weekend
1838,2031-01-12,1838,61,Sunday,January,2031,2031-Jan,12,12,3,2031-W03,2031-01-05,2,2031-W02,2031-01-06,Non-Holiday,Weekend
1839,2031-01-13,1839,61,Monday,January,2031,2031-Jan,13,13,3,2031-W03,2031-01-12,3,2031-W03,2031-01-13,Non-Holiday,Weekday
1840,2031-01-14,1840,61,Tuesday,January,2031,2031-Jan,14,14,3,2031-W03,2031-01-12,3,2031-W03,2031-01-13,Non-Holiday,Weekday
1841,2031-01-15,1841,61,Wednesday,January,2031,2031-Jan,15,15,3,2031-W03,2031-01-12,3,2031-W03,2031-01-13,Non-Holiday,Weekday
1842,2031-01-16,1842,61,Thursday,January,2031,2031-Jan,16,16,3,2031-W03,2031-01-12,3,2031-W03,2031-01-13,Non-Holiday,Weekday
1843,2031-01-17,1843,61,Friday,January,2031,2031-Jan,17,17,3,2031-W03,2031-01-12,3,2031-W03,2031-01-13,Non-Holiday,Weekday
1844,2031-01-18,1844,61,Saturday,January,2031,2031-Jan,18,18,3,2031-W03,2031-01-12,3,2031-W03,2031-01-13,Non-Holiday,Weekend
1845,2031-01-19,1845,61,Sunday,January,2031,2031-Jan,19,19,4,2031-W04,2031-01-12,3,2031-W03,2031-01-13,Non-Holiday,Weekend
1846,2031-01-20,1846,61,Monday,January,2031,2031-Jan,20,20,4,2031-W04,2031-01-19,4,2031-W04,2031-01-20,Non-Holiday,Weekday
1847,2031-01-21,1847,61,Tuesday,January,2031,2031-Jan,21,21,4,2031-W04,2031-01-19,4,2031-W04,2031-01-20,Non-Holiday,Weekday
1848,2031-01-22,1848,61,Wednesday,January,2031,2031-Jan,22,22,4,2031-W04,2031-01-19,4,2031-W04,2031-01-20,Non-Holiday,Weekday
1849,2031-01-23,1849,61,Thursday,January,2031,2031-Jan,23,23,4,2031-W04,2031-01-19,4,2031-W04,2031-01-20,Non-Holiday,Weekday
1850,2031-01-24,1850,61,Friday,January,2031,2031-Jan,24,24,4,2031-W04,2031-01-19,4,2031-W04,2031-01-20,Non-Holiday,Weekday
1851,2031-01-25,1851,61,Saturday,January,2031,2031-Jan,25,25,4,2031-W04,2031-01-19,4,2031-W04,2031-01-20,Non-Holiday,Weekend
1852,2031-01-26,1852,61,Sunday,January,2031,2031-Jan,26,26,5,2031-W05,2031-01-19,4,2031-W04,2031-01-20,Non-Holiday,Weekend
1853,2031-01-27,1853,61,Monday,January,2031,2031-Jan,27,27,5,2031-W05,2031-01-26,5,2031-W05,2031-01-27,Non-Holiday,Weekday
1854,2031-01-28,1854,61,Tuesday,January,2031,2031-Jan,28,28,5,2031-W05,2031-01-26,5,2031-W05,2031-01-27,Non-Holiday,Weekday
1855,2031-01-29,1855,61,Wednesday,January,2031,2031-Jan,29,29,5,2031-W05,2031-01-26,5,2031-W05,2031-01-27,Non-Holiday,Weekday
1856,2031-01-30,1856,61,Thursday,January,2031,2031-Jan,30,30,5,2031-W05,2031-01-26,5,2031-W05,2031-01-27,Non-Holiday,Weekday
1857,2031-01-31,1857,61,Friday,January,2031,2031-Jan,31,31,5,2031-W05,2031-01-26,5,2031-W05,2031-01-27,Non-Holiday,Weekday
1858,2031-02-01,1858,62,Saturday,February,2031,2031-Feb,1,32,5,2031-W05,2031-01-26,5,2031-W05,2031-01-27,Non-Holiday,Weekend
1859,2031-02-02,1859,62,Sunday,February,2031,2031-Feb,2,33,6,2031-W06,2031-01-26,5,2031-W05,2031-01-27,Non-Holiday,Weekend
1860,2031-02-03,1860,62,Monday,February,2031,2031-Feb,3,34,6,2031-W06,2031-02-02,6,2031-W06,2031-02-03,Non-Holiday,Weekday
1861,2031-02-04,1861,62,Tuesday,February,2031,2031-Feb,4,35,6,2031-W06,2031-02-02,6,2031-W06,2031-02-03,Non-Holiday,Weekday
1862,2031-02-05,1862,62,Wednesday,February,2031,2031-Feb,5,36,6,2031-W06,2031-02-02,6,2031-W06,2031-02-03,Non-Holiday,Weekday
1863,2031-02-06,1863,62,Thursday,February,2031,2031-Feb,6,37,6,2031-W06,2031-02-02,6,2031-W06,2031-02-03,Non-Holiday,Weekday
1864,2031-02-07,1864,62,Friday,February,2031,2031-Feb,7,38,6,2031-W06,2031-02-02,6,2031-W06,2031-02-03,Non-Holiday,Weekday
1865,2031-02-08,1865,62,Saturday,February,2031,2031-Feb,8,39,6,2031-W06,2031-02-02,6,2031-W06,2031-02-03,Non-Holiday,Weekend
1866,2031-02-09,1866,62,Sunday,February,2031,2031-Feb,9,40,7,2031-W07,2031-02-02,6,2031-W06,2031-02-03,Non-Holiday,Weekend
1867,2031-02-10,1867,62,Monday,February,2031,2031-Feb,10,41,7,2031-W07,2031-02-09,7,2031-W07,2031-02-10,Non-Holiday,Weekday
1868,2031-02-11,1868,62,Tuesday,February,2031,2031-Feb,11,42,7,2031-W07,2031-02-09,7,2031-W07,2031-02-10,Non-Holiday,Weekday
1869,2031-02-12,1869,62,Wednesday,February,2031,2031-Feb,12,43,7,2031-W07,2031-02-09,7,2031-W07,2031-02-10,Non-Holiday,Weekday
1870,2031-02-13,1870,62,Thursday,February,2031,2031-Feb,13,44,7,2031-W07,2031-02-09,7,2031-W07,2031-02-10,Non-Holiday,Weekday
1871,2031-02-14,1871,62,Friday,February,2031,2031-Feb,14,45,7,2031-W07,2031-02-09,7,2031-W07,2031-02-10,Non-Holiday,Weekday
1872,2031-02-15,1872,62,Saturday,February,2031,2031-Feb,15,46,7,2031-W07,2031-02-09,7,2031-W07,2031-02-10,Non-Holiday,Weekend
1873,2031-02-16,1873,62,Sunday,February,2031,2031-Feb,16,47,8,2031-W08,2031-02-09,7,2031-W07,2031-02-10,Non-Holiday,Weekend
1874,2031-02-17,1874,62,Monday,February,2031,2031-Feb,17,48,8,2031-W08,2031-02-16,8,2031-W08,2031-02-17,Non-Holiday,Weekday
1875,2031-02-18,1875,62,Tuesday,February,2031,2031-Feb,18,49,8,2031-W08,2031-02-16,8,2031-W08,2031-02-17,Non-Holiday,Weekday
1876,2031-02-19,1876,62,Wednesday,February,2031,2031-Feb,19,50,8,2031-W08,2031-02-16,8,2031-W08,2031-02-17,Non-Holiday,Weekday
1877,2031-02-20,1877,62,Thursday,February,2031,2031-Feb,20,51,8,2031-W08,2031-02-16,8,2031-W08,2031-02-17,Non-Holiday,Weekday
1878,2031-02-21,1878,62,Friday,February,2031,2031-Feb,21,52,8,2031-W08,2031-02-16,8,2031-W08,2031-02-17,Non-Holiday,Weekday
1879,2031-02-22,1879,62,Saturday,February,2031,2031-Feb,22,53,8,2031-W08,2031-02-16,8,2031-W08,2031-02-17,Non-Holiday,Weekend
1880,2031-02-23,1880,62,Sunday,February,2031,2031-Feb,23,54,9,2031-W09,2031-02-16,8,2031-W08,2031-02-17,Non-Holiday,Weekend
1881,2031-02-24,1881,62,Monday,February,2031,2031-Feb,24,55,9,2031-W09,2031-02-23,9,2031-W09,2031-02-24,Non-Holiday,Weekday
1882,2031-02-25,1882,62,Tuesday,February,2031,2031-Feb,25,56,9,2031-W09,2031-02-23,9,2031-W09,2031-02-24,Non-Holiday,Weekday
1883,2031-02-26,1883,62,Wednesday,February,2031,2031-Feb,26,57,9,2031-W09,2031-02-23,9,2031-W09,2031-02-24,Non-Holiday,Weekday
1884,2031-02-27,1884,62,Thursday,February,2031,2031-Feb,27,58,9,2031-W09,2031-02-23,9,2031-W09,2031-02-24,Non-Holiday,Weekday
1885,2031-02-28,1885,62,Friday,February,2031,2031-Feb,28,59,9,2031-W09,2031-02-23,9,2031-W09,2031-02-24,Non-Holiday,Weekday
1886,2031-03-01,1886,63,Saturday,March,2031,2031-Mar,1,60,9,2031-W09,2031-02-23,9,2031-W09,2031-02-24,Non-Holiday,Weekend
1887,2031-03-02,1887,63,Sunday,March,2031,2031-Mar,2,61,10,2031-W10,2031-02-23,9,2031-W09,2031-02-24,Non-Holiday,Weekend
1888,2031-03-03,1888,63,Monday,March,2031,2031-Mar,3,62,10,2031-W10,2031-03-02,10,2031-W10,2031-03-03,Non-Holiday,Weekday
1889,2031-03-04,1889,63,Tuesday,March,2031,2031-Mar,4,63,10,2031-W10,2031-03-02,10,2031-W10,2031-03-03,Non-Holiday,Weekday
1890,2031-03-05,1890,63,Wednesday,March,2031,2031-Mar,5,64,10,2031-W10,2031-03-02,10,2031-W10,2031-03-03,Non-Holiday,Weekday
1891,2031-03-06,1891,63,Thursday,March,2031,2031-Mar,6,65,10,2031-W10,2031-03-02,10,2031-W10,2031-03-03,Non-Holiday,Weekday
1892,2031-03-07,1892,63,Friday,March,2031,2031-Mar,7,66,10,2031-W10,2031-03-02,10,2031-W10,2031-03-03,Non-Holiday,Weekday
1893,2031-03-08,1893,63,Saturday,March,2031,2031-Mar,8,67,10,2031-W10,2031-03-02,10,2031-W10,2031-03-03,Non-Holiday,Weekend
1894,2031-03-09,1894,63,Sunday,March,2031,2031-Mar,9,68,11,2031-W11,2031-03-02,10,2031-W10,2031-03-03,Non-Holiday,Weekend
1895,2031-03-10,1895,63,Monday,March,2031,2031-Mar,10,69,11,2031-W11,2031-03-09,11,2031-W11,2031-03-10,Non-Holiday,Weekday
1896,2031-03-11,1896,63,Tuesday,March,2031,2031-Mar,11,70,11,2031-W11,2031-03-09,11,2031-W11,2031-03-10,Non-Holiday,Weekday
1897,2031-03-12,1897,63,Wednesday,March,2031,2031-Mar,12,71,11,2031-W11,2031-03-09,11,2031-W11,2031-03-10,Non-Holiday,Weekday
1898,2031-03-13,1898,63,Thursday,March,2031,2031-Mar,13,72,11,2031-W11,2031-03-09,11,2031-W11,2031-03-10,Non-Holiday,Weekday
1899,2031-03-14,1899,63,Friday,March,2031,2031-Mar,14,73,11,2031-W11,2031-03-09,11,2031-W11,2031-03-10,Non-Holiday,Weekday
1900,2031-03-15,1900,63,Saturday,March,2031,2031-Mar,15,74,11,2031-W11,2031-03-09,11,2031-W11,2031-03-10,Non-Holiday,Weekend
1901,2031-03-16,1901,63,Sunday,March,2031,2031-Mar,16,75,12,2031-W12,2031-03-09,11,2031-W11,2031-03-10,Non-Holiday,Weekend
1902,2031-03-17,1902,63,Monday,March,2031,2031-Mar,17,76,12,2031-W12,2031-03-16,12,2031-W12,2031-03-17,Non-Holiday,Weekday
1903,2031-03-18,1903,63,Tuesday,March,2031,2031-Mar,18,77,12,2031-W12,2031-03-16,12,2031-W12,2031-03-17,Non-Holiday,Weekday
1904,2031-03-19,1904,63,Wednesday,March,2031,2031-Mar,19,78,12,2031-W12,2031-03-16,12,2031-W12,2031-03-17,Non-Holiday,Weekday
1905,2031-03-20,1905,63,Thursday,March,2031,2031-Mar,20,79,12,2031-W12,2031-03-16,12,2031-W12,2031-03-17,Non-Holiday,Weekday
1906,2031-03-21,1906,63,Friday,March,2031,2031-Mar,21,80,12,2031-W12,2031-03-16,12,2031-W12,2031-03-17,Non-Holiday,Weekday
1907,2031-03-22,1907,63,Saturday,March,2031,2031-Mar,22,81,12,2031-W12,2031-03-16,12,2031-W12,2031-03-17,Non-Holiday,Weekend
1908,2031-03-23,1908,63,Sunday,March,2031,2031-Mar,23,82,13,2031-W13,2031-03-16,12,2031-W12,2031-03-17,Non-Holiday,Weekend
1909,2031-03-24,1909,63,Monday,March,2031,2031-Mar,24,83,13,2031-W13,2031-03-23,13,2031-W13,2031-03-24,Non-Holiday,Weekday
1910,2031-03-25,1910,63,Tuesday,March,2031,2031-Mar,25,84,13,2031-W13,2031-03-23,13,2031-W13,2031-03-24,Non-Holiday,Weekday
1911,2031-03-26,1911,63,Wednesday,March,2031,2031-Mar,26,85,13,2031-W13,2031-03-23,13,2031-W13,2031-03-24,Non-Holiday,Weekday
1912,2031-03-27,1912,63,Thursday,March,2031,2031-Mar,27,86,13,2031-W13,2031-03-23,13,2031-W13,2031-03-24,Non-Holiday,Weekday
1913,2031-03-28,1913,63,Friday,March,2031,2031-Mar,28,87,13,2031-W13,2031-03-23,13,2031-W13,2031-03-24,Non-Holiday,Weekday
1914,2031-03-29,1914,63,Saturday,March,2031,2031-Mar,29,88,13,2031-W13,2031-03-23,13,2031-W13,2031-03-24,Non-Holiday,Weekend
1915,2031-03-30,1915,63,Sunday,March,2031,2031-Mar,30,89,14,2031-W14,2031-03-23,13,2031-W13,2031-03-24,Non-Holiday,Weekend
1916,2031-03-31,1916,63,Monday,March,2031,2031-Mar,31,90,14,2031-W14,2031-03-30,14,2031-W14,2031-03-31,Non-Holiday,Weekday
1917,2031-04-01,1917,64,Tuesday,April,2031,2031-Apr,1,91,14,2031-W14,2031-03-30,14,2031-W14,2031-03-31,Non-Holiday,Weekday
1918,2031-04-02,1918,64,Wednesday,April,2031,2031-Apr,2,92,14,2031-W14,2031-03-30,14,2031-W14,2031-03-31,Non-Holiday,Weekday
1919,2031-04-03,1919,64,Thursday,April,2031,2031-Apr,3,93,14,2031-W14,2031-03-30,14,2031-W14,2031-03-31,Non-Holiday,Weekday
1920,2031-04-04,1920,64,Friday,April,2031,2031-Apr,4,94,14,2031-W14,2031-03-30,14,2031-W14,2031-03-31,Non-Holiday,Weekday
1921,2031-04-05,1921,64,Saturday,April,2031,2031-Apr,5,95,14,2031-W14,2031-03-30,14,2031-W14,2031-03-31,Non-Holiday,Weekend
1922,2031-04-06,1922,64,Sunday,April,2031,2031-Apr,6,96,15,2031-W15,2031-03-30,14,2031-W14,2031-03-31,Non-Holiday,Weekend
1923,2031-04-07,1923,64,Monday,April,2031,2031-Apr,7,97,15,2031-W15,2031-04-06,15,2031-W15,2031-04-07,Non-Holiday,Weekday
1924,2031-04-08,1924,64,Tuesday,April,2031,2031-Apr,8,98,15,2031-W15,2031-04-06,15,2031-W15,2031-04-07,Non-Holiday,Weekday
1925,2031-04-09,1925,64,Wednesday,April,2031,2031-Apr,9,99,15,2031-W15,2031-04-06,15,2031-W15,2031-04-07,Non-Holiday,Weekday
1926,2031-04-10,1926,64,Thursday,April,2031,2031-Apr,10,100,15,2031-W15,2031-04-06,15,2031-W15,2031-04-07,Non-Holiday,Weekday
1927,2031-04-11,1927,64,Friday,April,2031,2031-Apr,11,101,15,2031-W15,2031-04-06,15,2031-W15,2031-04-07,Non-Holiday,Weekday
1928,2031-04-12,1928,64,Saturday,April,2031,2031-Apr,12,102,15,2031-W15,2031-04-06,15,2031-W15,2031-04-07,Non-Holiday,Weekend
1929,2031-04-13,1929,64,Sunday,April,2031,2031-Apr,13,103,16,2031-W16,2031-04-06,15,2031-W15,2031-04-07,Non-Holiday,Weekend
1930,2031-04-14,1930,64,Monday,April,2031,2031-Apr,14,104,16,2031-W16,2031-04-13,16,2031-W16,2031-04-14,Non-Holiday,Weekday
1931,2031-04-15,1931,64,Tuesday,April,2031,2031-Apr,15,105,16,2031-W16,2031-04-13,16,2031-W16,2031-04-14,Non-Holiday,Weekday
1932,2031-04-16,1932,64,Wednesday,April,2031,2031-Apr,16,106,16,2031-W16,2031-04-13,16,2031-W16,2031-04-14,Non-Holiday,Weekday
1933,2031-04-17,1933,64,Thursday,April,2031,2031-Apr,17,107,16,2031-W16,2031-04-13,16,2031-W16,2031-04-14,Non-Holiday,Weekday
1934,2031-04-18,1934,64,Friday,April,2031,2031-Apr,18,108,16,2031-W16,2031-04-13,16,2031-W16,2031-04-14,Non-Holiday,Weekday
1935,2031-04-19,1935,64,Saturday,April,2031,2031-Apr,19,109,16,2031-W16,2031-04-13,16,2031-W16,2031-04-14,Non-Holiday,Weekend
1936,2031-04-20,1936,64,Sunday,April,2031,2031-Apr,20,110,17,2031-W17,2031-04-13,16,2031-W16,2031-04-14,Non-Holiday,Weekend
1937,2031-04-21,1937,64,Monday,April,2031,2031-Apr,21,111,17,2031-W17,2031-04-20,17,2031-W17,2031-04-21,Non-Holiday,Weekday
1938,2031-04-22,1938,64,Tuesday,April,2031,2031-Apr,22,112,17,2031-W17,2031-04-20,17,2031-W17,2031-04-21,Non-Holiday,Weekday
1939,2031-04-23,1939,64,Wednesday,April,2031,2031-Apr,23,113,17,2031-W17,2031-04-20,17,2031-W17,2031-04-21,Non-Holiday,Weekday
1940,2031-04-24,1940,64,Thursday,April,2031,2031-Apr,24,114,17,2031-W17,2031-04-20,17,2031-W17,2031-04-21,Non-Holiday,Weekday
1941,2031-04-25,1941,64,Friday,April,2031,2031-Apr,25,115,17,2031-W17,2031-04-20,17,2031-W17,2031-04-21,Non-Holiday,Weekday
1942,2031-04-26,1942,64,Saturday,April,2031,2031-Apr,26,116,17,2031-W17,2031-04-20,17,2031-W17,2031-04-21,Non-Holiday,Weekend
1943,2031-04-27,1943,64,Sunday,April,2031,2031-Apr,27,117,18,2031-W18,2031-04-20,17,2031-W17,2031-04-21,Non-Holiday,Weekend
1944,2031-04-28,1944,64,Monday,April,2031,2031-Apr,28,118,18,2031-W18,2031-04-27,18,2031-W18,2031-04-28,Non-Holiday,Weekday
1945,2031-04-29,1945,64,Tuesday,April,2031,2031-Apr,29,119,18,2031-W18,2031-04-27,18,2031-W18,2031-04-28,Non-Holiday,Weekday
1946,2031-04-30,1946,64,Wednesday,April,2031,2031-Apr,30,120,18,2031-W18,2031-04-27,18,2031-W18,2031-04-28,Non-Holiday,Weekday
1947,2031-05-01,1947,65,Thursday,May,2031,2031-May,1,121,18,2031-W18,2031-04-27,18,2031-W18,2031-04-28,Non-Holiday,Weekday
1948,2031-05-02,1948,65,Friday,May,2031,2031-May,2,122,18,2031-W18,2031-04-27,18,2031-W18,2031-04-28,Non-Holiday,Weekday
1949,2031-05-03,1949,65,Saturday,May,2031,2031-May,3,123,18,2031-W18,2031-04-27,18,2031-W18,2031-04-28,Non-Holiday,Weekend
1950,2031-05-04,1950,65,Sunday,May,2031,2031-May,4,124,19,2031-W19,2031-04-27,18,2031-W18,2031-04-28,Non-Holiday,Weekend
1951,2031-05-05,1951,65,Monday,May,2031,2031-May,5,125,19,2031-W19,2031-05-04,19,2031-W19,2031-05-05,Non-Holiday,Weekday
1952,2031-05-06,1952,65,Tuesday,May,2031,2031-May,6,126,19,2031-W19,2031-05-04,19,2031-W19,2031-05-05,Non-Holiday,Weekday
1953,2031-05-07,1953,65,Wednesday,May,2031,2031-May,7,127,19,2031-W19,2031-05-04,19,2031-W19,2031-05-05,Non-Holiday,Weekday
1954,2031-05-08,1954,65,Thursday,May,2031,2031-May,8,128,19,2031-W19,2031-05-04,19,2031-W19,2031-05-05,Non-Holiday,Weekday
1955,2031-05-09,1955,65,Friday,May,2031,2031-May,9,129,19,2031-W19,2031-05-04,19,2031-W19,2031-05-05,Non-Holiday,Weekday
1956,2031-05-10,1956,65,Saturday,May,2031,2031-May,10,130,19,2031-W19,2031-05-04,19,2031-W19,2031-05-05,Non-Holiday,Weekend
1957,2031-05-11,1957,65,Sunday,May,2031,2031-May,11,131,20,2031-W20,2031-05-04,19,2031-W19,2031-05-05,Non-Holiday,Weekend
1958,2031-05-12,1958,65,Monday,May,2031,2031-May,12,132,20,2031-W20,2031-05-11,20,2031-W20,2031-05-12,Non-Holiday,Weekday
1959,2031-05-13,1959,65,Tuesday,May,2031,2031-May,13,133,20,2031-W20,2031-05-11,20,2031-W20,2031-05-12,Non-Holiday,Weekday
1960,2031-05-14,1960,65,Wednesday,May,2031,2031-May,14,134,20,2031-W20,2031-05-11,20,2031-W20,2031-05-12,Non-Holiday,Weekday
1961,2031-05-15,1961,65,Thursday,May,2031,2031-May,15,135,20,2031-W20,2031-05-11,20,2031-W20,2031-05-12,Non-Holiday,Weekday
1962,2031-05-16,1962,65,Friday,May,2031,2031-May,16,136,20,2031-W20,2031-05-11,20,2031-W20,2031-05-12,Non-Holiday,Weekday
1963,2031-05-17,1963,65,Saturday,May,2031,2031-May,17,137,20,2031-W20,2031-05-11,20,2031-W20,2031-05-12,Non-Holiday,Weekend
1964,2031-05-18,1964,65,Sunday,May,2031,2031-May,18,138,21,2031-W21,2031-05-11,20,2031-W20,2031-05-12,Non-Holiday,Weekend
1965,2031-05-19,1965,65,Monday,May,2031,2031-May,19,139,21,2031-W21,2031-05-18,21,2031-W21,2031-05-19,Non-Holiday,Weekday
1966,2031-05-20,1966,65,Tuesday,May,2031,2031-May,20,140,21,2031-W21,2031-05-18,21,2031-W21,2031-05-19,Non-Holiday,Weekday
1967,2031-05-21,1967,65,Wednesday,May,2031,2031-May,21,141,21,2031-W21,2031-05-18,21,2031-W21,2031-05-19,Non-Holiday,Weekday
1968,2031-05-22,1968,65,Thursday,May,2031,2031-May,22,142,21,2031-W21,2031-05-18,21,2031-W21,2031-05-19,Non-Holiday,Weekday
1969,2031-05-23,1969,65,Friday,May,2031,2031-May,23,143,21,2031-W21,2031-05-18,21,2031-W21,2031-05-19,Non-Holiday,Weekday
1970,2031-05-24,1970,65,Saturday,May,2031,2031-May,24,144,21,2031-W21,2031-05-18,21,2031-W21,2031-05-19,Non-Holiday,Weekend
1971,2031-05-25,1971,65,Sunday,May,2031,2031-May,25,145,22,2031-W22,2031-05-18,21,2031-W21,2031-05-19,Non-Holiday,Weekend
1972,2031-05-26,1972,65,Monday,May,2031,2031-May,26,146,22,2031-W22,2031-05-25,22,2031-W22,2031-05-26,Non-Holiday,Weekday
1973,2031-05-27,1973,65,Tuesday,May,2031,2031-May,27,147,22,2031-W22,2031-05-25,22,2031-W22,2031-05-26,Non-Holiday,Weekday
1974,2031-05-28,1974,65,Wednesday,May,2031,2031-May,28,148,22,2031-W22,2031-05-25,22,2031-W22,2031-05-26,Non-Holiday,Weekday
1975,2031-05-29,1975,65,Thursday,May,2031,2031-May,29,149,22,2031-W22,2031-05-25,22,2031-W22,2031-05-26,Non-Holiday,Weekday
1976,2031-05-30,1976,65,Friday,May,2031,2031-May,30,150,22,2031-W22,2031-05-25,22,2031-W22,2031-05-26,Non-Holiday,Weekday
1977,2031-05-31,1977,65,Saturday,May,2031,2031-May,31,151,22,2031-W22,2031-05-25,22,2031-W22,2031-05-26,Non-Holiday,Weekend
1978,2031-06-01,1978,66,Sunday,June,2031,2031-Jun,1,152,23,2031-W23,2031-05-25,22,2031-W22,2031-05-26,Non-Holiday,Weekend
1979,2031-06-02,1979,66,Monday,June,2031,2031-Jun,2,153,23,2031-W23,2031-06-01,23,2031-W23,2031-06-02,Non-Holiday,Weekday
1980,2031-06-03,1980,66,Tuesday,June,2031,2031-Jun,3,154,23,2031-W23,2031-06-01,23,2031-W23,2031-06-02,Non-Holiday,Weekday
1981,2031-06-04,1981,66,Wednesday,June,2031,2031-Jun,4,155,23,2031-W23,2031-06-01,23,2031-W23,2031-06-02,Non-Holiday,Weekday
1982,2031-06-05,1982,66,Thursday,June,2031,2031-Jun,5,156,23,2031-W23,2031-06-01,23,2031-W23,2031-06-02,Non-Holiday,Weekday
1983,2031-06-06,1983,66,Friday,June,2031,2031-Jun,6,157,23,2031-W23,2031-06-01,23,2031-W23,2031-06-02,Non-Holiday,Weekday
1984,2031-06-07,1984,66,Saturday,June,2031,2031-Jun,7,158,23,2031-W23,2031-06-01,23,2031-W23,2031-06-02,Non-Holiday,Weekend
1985,2031-06-08,1985,66,Sunday,June,2031,2031-Jun,8,159,24,2031-W24,2031-06-01,23,2031-W23,2031-06-02,Non-Holiday,Weekend
1986,2031-06-09,1986,66,Monday,June,2031,2031-Jun,9,160,24,2031-W24,2031-06-08,24,2031-W24,2031-06-09,Non-Holiday,Weekday
1987,2031-06-10,1987,66,Tuesday,June,2031,2031-Jun,10,161,24,2031-W24,2031-06-08,24,2031-W24,2031-06-09,Non-Holiday,Weekday
1988,2031-06-11,1988,66,Wednesday,June,2031,2031-Jun,11,162,24,2031-W24,2031-06-08,24,2031-W24,2031-06-09,Non-Holiday,Weekday
1989,2031-06-12,1989,66,Thursday,June,2031,2031-Jun,12,163,24,2031-W24,2031-06-08,24,2031-W24,2031-06-09,Non-Holiday,Weekday
1990,2031-06-13,1990,66,Friday,June,2031,2031-Jun,13,164,24,2031-W24,2031-06-08,24,2031-W24,2031-06-09,Non-Holiday,Weekday
1991,2031-06-14,1991,66,Saturday,June,2031,2031-Jun,14,165,24,2031-W24,2031-06-08,24,2031-W24,2031-06-09,Non-Holiday,Weekend
1992,2031-06-15,1992,66,Sunday,June,2031,2031-Jun,15,166,25,2031-W25,2031-06-08,24,2031-W24,2031-06-09,Non-Holiday,Weekend
1993,2031-06-16,1993,66,Monday,June,2031,2031-Jun,16,167,25,2031-W25,2031-06-15,25,2031-W25,2031-06-16,Non-Holiday,Weekday
1994,2031-06-17,1994,66,Tuesday,June,2031,2031-Jun,17,168,25,2031-W25,2031-06-15,25,2031-W25,2031-06-16,Non-Holiday,Weekday
1995,2031-06-18,1995,66,Wednesday,June,2031,2031-Jun,18,169,25,2031-W25,2031-06-15,25,2031-W25,2031-06-16,Non-Holiday,Weekday
1996,2031-06-19,1996,66,Thursday,June,2031,2031-Jun,19,170,25,2031-W25,2031-06-15,25,2031-W25,2031-06-16,Non-Holiday,Weekday
1997,2031-06-20,1997,66,Friday,June,2031,2031-Jun,20,171,25,2031-W25,2031-06-15,25,2031-W25,2031-06-16,Non-Holiday,Weekday
1998,2031-06-21,1998,66,Saturday,June,2031,2031-Jun,21,172,25,2031-W25,2031-06-15,25,2031-W25,2031-06-16,Non-Holiday,Weekend
1999,2031-06-22,1999,66,Sunday,June,2031,2031-Jun,22,173,26,2031-W26,2031-06-15,25,2031-W25,2031-06-16,Non-Holiday,Weekend
2000,2031-06-23,2000,66,Monday,June,2031,2031-Jun,23,174,26,2031-W26,2031-06-22,26,2031-W26,2031-06-23,Non-Holiday,Weekday
2001,2031-06-24,2001,66,Tuesday,June,2031,2031-Jun,24,175,26,2031-W26,2031-06-22,26,2031-W26,2031-06-23,Non-Holiday,Weekday
2002,2031-06-25,2002,66,Wednesday,June,2031,2031-Jun,25,176,26,2031-W26,2031-06-22,26,2031-W26,2031-06-23,Non-Holiday,Weekday
2003,2031-06-26,2003,66,Thursday,June,2031,2031-Jun,26,177,26,2031-W26,2031-06-22,26,2031-W26,2031-06-23,Non-Holiday,Weekday
2004,2031-06-27,2004,66,Friday,June,2031,2031-Jun,27,178,26,2031-W26,2031-06-22,26,2031-W26,2031-06-23,Non-Holiday,Weekday
2005,2031-06-28,2005,66,Saturday,June,2031,2031-Jun,28,179,26,2031-W26,2031-06-22,26,2031-W26,2031-06-23,Non-Holiday,Weekend
2006,2031-06-29,2006,66,Sunday,June,2031,2031-Jun,29,180,27,2031-W27,2031-06-22,26,2031-W26,2031-06-23,Non-Holiday,Weekend
2007,2031-06-30,2007,66,Monday,June,2031,2031-Jun,30,181,27,2031-W27,2031-06-29,27,2031-W27,2031-06-30,Non-Holiday,Weekday
2008,2031-07-01,2008,67,Tuesday,July,2031,2031-Jul,1,182,27,2031-W27,2031-06-29,27,2031-W27,2031-06-30,Non-Holiday,Weekday
2009,2031-07-02,2009,67,Wednesday,July,2031,2031-Jul,2,183,27,2031-W27,2031-06-29,27,2031-W27,2031-06-30,Non-Holiday,Weekday
2010,2031-07-03,2010,67,Thursday,July,2031,2031-Jul,3,184,27,2031-W27,2031-06-29,27,2031-W27,2031-06-30,Non-Holiday,Weekday
2011,2031-07-04,2011,67,Friday,July,2031,2031-Jul,4,185,27,2031-W27,2031-06-29,27,2031-W27,2031-06-30,Non-Holiday,Weekday
2012,2031-07-05,2012,67,Saturday,July,2031,2031-Jul,5,186,27,2031-W27,2031-06-29,27,2031-W27,2031-06-30,Non-Holiday,Weekend
2013,2031-07-06,2013,67,Sunday,July,2031,2031-Jul,6,187,28,2031-W28,2031-06-29,27,2031-W27,2031-06-30,Non-Holiday,Weekend
2014,2031-07-07,2014,67,Monday,July,2031,2031-Jul,7,188,28,2031-W28,2031-07-06,28,2031-W28,2031-07-07,Non-Holiday,Weekday
2015,2031-07-08,2015,67,Tuesday,July,2031,2031-Jul,8,189,28,2031-W28,2031-07-06,28,2031-W28,2031-07-07,Non-Holiday,Weekday
2016,2031-07-09,2016,67,Wednesday,July,2031,2031-Jul,9,190,28,2031-W28,2031-07-06,28,2031-W28,2031-07-07,Non-Holiday,Weekday
2017,2031-07-10,2017,67,Thursday,July,2031,2031-Jul,10,191,28,2031-W28,2031-07-06,28,2031-W28,2031-07-07,Non-Holiday,Weekday
2018,2031-07-11,2018,67,Friday,July,2031,2031-Jul,11,192,28,2031-W28,2031-07-06,28,2031-W28,2031-07-07,Non-Holiday,Weekday
2019,2031-07-12,2019,67,Saturday,July,2031,2031-Jul,12,193,28,2031-W28,2031-07-06,28,2031-W28,2031-07-07,Non-Holiday,Weekend
2020,2031-07-13,2020,67,Sunday,July,2031,2031-Jul,13,194,29,2031-W29,2031-07-06,28,2031-W28,2031-07-07,Non-Holiday,Weekend
2021,2031-07-14,2021,67,Monday,July,2031,2031-Jul,14,195,29,2031-W29,2031-07-13,29,2031-W29,2031-07-14,Non-Holiday,Weekday
2022,2031-07-15,2022,67,Tuesday,July,2031,2031-Jul,15,196,29,2031-W29,2031-07-13,29,2031-W29,2031-07-14,Non-Holiday,Weekday
2023,2031-07-16,2023,67,Wednesday,July,2031,2031-Jul,16,197,29,2031-W29,2031-07-13,29,2031-W29,2031-07-14,Non-Holiday,Weekday
2024,2031-07-17,2024,67,Thursday,July,2031,2031-Jul,17,198,29,2031-W29,2031-07-13,29,2031-W29,2031-07-14,Non-Holiday,Weekday
2025,2031-07-18,2025,67,Friday,July,2031,2031-Jul,18,199,29,2031-W29,2031-07-13,29,2031-W29,2031-07-14,Non-Holiday,Weekday
2026,2031-07-19,2026,67,Saturday,July,2031,2031-Jul,19,200,29,2031-W29,2031-07-13,29,2031-W29,2031-07-14,Non-Holiday,Weekend
2027,2031-07-20,2027,67,Sunday,July,2031,2031-Jul,20,201,30,2031-W30,2031-07-13,29,2031-W29,2031-07-14,Non-Holiday,Weekend
2028,2031-07-21,2028,67,Monday,July,2031,2031-Jul,21,202,30,2031-W30,2031-07-20,30,2031-W30,2031-07-21,Non-Holiday,Weekday
2029,2031-07-22,2029,67,Tuesday,July,2031,2031-Jul,22,203,30,2031-W30,2031-07-20,30,2031-W30,2031-07-21,Non-Holiday,Weekday
2030,2031-07-23,2030,67,Wednesday,July,2031,2031-Jul,23,204,30,2031-W30,2031-07-20,30,2031-W30,2031-07-21,Non-Holiday,Weekday
2031,2031-07-24,2031,67,Thursday,July,2031,2031-Jul,24,205,30,2031-W30,2031-07-20,30,2031-W30,2031-07-21,Non-Holiday,Weekday
2032,2031-07-25,2032,67,Friday,July,2031,2031-Jul,25,206,30,2031-W30,2031-07-20,30,2031-W30,2031-07-21,Non-Holiday,Weekday
2033,2031-07-26,2033,67,Saturday,July,2031,2031-Jul,26,207,30,2031-W30,2031-07-20,30,2031-W30,2031-07-21,Non-Holiday,Weekend
2034,2031-07-27,2034,67,Sunday,July,2031,2031-Jul,27,208,31,2031-W31,2031-07-20,30,2031-W30,2031-07-21,Non-Holiday,Weekend
2035,2031-07-28,2035,67,Monday,July,2031,2031-Jul,28,209,31,2031-W31,2031-07-27,31,2031-W31,2031-07-28,Non-Holiday,Weekday
2036,2031-07-29,2036,67,Tuesday,July,2031,2031-Jul,29,210,31,2031-W31,2031-07-27,31,2031-W31,2031-07-28,Non-Holiday,Weekday
2037,2031-07-30,2037,67,Wednesday,July,2031,2031-Jul,30,211,31,2031-W31,2031-07-27,31,2031-W31,2031-07-28,Non-Holiday,Weekday
2038,2031-07-31,2038,67,Thursday,July,2031,2031-Jul,31,212,31,2031-W31,2031-07-27,31,2031-W31,2031-07-28,Non-Holiday,Weekday
2039,2031-08-01,2039,68,Friday,August,2031,2031-Aug,1,213,31,2031-W31,2031-07-27,31,2031-W31,2031-07-28,Non-Holiday,Weekday
2040,2031-08-02,2040,68,Saturday,August,2031,2031-Aug,2,214,31,2031-W31,2031-07-27,31,2031-W31,2031-07-28,Non-Holiday,Weekend
2041,2031-08-03,2041,68,Sunday,August,2031,2031-Aug,3,215,32,2031-W32,2031-07-27,31,2031-W31,2031-07-28,Non-Holiday,Weekend
2042,2031-08-04,2042,68,Monday,August,2031,2031-Aug,4,216,32,2031-W32,2031-08-03,32,2031-W32,2031-08-04,Non-Holiday,Weekday
2043,2031-08-05,2043,68,Tuesday,August,2031,2031-Aug,5,217,32,2031-W32,2031-08-03,32,2031-W32,2031-08-04,Non-Holiday,Weekday
2044,2031-08-06,2044,68,Wednesday,August,2031,2031-Aug,6,218,32,2031-W32,2031-08-03,32,2031-W32,2031-08-04,Non-Holiday,Weekday
2045,2031-08-07,2045,68,Thursday,August,2031,2031-Aug,7,219,32,2031-W32,2031-08-03,32,2031-W32,2031-08-04,Non-Holiday,Weekday
2046,2031-08-08,2046,68,Friday,August,2031,2031-Aug,8,220,32,2031-W32,2031-08-03,32,2031-W32,2031-08-04,Non-Holiday,Weekday
2047,2031-08-09,2047,68,Saturday,August,2031,2031-Aug,9,221,32,2031-W32,2031-08-03,32,2031-W32,2031-08-04,Non-Holiday,Weekend
2048,2031-08-10,2048,68,Sunday,August,2031,2031-Aug,10,222,33,2031-W33,2031-08-03,32,2031-W32,2031-08-04,Non-Holiday,Weekend
2049,2031-08-11,2049,68,Monday,August,2031,2031-Aug,11,223,33,2031-W33,2031-08-10,33,2031-W33,2031-08-11,Non-Holiday,Weekday
2050,2031-08-12,2050,68,Tuesday,August,2031,2031-Aug,12,224,33,2031-W33,2031-08-10,33,2031-W33,2031-08-11,Non-Holiday,Weekday
2051,2031-08-13,2051,68,Wednesday,August,2031,2031-Aug,13,225,33,2031-W33,2031-08-10,33,2031-W33,2031-08-11,Non-Holiday,Weekday
2052,2031-08-14,2052,68,Thursday,August,2031,2031-Aug,14,226,33,2031-W33,2031-08-10,33,2031-W33,2031-08-11,Non-Holiday,Weekday
2053,2031-08-15,2053,68,Friday,August,2031,2031-Aug,15,227,33,2031-W33,2031-08-10,33,2031-W33,2031-08-11,Non-Holiday,Weekday
2054,2031-08-16,2054,68,Saturday,August,2031,2031-Aug,16,228,33,2031-W33,2031-08-10,33,2031-W33,2031-08-11,Non-Holiday,Weekend
2055,2031-08-17,2055,68,Sunday,August,2031,2031-Aug,17,229,34,2031-W34,2031-08-10,33,2031-W33,2031-08-11,Non-Holiday,Weekend
2056,2031-08-18,2056,68,Monday,August,2031,2031-Aug,18,230,34,2031-W34,2031-08-17,34,2031-W34,2031-08-18,Non-Holiday,Weekday
2057,2031-08-19,2057,68,Tuesday,August,2031,2031-Aug,19,231,34,2031-W34,2031-08-17,34,2031-W34,2031-08-18,Non-Holiday,Weekday
2058,2031-08-20,2058,68,Wednesday,August,2031,2031-Aug,20,232,34,2031-W34,2031-08-17,34,2031-W34,2031-08-18,Non-Holiday,Weekday
2059,2031-08-21,2059,68,Thursday,August,2031,2031-Aug,21,233,34,2031-W34,2031-08-17,34,2031-W34,2031-08-18,Non-Holiday,Weekday
2060,2031-08-22,2060,68,Friday,August,2031,2031-Aug,22,234,34,2031-W34,2031-08-17,34,2031-W34,2031-08-18,Non-Holiday,Weekday
2061,2031-08-23,2061,68,Saturday,August,2031,2031-Aug,23,235,34,2031-W34,2031-08-17,34,2031-W34,2031-08-18,Non-Holiday,Weekend
2062,2031-08-24,2062,68,Sunday,August,2031,2031-Aug,24,236,35,2031-W35,2031-08-17,34,2031-W34,2031-08-18,Non-Holiday,Weekend
2063,2031-08-25,2063,68,Monday,August,2031,2031-Aug,25,237,35,2031-W35,2031-08-24,35,2031-W35,2031-08-25,Non-Holiday,Weekday
2064,2031-08-26,2064,68,Tuesday,August,2031,2031-Aug,26,238,35,2031-W35,2031-08-24,35,2031-W35,2031-08-25,Non-Holiday,Weekday
2065,2031-08-27,2065,68,Wednesday,August,2031,2031-Aug,27,239,35,2031-W35,2031-08-24,35,2031-W35,2031-08-25,Non-Holiday,Weekday
2066,2031-08-28,2066,68,Thursday,August,2031,2031-Aug,28,240,35,2031-W35,2031-08-24,35,2031-W35,2031-08-25,Non-Holiday,Weekday
2067,2031-08-29,2067,68,Friday,August,2031,2031-Aug,29,241,35,2031-W35,2031-08-24,35,2031-W35,2031-08-25,Non-Holiday,Weekday
2068,2031-08-30,2068,68,Saturday,August,2031,2031-Aug,30,242,35,2031-W35,2031-08-24,35,2031-W35,2031-08-25,Non-Holiday,Weekend
2069,2031-08-31,2069,68,Sunday,August,2031,2031-Aug,31,243,36,2031-W36,2031-08-24,35,2031-W35,2031-08-25,Non-Holiday,Weekend
2070,2031-09-01,2070,69,Monday,September,2031,2031-Sep,1,244,36,2031-W36,2031-08-31,36,2031-W36,2031-09-01,Non-Holiday,Weekday
2071,2031-09-02,2071,69,Tuesday,September,2031,2031-Sep,2,245,36,2031-W36,2031-08-31,36,2031-W36,2031-09-01,Non-Holiday,Weekday
2072,2031-09-03,2072,69,Wednesday,September,2031,2031-Sep,3,246,36,2031-W36,2031-08-31,36,2031-W36,2031-09-01,Non-Holiday,Weekday
2073,2031-09-04,2073,69,Thursday,September,2031,2031-Sep,4,247,36,2031-W36,2031-08-31,36,2031-W36,2031-09-01,Non-Holiday,Weekday
2074,2031-09-05,2074,69,Friday,September,2031,2031-Sep,5,248,36,2031-W36,2031-08-31,36,2031-W36,2031-09-01,Non-Holiday,Weekday
2075,2031-09-06,2075,69,Saturday,September,2031,2031-Sep,6,249,36,2031-W36,2031-08-31,36,2031-W36,2031-09-01,Non-Holiday,Weekend
2076,2031-09-07,2076,69,Sunday,September,2031,2031-Sep,7,250,37,2031-W37,2031-08-31,36,2031-W36,2031-09-01,Non-Holiday,Weekend
2077,2031-09-08,2077,69,Monday,September,2031,2031-Sep,8,251,37,2031-W37,2031-09-07,37,2031-W37,2031-09-08,Non-Holiday,Weekday
2078,2031-09-09,2078,69,Tuesday,September,2031,2031-Sep,9,252,37,2031-W37,2031-09-07,37,2031-W37,2031-09-08,Non-Holiday,Weekday
2079,2031-09-10,2079,69,Wednesday,September,2031,2031-Sep,10,253,37,2031-W37,2031-09-07,37,2031-W37,2031-09-08,Non-Holiday,Weekday
2080,2031-09-11,2080,69,Thursday,September,2031,2031-Sep,11,254,37,2031-W37,2031-09-07,37,2031-W37,2031-09-08,Non-Holiday,Weekday
2081,2031-09-12,2081,69,Friday,September,2031,2031-Sep,12,255,37,2031-W37,2031-09-07,37,2031-W37,2031-09-08,Non-Holiday,Weekday
2082,2031-09-13,2082,69,Saturday,September,2031,2031-Sep,13,256,37,2031-W37,2031-09-07,37,2031-W37,2031-09-08,Non-Holiday,Weekend
2083,2031-09-14,2083,69,Sunday,September,2031,2031-Sep,14,257,38,2031-W38,2031-09-07,37,2031-W37,2031-09-08,Non-Holiday,Weekend
2084,2031-09-15,2084,69,Monday,September,2031,2031-Sep,15,258,38,2031-W38,2031-09-14,38,2031-W38,2031-09-15,Non-Holiday,Weekday
2085,2031-09-16,2085,69,Tuesday,September,2031,2031-Sep,16,259,38,2031-W38,2031-09-14,38,2031-W38,2031-09-15,Non-Holiday,Weekday
2086,2031-09-17,2086,69,Wednesday,September,2031,2031-Sep,17,260,38,2031-W38,2031-09-14,38,2031-W38,2031-09-15,Non-Holiday,Weekday
2087,2031-09-18,2087,69,Thursday,September,2031,2031-Sep,18,261,38,2031-W38,2031-09-14,38,2031-W38,2031-09-15,Non-Holiday,Weekday
2088,2031-09-19,2088,69,Friday,September,2031,2031-Sep,19,262,38,2031-W38,2031-09-14,38,2031-W38,2031-09-15,Non-Holiday,Weekday
2089,2031-09-20,2089,69,Saturday,September,2031,2031-Sep,20,263,38,2031-W38,2031-09-14,38,2031-W38,2031-09-15,Non-Holiday,Weekend
2090,2031-09-21,2090,69,Sunday,September,2031,2031-Sep,21,264,39,2031-W39,2031-09-14,38,2031-W38,2031-09-15,Non-Holiday,Weekend
2091,2031-09-22,2091,69,Monday,September,2031,2031-Sep,22,265,39,2031-W39,2031-09-21,39,2031-W39,2031-09-22,Non-Holiday,Weekday
2092,2031-09-23,2092,69,Tuesday,September,2031,2031-Sep,23,266,39,2031-W39,2031-09-21,39,2031-W39,2031-09-22,Non-Holiday,Weekday
2093,2031-09-24,2093,69,Wednesday,September,2031,2031-Sep,24,267,39,2031-W39,2031-09-21,39,2031-W39,2031-09-22,Non-Holiday,Weekday
2094,2031-09-25,2094,69,Thursday,September,2031,2031-Sep,25,268,39,2031-W39,2031-09-21,39,2031-W39,2031-09-22,Non-Holiday,Weekday
2095,2031-09-26,2095,69,Friday,September,2031,2031-Sep,26,269,39,2031-W39,2031-09-21,39,2031-W39,2031-09-22,Non-Holiday,Weekday
2096,2031-09-27,2096,69,Saturday,September,2031,2031-Sep,27,270,39,2031-W39,2031-09-21,39,2031-W39,2031-09-22,Non-Holiday,Weekend
2097,2031-09-28,2097,69,Sunday,September,2031,2031-Sep,28,271,40,2031-W40,2031-09-21,39,2031-W39,2031-09-22,Non-Holiday,Weekend
2098,2031-09-29,2098,69,Monday,September,2031,2031-Sep,29,272,40,2031-W40,2031-09-28,40,2031-W40,2031-09-29,Non-Holiday,Weekday
2099,2031-09-30,2099,69,Tuesday,September,2031,2031-Sep,30,273,40,2031-W40,2031-09-28,40,2031-W40,2031-09-29,Non-Holiday,Weekday
2100,2031-10-01,2100,70,Wednesday,October,2031,2031-Oct,1,274,40,2031-W40,2031-09-28,40,2031-W40,2031-09-29,Non-Holiday,Weekday
2101,2031-10-02,2101,70,Thursday,October,2031,2031-Oct,2,275,40,2031-W40,2031-09-28,40,2031-W40,2031-09-29,Non-Holiday,Weekday
2102,2031-10-03,2102,70,Friday,October,2031,2031-Oct,3,276,40,2031-W40,2031-09-28,40,2031-W40,2031-09-29,Non-Holiday,Weekday
2103,2031-10-04,2103,70,Saturday,October,2031,2031-Oct,4,277,40,2031-W40,2031-09-28,40,2031-W40,2031-09-29,Non-Holiday,Weekend
2104,2031-10-05,2104,70,Sunday,October,2031,2031-Oct,5,278,41,2031-W41,2031-09-28,40,2031-W40,2031-09-29,Non-Holiday,Weekend
2105,2031-10-06,2105,70,Monday,October,2031,2031-Oct,6,279,41,2031-W41,2031-10-05,41,2031-W41,2031-10-06,Non-Holiday,Weekday
2106,2031-10-07,2106,70,Tuesday,October,2031,2031-Oct,7,280,41,2031-W41,2031-10-05,41,2031-W41,2031-10-06,Non-Holiday,Weekday
2107,2031-10-08,2107,70,Wednesday,October,2031,2031-Oct,8,281,41,2031-W41,2031-10-05,41,2031-W41,2031-10-06,Non-Holiday,Weekday
2108,2031-10-09,2108,70,Thursday,October,2031,2031-Oct,9,282,41,2031-W41,2031-10-05,41,2031-W41,2031-10-06,Non-Holiday,Weekday
2109,2031-10-10,2109,70,Friday,October,2031,2031-Oct,10,283,41,2031-W41,2031-10-05,41,2031-W41,2031-10-06,Non-Holiday,Weekday
2110,2031-10-11,2110,70,Saturday,October,2031,2031-Oct,11,284,41,2031-W41,2031-10-05,41,2031-W41,2031-10-06,Non-Holiday,Weekend
2111,2031-10-12,2111,70,Sunday,October,2031,2031-Oct,12,285,42,2031-W42,2031-10-05,41,2031-W41,2031-10-06,Non-Holiday,Weekend
2112,2031-10-13,2112,70,Monday,October,2031,2031-Oct,13,286,42,2031-W42,2031-10-12,42,2031-W42,2031-10-13,Non-Holiday,Weekday
2113,2031-10-14,2113,70,Tuesday,October,2031,2031-Oct,14,287,42,2031-W42,2031-10-12,42,2031-W42,2031-10-13,Non-Holiday,Weekday
2114,2031-10-15,2114,70,Wednesday,October,2031,2031-Oct,15,288,42,2031-W42,2031-10-12,42,2031-W42,2031-10-13,Non-Holiday,Weekday
2115,2031-10-16,2115,70,Thursday,October,2031,2031-Oct,16,289,42,2031-W42,2031-10-12,42,2031-W42,2031-10-13,Non-Holiday,Weekday
2116,2031-10-17,2116,70,Friday,October,2031,2031-Oct,17,290,42,2031-W42,2031-10-12,42,2031-W42,2031-10-13,Non-Holiday,Weekday
2117,2031-10-18,2117,70,Saturday,October,2031,2031-Oct,18,291,42,2031-W42,2031-10-12,42,2031-W42,2031-10-13,Non-Holiday,Weekend
2118,2031-10-19,2118,70,Sunday,October,2031,2031-Oct,19,292,43,2031-W43,2031-10-12,42,2031-W42,2031-10-13,Non-Holiday,Weekend
2119,2031-10-20,2119,70,Monday,October,2031,2031-Oct,20,293,43,2031-W43,2031-10-19,43,2031-W43,2031-10-20,Non-Holiday,Weekday
2120,2031-10-21,2120,70,Tuesday,October,2031,2031-Oct,21,294,43,2031-W43,2031-10-19,43,2031-W43,2031-10-20,Non-Holiday,Weekday
2121,2031-10-22,2121,70,Wednesday,October,2031,2031-Oct,22,295,43,2031-W43,2031-10-19,43,2031-W43,2031-10-20,Non-Holiday,Weekday
2122,2031-10-23,2122,70,Thursday,October,2031,2031-Oct,23,296,43,2031-W43,2031-10-19,43,2031-W43,2031-10-20,Non-Holiday,Weekday
2123,2031-10-24,2123,70,Friday,October,2031,2031-Oct,24,297,43,2031-W43,2031-10-19,43,2031-W43,2031-10-20,Non-Holiday,Weekday
2124,2031-10-25,2124,70,Saturday,October,2031,2031-Oct,25,298,43,2031-W43,2031-10-19,43,2031-W43,2031-10-20,Non-Holiday,Weekend
2125,2031-10-26,2125,70,Sunday,October,2031,2031-Oct,26,299,44,2031-W44,2031-10-19,43,2031-W43,2031-10-20,Non-Holiday,Weekend
2126,2031-10-27,2126,70,Monday,October,2031,2031-Oct,27,300,44,2031-W44,2031-10-26,44,2031-W44,2031-10-27,Non-Holiday,Weekday
2127,2031-10-28,2127,70,Tuesday,October,2031,2031-Oct,28,301,44,2031-W44,2031-10-26,44,2031-W44,2031-10-27,Non-Holiday,Weekday
2128,2031-10-29,2128,70,Wednesday,October,2031,2031-Oct,29,302,44,2031-W44,2031-10-26,44,2031-W44,2031-10-27,Non-Holiday,Weekday
2129,2031-10-30,2129,70,Thursday,October,2031,2031-Oct,30,303,44,2031-W44,2031-10-26,44,2031-W44,2031-10-27,Non-Holiday,Weekday
2130,2031-10-31,2130,70,Friday,October,2031,2031-Oct,31,304,44,2031-W44,2031-10-26,44,2031-W44,2031-10-27,Non-Holiday,Weekday
2131,2031-11-01,2131,71,Saturday,November,2031,2031-Nov,1,305,44,2031-W44,2031-10-26,44,2031-W44,2031-10-27,Non-Holiday,Weekend
2132,2031-11-02,2132,71,Sunday,November,2031,2031-Nov,2,306,45,2031-W45,2031-10-26,44,2031-W44,2031-10-27,Non-Holiday,Weekend
2133,2031-11-03,2133,71,Monday,November,2031,2031-Nov,3,307,45,2031-W45,2031-11-02,45,2031-W45,2031-11-03,Non-Holiday,Weekday
2134,2031-11-04,2134,71,Tuesday,November,2031,2031-Nov,4,308,45,2031-W45,2031-11-02,45,2031-W45,2031-11-03,Non-Holiday,Weekday
2135,2031-11-05,2135,71,Wednesday,November,2031,2031-Nov,5,309,45,2031-W45,2031-11-02,45,2031-W45,2031-11-03,Non-Holiday,Weekday
2136,2031-11-06,2136,71,Thursday,November,2031,2031-Nov,6,310,45,2031-W45,2031-11-02,45,2031-W45,2031-11-03,Non-Holiday,Weekday
2137,2031-11-07,2137,71,Friday,November,2031,2031-Nov,7,311,45,2031-W45,2031-11-02,45,2031-W45,2031-11-03,Non-Holiday,Weekday
2138,2031-11-08,2138,71,Saturday,November,2031,2031-Nov,8,312,45,2031-W45,2031-11-02,45,2031-W45,2031-11-03,Non-Holiday,Weekend
2139,2031-11-09,2139,71,Sunday,November,2031,2031-Nov,9,313,46,2031-W46,2031-11-02,45,2031-W45,2031-11-03,Non-Holiday,Weekend
2140,2031-11-10,2140,71,Monday,November,2031,2031-Nov,10,314,46,2031-W46,2031-11-09,46,2031-W46,2031-11-10,Non-Holiday,Weekday
2141,2031-11-11,2141,71,Tuesday,November,2031,2031-Nov,11,315,46,2031-W46,2031-11-09,46,2031-W46,2031-11-10,Non-Holiday,Weekday
2142,2031-11-12,2142,71,Wednesday,November,2031,2031-Nov,12,316,46,2031-W46,2031-11-09,46,2031-W46,2031-11-10,Non-Holiday,Weekday
2143,2031-11-13,2143,71,Thursday,November,2031,2031-Nov,13,317,46,2031-W46,2031-11-09,46,2031-W46,2031-11-10,Non-Holiday,Weekday
2144,2031-11-14,2144,71,Friday,November,2031,2031-Nov,14,318,46,2031-W46,2031-11-09,46,2031-W46,2031-11-10,Non-Holiday,Weekday
2145,2031-11-15,2145,71,Saturday,November,2031,2031-Nov,15,319,46,2031-W46,2031-11-09,46,2031-W46,2031-11-10,Non-Holiday,Weekend
2146,2031-11-16,2146,71,Sunday,November,2031,2031-Nov,16,320,47,2031-W47,2031-11-09,46,2031-W46,2031-11-10,Non-Holiday,Weekend
2147,2031-11-17,2147,71,Monday,November,2031,2031-Nov,17,321,47,2031-W47,2031-11-16,47,2031-W47,2031-11-17,Non-Holiday,Weekday
2148,2031-11-18,2148,71,Tuesday,November,2031,2031-Nov,18,322,47,2031-W47,2031-11-16,47,2031-W47,2031-11-17,Non-Holiday,Weekday
2149,2031-11-19,2149,71,Wednesday,November,2031,2031-Nov,19,323,47,2031-W47,2031-11-16,47,2031-W47,2031-11-17,Non-Holiday,Weekday
2150,2031-11-20,2150,71,Thursday,November,2031,2031-Nov,20,324,47,2031-W47,2031-11-16,47,2031-W47,2031-11-17,Non-Holiday,Weekday
2151,2031-11-21,2151,71,Friday,November,2031,2031-Nov,21,325,47,2031-W47,2031-11-16,47,2031-W47,2031-11-17,Non-Holiday,Weekday
2152,2031-11-22,2152,71,Saturday,November,2031,2031-Nov,22,326,47,2031-W47,2031-11-16,47,2031-W47,2031-11-17,Non-Holiday,Weekend
2153,2031-11-23,2153,71,Sunday,November,2031,2031-Nov,23,327,48,2031-W48,2031-11-16,47,2031-W47,2031-11-17,Non-Holiday,Weekend
2154,2031-11-24,2154,71,Monday,November,2031,2031-Nov,24,328,48,2031-W48,2031-11-23,48,2031-W48,2031-11-24,Non-Holiday,Weekday
2155,2031-11-25,2155,71,Tuesday,November,2031,2031-Nov,25,329,48,2031-W48,2031-11-23,48,2031-W48,2031-11-24,Non-Holiday,Weekday
2156,2031-11-26,2156,71,Wednesday,November,2031,2031-Nov,26,330,48,2031-W48,2031-11-23,48,2031-W48,2031-11-24,Non-Holiday,Weekday
2157,2031-11-27,2157,71,Thursday,November,2031,2031-Nov,27,331,48,2031-W48,2031-11-23,48,2031-W48,2031-11-24,Non-Holiday,Weekday
2158,2031-11-28,2158,71,Friday,November,2031,2031-Nov,28,332,48,2031-W48,2031-11-23,48,2031-W48,2031-11-24,Non-Holiday,Weekday
2159,2031-11-29,2159,71,Saturday,November,2031,2031-Nov,29,333,48,2031-W48,2031-11-23,48,2031-W48,2031-11-24,Non-Holiday,Weekend
2160,2031-11-30,2160,71,Sunday,November,2031,2031-Nov,30,334,49,2031-W49,2031-11-23,48,2031-W48,2031-11-24,Non-Holiday,Weekend
2161,2031-12-01,2161,72,Monday,December,2031,2031-Dec,1,335,49,2031-W49,2031-11-30,49,2031-W49,2031-12-01,Non-Holiday,Weekday
2162,2031-12-02,2162,72,Tuesday,December,2031,2031-Dec,2,336,49,2031-W49,2031-11-30,49,2031-W49,2031-12-01,Non-Holiday,Weekday
2163,2031-12-03,2163,72,Wednesday,December,2031,2031-Dec,3,337,49,2031-W49,2031-11-30,49,2031-W49,2031-12-01,Non-Holiday,Weekday
2164,2031-12-04,2164,72,Thursday,December,2031,2031-Dec,4,338,49,2031-W49,2031-11-30,49,2031-W49,2031-12-01,Non-Holiday,Weekday
2165,2031-12-05,2165,72,Friday,December,2031,2031-Dec,5,339,49,2031-W49,2031-11-30,49,2031-W49,2031-12-01,Non-Holiday,Weekday
2166,2031-12-06,2166,72,Saturday,December,2031,2031-Dec,6,340,49,2031-W49,2031-11-30,49,2031-W49,2031-12-01,Non-Holiday,Weekend
2167,2031-12-07,2167,72,Sunday,December,2031,2031-Dec,7,341,50,2031-W50,2031-11-30,49,2031-W49,2031-12-01,Non-Holiday,Weekend
2168,2031-12-08,2168,72,Monday,December,2031,2031-Dec,8,342,50,2031-W50,2031-12-07,50,2031-W50,2031-12-08,Non-Holiday,Weekday
2169,2031-12-09,2169,72,Tuesday,December,2031,2031-Dec,9,343,50,2031-W50,2031-12-07,50,2031-W50,2031-12-08,Non-Holiday,Weekday
2170,2031-12-10,2170,72,Wednesday,December,2031,2031-Dec,10,344,50,2031-W50,2031-12-07,50,2031-W50,2031-12-08,Non-Holiday,Weekday
2171,2031-12-11,2171,72,Thursday,December,2031,2031-Dec,11,345,50,2031-W50,2031-12-07,50,2031-W50,2031-12-08,Non-Holiday,Weekday
2172,2031-12-12,2172,72,Friday,December,2031,2031-Dec,12,346,50,2031-W50,2031-12-07,50,2031-W50,2031-12-08,Non-Holiday,Weekday
2173,2031-12-13,2173,72,Saturday,December,2031,2031-Dec,13,347,50,2031-W50,2031-12-07,50,2031-W50,2031-12-08,Non-Holiday,Weekend
2174,2031-12-14,2174,72,Sunday,December,2031,2031-Dec,14,348,51,2031-W51,2031-12-07,50,2031-W50,2031-12-08,Non-Holiday,Weekend
2175,2031-12-15,2175,72,Monday,December,2031,2031-Dec,15,349,51,2031-W51,2031-12-14,51,2031-W51,2031-12-15,Non-Holiday,Weekday
2176,2031-12-16,2176,72,Tuesday,December,2031,2031-Dec,16,350,51,2031-W51,2031-12-14,51,2031-W51,2031-12-15,Non-Holiday,Weekday
2177,2031-12-17,2177,72,Wednesday,December,2031,2031-Dec,17,351,51,2031-W51,2031-12-14,51,2031-W51,2031-12-15,Non-Holiday,Weekday
2178,2031-12-18,2178,72,Thursday,December,2031,2031-Dec,18,352,51,2031-W51,2031-12-14,51,2031-W51,2031-12-15,Non-Holiday,Weekday
2179,2031-12-19,2179,72,Friday,December,2031,2031-Dec,19,353,51,2031-W51,2031-12-14,51,2031-W51,2031-12-15,Non-Holiday,Weekday
2180,2031-12-20,2180,72,Saturday,December,2031,2031-Dec,20,354,51,2031-W51,2031-12-14,51,2031-W51,2031-12-15,Non-Holiday,Weekend
2181,2031-12-21,2181,72,Sunday,December,2031,2031-Dec,21,355,52,2031-W52,2031-12-14,51,2031-W51,2031-12-15,Non-Holiday,Weekend
2182,2031-12-22,2182,72,Monday,December,2031,2031-Dec,22,356,52,2031-W52,2031-12-21,52,2031-W52,2031-12-22,Non-Holiday,Weekday
2183,2031-12-23,2183,72,Tuesday,December,2031,2031-Dec,23,357,52,2031-W52,2031-12-21,52,2031-W52,2031-12-22,Non-Holiday,Weekday
2184,2031-12-24,2184,72,Wednesday,December,2031,2031-Dec,24,358,52,2031-W52,2031-12-21,52,2031-W52,2031-12-22,Non-Holiday,Weekday
2185,2031-12-25,2185,72,Thursday,December,2031,2031-Dec,25,359,52,2031-W52,2031-12-21,52,2031-W52,2031-12-22,Non-Holiday,Weekday
2186,2031-12-26,2186,72,Friday,December,2031,2031-Dec,26,360,52,2031-W52,2031-12-21,52,2031-W52,2031-12-22,Non-Holiday,Weekday
2187,2031-12-27,2187,72,Saturday,December,2031,2031-Dec,27,361,52,2031-W52,2031-12-21,52,2031-W52,2031-12-22,Non-Holiday,Weekend
2188,2031-12-28,2188,72,Sunday,December,2031,2031-Dec,28,362,53,2031-W53,2031-12-21,52,2031-W52,2031-12-22,Non-Holiday,Weekend
2189,2031-12-29,2189,72,Monday,December,2031,2031-Dec,29,363,53,2031-W53,2031-12-28,53,2031-W53,2031-12-29,Non-Holiday,Weekday
2190,2031-12-30,2190,72,Tuesday,December,2031,2031-Dec,30,364,53,2031-W53,2031-12-28,53,2031-W53,2031-12-29,Non-Holiday,Weekday
2191,2031-12-31,2191,72,Wednesday,December,2031,2031-Dec,31,365,53,2031-W53,2031-12-28,53,2031-W53,2031-12-29,Non-Holiday,Weekday
2192,2032-01-01,2192,73,Thursday,January,2032,2032-Jan,1,1,1,2032-W01,2031-12-28,1,2032-W01,2031-12-29,Non-Holiday,Weekday
2193,2032-01-02,2193,73,Friday,January,2032,2032-Jan,2,2,1,2032-W01,2031-12-28,1,2032-W01,2031-12-29,Non-Holiday,Weekday
2194,2032-01-03,2194,73,Saturday,January,2032,2032-Jan,3,3,1,2032-W01,2031-12-28,1,2032-W01,2031-12-29,Non-Holiday,Weekend
2195,2032-01-04,2195,73,Sunday,January,2032,2032-Jan,4,4,2,2032-W02,2031-12-28,1,2032-W01,2031-12-29,Non-Holiday,Weekend
2196,2032-01-05,2196,73,Monday,January,2032,2032-Jan,5,5,2,2032-W02,2032-01-04,2,2032-W02,2032-01-05,Non-Holiday,Weekday
2197,2032-01-06,2197,73,Tuesday,January,2032,2032-Jan,6,6,2,2032-W02,2032-01-04,2,2032-W02,2032-01-05,Non-Holiday,Weekday
2198,2032-01-07,2198,73,Wednesday,January,2032,2032-Jan,7,7,2,2032-W02,2032-01-04,2,2032-W02,2032-01-05,Non-Holiday,Weekday
2199,2032-01-08,2199,73,Thursday,January,2032,2032-Jan,8,8,2,2032-W02,2032-01-04,2,2032-W02,2032-01-05,Non-Holiday,Weekday
2200,2032-01-09,2200,73,Friday,January,2032,2032-Jan,9,9,2,2032-W02,2032-01-04,2,2032-W02,2032-01-05,Non-Holiday,Weekday
2201,2032-01-10,2201,73,Saturday,January,2032,2032-Jan,10,10,2,2032-W02,2032-01-04,2,2032-W02,2032-01-05,Non-Holiday,Weekend
2202,2032-01-11,2202,73,Sunday,January,2032,2032-Jan,11,11,3,2032-W03,2032-01-04,2,2032-W02,2032-01-05,Non-Holiday,Weekend
2203,2032-01-12,2203,73,Monday,January,2032,2032-Jan,12,12,3,2032-W03,2032-01-11,3,2032-W03,2032-01-12,Non-Holiday,Weekday
2204,2032-01-13,2204,73,Tuesday,January,2032,2032-Jan,13,13,3,2032-W03,2032-01-11,3,2032-W03,2032-01-12,Non-Holiday,Weekday
2205,2032-01-14,2205,73,Wednesday,January,2032,2032-Jan,14,14,3,2032-W03,2032-01-11,3,2032-W03,2032-01-12,Non-Holiday,Weekday
2206,2032-01-15,2206,73,Thursday,January,2032,2032-Jan,15,15,3,2032-W03,2032-01-11,3,2032-W03,2032-01-12,Non-Holiday,Weekday
2207,2032-01-16,2207,73,Friday,January,2032,2032-Jan,16,16,3,2032-W03,2032-01-11,3,2032-W03,2032-01-12,Non-Holiday,Weekday
2208,2032-01-17,2208,73,Saturday,January,2032,2032-Jan,17,17,3,2032-W03,2032-01-11,3,2032-W03,2032-01-12,Non-Holiday,Weekend
2209,2032-01-18,2209,73,Sunday,January,2032,2032-Jan,18,18,4,2032-W04,2032-01-11,3,2032-W03,2032-01-12,Non-Holiday,Weekend
2210,2032-01-19,2210,73,Monday,January,2032,2032-Jan,19,19,4,2032-W04,2032-01-18,4,2032-W04,2032-01-19,Non-Holiday,Weekday
2211,2032-01-20,2211,73,Tuesday,January,2032,2032-Jan,20,20,4,2032-W04,2032-01-18,4,2032-W04,2032-01-19,Non-Holiday,Weekday
2212,2032-01-21,2212,73,Wednesday,January,2032,2032-Jan,21,21,4,2032-W04,2032-01-18,4,2032-W04,2032-01-19,Non-Holiday,Weekday
2213,2032-01-22,2213,73,Thursday,January,2032,2032-Jan,22,22,4,2032-W04,2032-01-18,4,2032-W04,2032-01-19,Non-Holiday,Weekday
2214,2032-01-23,2214,73,Friday,January,2032,2032-Jan,23,23,4,2032-W04,2032-01-18,4,2032-W04,2032-01-19,Non-Holiday,Weekday
2215,2032-01-24,2215,73,Saturday,January,2032,2032-Jan,24,24,4,2032-W04,2032-01-18,4,2032-W04,2032-01-19,Non-Holiday,Weekend
2216,2032-01-25,2216,73,Sunday,January,2032,2032-Jan,25,25,5,2032-W05,2032-01-18,4,2032-W04,2032-01-19,Non-Holiday,Weekend
2217,2032-01-26,2217,73,Monday,January,2032,2032-Jan,26,26,5,2032-W05,2032-01-25,5,2032-W05,2032-01-26,Non-Holiday,Weekday
2218,2032-01-27,2218,73,Tuesday,January,2032,2032-Jan,27,27,5,2032-W05,2032-01-25,5,2032-W05,2032-01-26,Non-Holiday,Weekday
2219,2032-01-28,2219,73,Wednesday,January,2032,2032-Jan,28,28,5,2032-W05,2032-01-25,5,2032-W05,2032-01-26,Non-Holiday,Weekday
2220,2032-01-29,2220,73,Thursday,January,2032,2032-Jan,29,29,5,2032-W05,2032-01-25,5,2032-W05,2032-01-26,Non-Holiday,Weekday
2221,2032-01-30,2221,73,Friday,January,2032,2032-Jan,30,30,5,2032-W05,2032-01-25,5,2032-W05,2032-01-26,Non-Holiday,Weekday
2222,2032-01-31,2222,73,Saturday,January,2032,2032-Jan,31,31,5,2032-W05,2032-01-25,5,2032-W05,2032-01-26,Non-Holiday,Weekend
2223,2032-02-01,2223,74,Sunday,February,2032,2032-Feb,1,32,6,2032-W06,2032-01-25,5,2032-W05,2032-01-26,Non-Holiday,Weekend
2224,2032-02-02,2224,74,Monday,February,2032,2032-Feb,2,33,6,2032-W06,2032-02-01,6,2032-W06,2032-02-02,Non-Holiday,Weekday
2225,2032-02-03,2225,74,Tuesday,February,2032,2032-Feb,3,34,6,2032-W06,2032-02-01,6,2032-W06,2032-02-02,Non-Holiday,Weekday
2226,2032-02-04,2226,74,Wednesday,February,2032,2032-Feb,4,35,6,2032-W06,2032-02-01,6,2032-W06,2032-02-02,Non-Holiday,Weekday
2227,2032-02-05,2227,74,Thursday,February,2032,2032-Feb,5,36,6,2032-W06,2032-02-01,6,2032-W06,2032-02-02,Non-Holiday,Weekday
2228,2032-02-06,2228,74,Friday,February,2032,2032-Feb,6,37,6,2032-W06,2032-02-01,6,2032-W06,2032-02-02,Non-Holiday,Weekday
2229,2032-02-07,2229,74,Saturday,February,2032,2032-Feb,7,38,6,2032-W06,2032-02-01,6,2032-W06,2032-02-02,Non-Holiday,Weekend
2230,2032-02-08,2230,74,Sunday,February,2032,2032-Feb,8,39,7,2032-W07,2032-02-01,6,2032-W06,2032-02-02,Non-Holiday,Weekend
2231,2032-02-09,2231,74,Monday,February,2032,2032-Feb,9,40,7,2032-W07,2032-02-08,7,2032-W07,2032-02-09,Non-Holiday,Weekday
2232,2032-02-10,2232,74,Tuesday,February,2032,2032-Feb,10,41,7,2032-W07,2032-02-08,7,2032-W07,2032-02-09,Non-Holiday,Weekday
2233,2032-02-11,2233,74,Wednesday,February,2032,2032-Feb,11,42,7,2032-W07,2032-02-08,7,2032-W07,2032-02-09,Non-Holiday,Weekday
2234,2032-02-12,2234,74,Thursday,February,2032,2032-Feb,12,43,7,2032-W07,2032-02-08,7,2032-W07,2032-02-09,Non-Holiday,Weekday
2235,2032-02-13,2235,74,Friday,February,2032,2032-Feb,13,44,7,2032-W07,2032-02-08,7,2032-W07,2032-02-09,Non-Holiday,Weekday
2236,2032-02-14,2236,74,Saturday,February,2032,2032-Feb,14,45,7,2032-W07,2032-02-08,7,2032-W07,2032-02-09,Non-Holiday,Weekend
2237,2032-02-15,2237,74,Sunday,February,2032,2032-Feb,15,46,8,2032-W08,2032-02-08,7,2032-W07,2032-02-09,Non-Holiday,Weekend
2238,2032-02-16,2238,74,Monday,February,2032,2032-Feb,16,47,8,2032-W08,2032-02-15,8,2032-W08,2032-02-16,Non-Holiday,Weekday
2239,2032-02-17,2239,74,Tuesday,February,2032,2032-Feb,17,48,8,2032-W08,2032-02-15,8,2032-W08,2032-02-16,Non-Holiday,Weekday
2240,2032-02-18,2240,74,Wednesday,February,2032,2032-Feb,18,49,8,2032-W08,2032-02-15,8,2032-W08,2032-02-16,Non-Holiday,Weekday
2241,2032-02-19,2241,74,Thursday,February,2032,2032-Feb,19,50,8,2032-W08,2032-02-15,8,2032-W08,2032-02-16,Non-Holiday,Weekday
2242,2032-02-20,2242,74,Friday,February,2032,2032-Feb,20,51,8,2032-W08,2032-02-15,8,2032-W08,2032-02-16,Non-Holiday,Weekday
2243,2032-02-21,2243,74,Saturday,February,2032,2032-Feb,21,52,8,2032-W08,2032-02-15,8,2032-W08,2032-02-16,Non-Holiday,Weekend
2244,2032-02-22,2244,74,Sunday,February,2032,2032-Feb,22,53,9,2032-W09,2032-02-15,8,2032-W08,2032-02-16,Non-Holiday,Weekend
2245,2032-02-23,2245,74,Monday,February,2032,2032-Feb,23,54,9,2032-W09,2032-02-22,9,2032-W09,2032-02-23,Non-Holiday,Weekday
2246,2032-02-24,2246,74,Tuesday,February,2032,2032-Feb,24,55,9,2032-W09,2032-02-22,9,2032-W09,2032-02-23,Non-Holiday,Weekday
2247,2032-02-25,2247,74,Wednesday,February,2032,2032-Feb,25,56,9,2032-W09,2032-02-22,9,2032-W09,2032-02-23,Non-Holiday,Weekday
2248,2032-02-26,2248,74,Thursday,February,2032,2032-Feb,26,57,9,2032-W09,2032-02-22,9,2032-W09,2032-02-23,Non-Holiday,Weekday
2249,2032-02-27,2249,74,Friday,February,2032,2032-Feb,27,58,9,2032-W09,2032-02-22,9,2032-W09,2032-02-23,Non-Holiday,Weekday
2250,2032-02-28,2250,74,Saturday,February,2032,2032-Feb,28,59,9,2032-W09,2032-02-22,9,2032-W09,2032-02-23,Non-Holiday,Weekend
2251,2032-02-29,2251,74,Sunday,February,2032,2032-Feb,29,60,10,2032-W10,2032-02-22,9,2032-W09,2032-02-23,Non-Holiday,Weekend
2252,2032-03-01,2252,75,Monday,March,2032,2032-Mar,1,61,10,2032-W10,2032-02-29,10,2032-W10,2032-03-01,Non-Holiday,Weekday
2253,2032-03-02,2253,75,Tuesday,March,2032,2032-Mar,2,62,10,2032-W10,2032-02-29,10,2032-W10,2032-03-01,Non-Holiday,Weekday
2254,2032-03-03,2254,75,Wednesday,March,2032,2032-Mar,3,63,10,2032-W10,2032-02-29,10,2032-W10,2032-03-01,Non-Holiday,Weekday
2255,2032-03-04,2255,75,Thursday,March,2032,2032-Mar,4,64,10,2032-W10,2032-02-29,10,2032-W10,2032-03-01,Non-Holiday,Weekday
2256,2032-03-05,2256,75,Friday,March,2032,2032-Mar,5,65,10,2032-W10,2032-02-29,10,2032-W10,2032-03-01,Non-Holiday,Weekday
2257,2032-03-06,2257,75,Saturday,March,2032,2032-Mar,6,66,10,2032-W10,2032-02-29,10,2032-W10,2032-03-01,Non-Holiday,Weekend
2258,2032-03-07,2258,75,Sunday,March,2032,2032-Mar,7,67,11,2032-W11,2032-02-29,10,2032-W10,2032-03-01,Non-Holiday,Weekend
2259,2032-03-08,2259,75,Monday,March,2032,2032-Mar,8,68,11,2032-W11,2032-03-07,11,2032-W11,2032-03-08,Non-Holiday,Weekday
2260,2032-03-09,2260,75,Tuesday,March,2032,2032-Mar,9,69,11,2032-W11,2032-03-07,11,2032-W11,2032-03-08,Non-Holiday,Weekday
2261,2032-03-10,2261,75,Wednesday,March,2032,2032-Mar,10,70,11,2032-W11,2032-03-07,11,2032-W11,2032-03-08,Non-Holiday,Weekday
2262,2032-03-11,2262,75,Thursday,March,2032,2032-Mar,11,71,11,2032-W11,2032-03-07,11,2032-W11,2032-03-08,Non-Holiday,Weekday
2263,2032-03-12,2263,75,Friday,March,2032,2032-Mar,12,72,11,2032-W11,2032-03-07,11,2032-W11,2032-03-08,Non-Holiday,Weekday
2264,2032-03-13,2264,75,Saturday,March,2032,2032-Mar,13,73,11,2032-W11,2032-03-07,11,2032-W11,2032-03-08,Non-Holiday,Weekend
2265,2032-03-14,2265,75,Sunday,March,2032,2032-Mar,14,74,12,2032-W12,2032-03-07,11,2032-W11,2032-03-08,Non-Holiday,Weekend
2266,2032-03-15,2266,75,Monday,March,2032,2032-Mar,15,75,12,2032-W12,2032-03-14,12,2032-W12,2032-03-15,Non-Holiday,Weekday
2267,2032-03-16,2267,75,Tuesday,March,2032,2032-Mar,16,76,12,2032-W12,2032-03-14,12,2032-W12,2032-03-15,Non-Holiday,Weekday
2268,2032-03-17,2268,75,Wednesday,March,2032,2032-Mar,17,77,12,2032-W12,2032-03-14,12,2032-W12,2032-03-15,Non-Holiday,Weekday
2269,2032-03-18,2269,75,Thursday,March,2032,2032-Mar,18,78,12,2032-W12,2032-03-14,12,2032-W12,2032-03-15,Non-Holiday,Weekday
2270,2032-03-19,2270,75,Friday,March,2032,2032-Mar,19,79,12,2032-W12,2032-03-14,12,2032-W12,2032-03-15,Non-Holiday,Weekday
2271,2032-03-20,2271,75,Saturday,March,2032,2032-Mar,20,80,12,2032-W12,2032-03-14,12,2032-W12,2032-03-15,Non-Holiday,Weekend
2272,2032-03-21,2272,75,Sunday,March,2032,2032-Mar,21,81,13,2032-W13,2032-03-14,12,2032-W12,2032-03-15,Non-Holiday,Weekend
2273,2032-03-22,2273,75,Monday,March,2032,2032-Mar,22,82,13,2032-W13,2032-03-21,13,2032-W13,2032-03-22,Non-Holiday,Weekday
2274,2032-03-23,2274,75,Tuesday,March,2032,2032-Mar,23,83,13,2032-W13,2032-03-21,13,2032-W13,2032-03-22,Non-Holiday,Weekday
2275,2032-03-24,2275,75,Wednesday,March,2032,2032-Mar,24,84,13,2032-W13,2032-03-21,13,2032-W13,2032-03-22,Non-Holiday,Weekday
2276,2032-03-25,2276,75,Thursday,March,2032,2032-Mar,25,85,13,2032-W13,2032-03-21,13,2032-W13,2032-03-22,Non-Holiday,Weekday
2277,2032-03-26,2277,75,Friday,March,2032,2032-Mar,26,86,13,2032-W13,2032-03-21,13,2032-W13,2032-03-22,Non-Holiday,Weekday
2278,2032-03-27,2278,75,Saturday,March,2032,2032-Mar,27,87,13,2032-W13,2032-03-21,13,2032-W13,2032-03-22,Non-Holiday,Weekend
2279,2032-03-28,2279,75,Sunday,March,2032,2032-Mar,28,88,14,2032-W14,2032-03-21,13,2032-W13,2032-03-22,Non-Holiday,Weekend
2280,2032-03-29,2280,75,Monday,March,2032,2032-Mar,29,89,14,2032-W14,2032-03-28,14,2032-W14,2032-03-29,Non-Holiday,Weekday
2281,2032-03-30,2281,75,Tuesday,March,2032,2032-Mar,30,90,14,2032-W14,2032-03-28,14,2032-W14,2032-03-29,Non-Holiday,Weekday
2282,2032-03-31,2282,75,Wednesday,March,2032,2032-Mar,31,91,14,2032-W14,2032-03-28,14,2032-W14,2032-03-29,Non-Holiday,Weekday
2283,2032-04-01,2283,76,Thursday,April,2032,2032-Apr,1,92,14,2032-W14,2032-03-28,14,2032-W14,2032-03-29,Non-Holiday,Weekday
2284,2032-04-02,2284,76,Friday,April,2032,2032-Apr,2,93,14,2032-W14,2032-03-28,14,2032-W14,2032-03-29,Non-Holiday,Weekday
2285,2032-04-03,2285,76,Saturday,April,2032,2032-Apr,3,94,14,2032-W14,2032-03-28,14,2032-W14,2032-03-29,Non-Holiday,Weekend
2286,2032-04-04,2286,76,Sunday,April,2032,2032-Apr,4,95,15,2032-W15,2032-03-28,14,2032-W14,2032-03-29,Non-Holiday,Weekend
2287,2032-04-05,2287,76,Monday,April,2032,2032-Apr,5,96,15,2032-W15,2032-04-04,15,2032-W15,2032-04-05,Non-Holiday,Weekday
2288,2032-04-06,2288,76,Tuesday,April,2032,2032-Apr,6,97,15,2032-W15,2032-04-04,15,2032-W15,2032-04-05,Non-Holiday,Weekday
2289,2032-04-07,2289,76,Wednesday,April,2032,2032-Apr,7,98,15,2032-W15,2032-04-04,15,2032-W15,2032-04-05,Non-Holiday,Weekday
2290,2032-04-08,2290,76,Thursday,April,2032,2032-Apr,8,99,15,2032-W15,2032-04-04,15,2032-W15,2032-04-05,Non-Holiday,Weekday
2291,2032-04-09,2291,76,Friday,April,2032,2032-Apr,9,100,15,2032-W15,2032-04-04,15,2032-W15,2032-04-05,Non-Holiday,Weekday
2292,2032-04-10,2292,76,Saturday,April,2032,2032-Apr,10,101,15,2032-W15,2032-04-04,15,2032-W15,2032-04-05,Non-Holiday,Weekend
2293,2032-04-11,2293,76,Sunday,April,2032,2032-Apr,11,102,16,2032-W16,2032-04-04,15,2032-W15,2032-04-05,Non-Holiday,Weekend
2294,2032-04-12,2294,76,Monday,April,2032,2032-Apr,12,103,16,2032-W16,2032-04-11,16,2032-W16,2032-04-12,Non-Holiday,Weekday
2295,2032-04-13,2295,76,Tuesday,April,2032,2032-Apr,13,104,16,2032-W16,2032-04-11,16,2032-W16,2032-04-12,Non-Holiday,Weekday
2296,2032-04-14,2296,76,Wednesday,April,2032,2032-Apr,14,105,16,2032-W16,2032-04-11,16,2032-W16,2032-04-12,Non-Holiday,Weekday
2297,2032-04-15,2297,76,Thursday,April,2032,2032-Apr,15,106,16,2032-W16,2032-04-11,16,2032-W16,2032-04-12,Non-Holiday,Weekday
2298,2032-04-16,2298,76,Friday,April,2032,2032-Apr,16,107,16,2032-W16,2032-04-11,16,2032-W16,2032-04-12,Non-Holiday,Weekday
2299,2032-04-17,2299,76,Saturday,April,2032,2032-Apr,17,108,16,2032-W16,2032-04-11,16,2032-W16,2032-04-12,Non-Holiday,Weekend
2300,2032-04-18,2300,76,Sunday,April,2032,2032-Apr,18,109,17,2032-W17,2032-04-11,16,2032-W16,2032-04-12,Non-Holiday,Weekend
2301,2032-04-19,2301,76,Monday,April,2032,2032-Apr,19,110,17,2032-W17,2032-04-18,17,2032-W17,2032-04-19,Non-Holiday,Weekday
2302,2032-04-20,2302,76,Tuesday,April,2032,2032-Apr,20,111,17,2032-W17,2032-04-18,17,2032-W17,2032-04-19,Non-Holiday,Weekday
2303,2032-04-21,2303,76,Wednesday,April,2032,2032-Apr,21,112,17,2032-W17,2032-04-18,17,2032-W17,2032-04-19,Non-Holiday,Weekday
2304,2032-04-22,2304,76,Thursday,April,2032,2032-Apr,22,113,17,2032-W17,2032-04-18,17,2032-W17,2032-04-19,Non-Holiday,Weekday
2305,2032-04-23,2305,76,Friday,April,2032,2032-Apr,23,114,17,2032-W17,2032-04-18,17,2032-W17,2032-04-19,Non-Holiday,Weekday
2306,2032-04-24,2306,76,Saturday,April,2032,2032-Apr,24,115,17,2032-W17,2032-04-18,17,2032-W17,2032-04-19,Non-Holiday,Weekend
2307,2032-04-25,2307,76,Sunday,April,2032,2032-Apr,25,116,18,2032-W18,2032-04-18,17,2032-W17,2032-04-19,Non-Holiday,Weekend
2308,2032-04-26,2308,76,Monday,April,2032,2032-Apr,26,117,18,2032-W18,2032-04-25,18,2032-W18,2032-04-26,Non-Holiday,Weekday
2309,2032-04-27,2309,76,Tuesday,April,2032,2032-Apr,27,118,18,2032-W18,2032-04-25,18,2032-W18,2032-04-26,Non-Holiday,Weekday
2310,2032-04-28,2310,76,Wednesday,April,2032,2032-Apr,28,119,18,2032-W18,2032-04-25,18,2032-W18,2032-04-26,Non-Holiday,Weekday
2311,2032-04-29,2311,76,Thursday,April,2032,2032-Apr,29,120,18,2032-W18,2032-04-25,18,2032-W18,2032-04-26,Non-Holiday,Weekday
2312,2032-04-30,2312,76,Friday,April,2032,2032-Apr,30,121,18,2032-W18,2032-04-25,18,2032-W18,2032-04-26,Non-Holiday,Weekday
2313,2032-05-01,2313,77,Saturday,May,2032,2032-May,1,122,18,2032-W18,2032-04-25,18,2032-W18,2032-04-26,Non-Holiday,Weekend
2314,2032-05-02,2314,77,Sunday,May,2032,2032-May,2,123,19,2032-W19,2032-04-25,18,2032-W18,2032-04-26,Non-Holiday,Weekend
2315,2032-05-03,2315,77,Monday,May,2032,2032-May,3,124,19,2032-W19,2032-05-02,19,2032-W19,2032-05-03,Non-Holiday,Weekday
2316,2032-05-04,2316,77,Tuesday,May,2032,2032-May,4,125,19,2032-W19,2032-05-02,19,2032-W19,2032-05-03,Non-Holiday,Weekday
2317,2032-05-05,2317,77,Wednesday,May,2032,2032-May,5,126,19,2032-W19,2032-05-02,19,2032-W19,2032-05-03,Non-Holiday,Weekday
2318,2032-05-06,2318,77,Thursday,May,2032,2032-May,6,127,19,2032-W19,2032-05-02,19,2032-W19,2032-05-03,Non-Holiday,Weekday
2319,2032-05-07,2319,77,Friday,May,2032,2032-May,7,128,19,2032-W19,2032-05-02,19,2032-W19,2032-05-03,Non-Holiday,Weekday
2320,2032-05-08,2320,77,Saturday,May,2032,2032-May,8,129,19,2032-W19,2032-05-02,19,2032-W19,2032-05-03,Non-Holiday,Weekend
2321,2032-05-09,2321,77,Sunday,May,2032,2032-May,9,130,20,2032-W20,2032-05-02,19,2032-W19,2032-05-03,Non-Holiday,Weekend
2322,2032-05-10,2322,77,Monday,May,2032,2032-May,10,131,20,2032-W20,2032-05-09,20,2032-W20,2032-05-10,Non-Holiday,Weekday
2323,2032-05-11,2323,77,Tuesday,May,2032,2032-May,11,132,20,2032-W20,2032-05-09,20,2032-W20,2032-05-10,Non-Holiday,Weekday
2324,2032-05-12,2324,77,Wednesday,May,2032,2032-May,12,133,20,2032-W20,2032-05-09,20,2032-W20,2032-05-10,Non-Holiday,Weekday
2325,2032-05-13,2325,77,Thursday,May,2032,2032-May,13,134,20,2032-W20,2032-05-09,20,2032-W20,2032-05-10,Non-Holiday,Weekday
2326,2032-05-14,2326,77,Friday,May,2032,2032-May,14,135,20,2032-W20,2032-05-09,20,2032-W20,2032-05-10,Non-Holiday,Weekday
2327,2032-05-15,2327,77,Saturday,May,2032,2032-May,15,136,20,2032-W20,2032-05-09,20,2032-W20,2032-05-10,Non-Holiday,Weekend
2328,2032-05-16,2328,77,Sunday,May,2032,2032-May,16,137,21,2032-W21,2032-05-09,20,2032-W20,2032-05-10,Non-Holiday,Weekend
2329,2032-05-17,2329,77,Monday,May,2032,2032-May,17,138,21,2032-W21,2032-05-16,21,2032-W21,2032-05-17,Non-Holiday,Weekday
2330,2032-05-18,2330,77,Tuesday,May,2032,2032-May,18,139,21,2032-W21,2032-05-16,21,2032-W21,2032-05-17,Non-Holiday,Weekday
2331,2032-05-19,2331,77,Wednesday,May,2032,2032-May,19,140,21,2032-W21,2032-05-16,21,2032-W21,2032-05-17,Non-Holiday,Weekday
2332,2032-05-20,2332,77,Thursday,May,2032,2032-May,20,141,21,2032-W21,2032-05-16,21,2032-W21,2032-05-17,Non-Holiday,Weekday
2333,2032-05-21,2333,77,Friday,May,2032,2032-May,21,142,21,2032-W21,2032-05-16,21,2032-W21,2032-05-17,Non-Holiday,Weekday
2334,2032-05-22,2334,77,Saturday,May,2032,2032-May,22,143,21,2032-W21,2032-05-16,21,2032-W21,2032-05-17,Non-Holiday,Weekend
2335,2032-05-23,2335,77,Sunday,May,2032,2032-May,23,144,22,2032-W22,2032-05-16,21,2032-W21,2032-05-17,Non-Holiday,Weekend
2336,2032-05-24,2336,77,Monday,May,2032,2032-May,24,145,22,2032-W22,2032-05-23,22,2032-W22,2032-05-24,Non-Holiday,Weekday
2337,2032-05-25,2337,77,Tuesday,May,2032,2032-May,25,146,22,2032-W22,2032-05-23,22,2032-W22,2032-05-24,Non-Holiday,Weekday
2338,2032-05-26,2338,77,Wednesday,May,2032,2032-May,26,147,22,2032-W22,2032-05-23,22,2032-W22,2032-05-24,Non-Holiday,Weekday
2339,2032-05-27,2339,77,Thursday,May,2032,2032-May,27,148,22,2032-W22,2032-05-23,22,2032-W22,2032-05-24,Non-Holiday,Weekday
2340,2032-05-28,2340,77,Friday,May,2032,2032-May,28,149,22,2032-W22,2032-05-23,22,2032-W22,2032-05-24,Non-Holiday,Weekday
2341,2032-05-29,2341,77,Saturday,May,2032,2032-May,29,150,22,2032-W22,2032-05-23,22,2032-W22,2032-05-24,Non-Holiday,Weekend
2342,2032-05-30,2342,77,Sunday,May,2032,2032-May,30,151,23,2032-W23,2032-05-23,22,2032-W22,2032-05-24,Non-Holiday,Weekend
2343,2032-05-31,2343,77,Monday,May,2032,2032-May,31,152,23,2032-W23,2032-05-30,23,2032-W23,2032-05-31,Non-Holiday,Weekday
2344,2032-06-01,2344,78,Tuesday,June,2032,2032-Jun,1,153,23,2032-W23,2032-05-30,23,2032-W23,2032-05-31,Non-Holiday,Weekday
2345,2032-06-02,2345,78,Wednesday,June,2032,2032-Jun,2,154,23,2032-W23,2032-05-30,23,2032-W23,2032-05-31,Non-Holiday,Weekday
2346,2032-06-03,2346,78,Thursday,June,2032,2032-Jun,3,155,23,2032-W23,2032-05-30,23,2032-W23,2032-05-31,Non-Holiday,Weekday
2347,2032-06-04,2347,78,Friday,June,2032,2032-Jun,4,156,23,2032-W23,2032-05-30,23,2032-W23,2032-05-31,Non-Holiday,Weekday
2348,2032-06-05,2348,78,Saturday,June,2032,2032-Jun,5,157,23,2032-W23,2032-05-30,23,2032-W23,2032-05-31,Non-Holiday,Weekend
2349,2032-06-06,2349,78,Sunday,June,2032,2032-Jun,6,158,24,2032-W24,2032-05-30,23,2032-W23,2032-05-31,Non-Holiday,Weekend
2350,2032-06-07,2350,78,Monday,June,2032,2032-Jun,7,159,24,2032-W24,2032-06-06,24,2032-W24,2032-06-07,Non-Holiday,Weekday
2351,2032-06-08,2351,78,Tuesday,June,2032,2032-Jun,8,160,24,2032-W24,2032-06-06,24,2032-W24,2032-06-07,Non-Holiday,Weekday
2352,2032-06-09,2352,78,Wednesday,June,2032,2032-Jun,9,161,24,2032-W24,2032-06-06,24,2032-W24,2032-06-07,Non-Holiday,Weekday
2353,2032-06-10,2353,78,Thursday,June,2032,2032-Jun,10,162,24,2032-W24,2032-06-06,24,2032-W24,2032-06-07,Non-Holiday,Weekday
2354,2032-06-11,2354,78,Friday,June,2032,2032-Jun,11,163,24,2032-W24,2032-06-06,24,2032-W24,2032-06-07,Non-Holiday,Weekday
2355,2032-06-12,2355,78,Saturday,June,2032,2032-Jun,12,164,24,2032-W24,2032-06-06,24,2032-W24,2032-06-07,Non-Holiday,Weekend
2356,2032-06-13,2356,78,Sunday,June,2032,2032-Jun,13,165,25,2032-W25,2032-06-06,24,2032-W24,2032-06-07,Non-Holiday,Weekend
2357,2032-06-14,2357,78,Monday,June,2032,2032-Jun,14,166,25,2032-W25,2032-06-13,25,2032-W25,2032-06-14,Non-Holiday,Weekday
2358,2032-06-15,2358,78,Tuesday,June,2032,2032-Jun,15,167,25,2032-W25,2032-06-13,25,2032-W25,2032-06-14,Non-Holiday,Weekday
2359,2032-06-16,2359,78,Wednesday,June,2032,2032-Jun,16,168,25,2032-W25,2032-06-13,25,2032-W25,2032-06-14,Non-Holiday,Weekday
2360,2032-06-17,2360,78,Thursday,June,2032,2032-Jun,17,169,25,2032-W25,2032-06-13,25,2032-W25,2032-06-14,Non-Holiday,Weekday
2361,2032-06-18,2361,78,Friday,June,2032,2032-Jun,18,170,25,2032-W25,2032-06-13,25,2032-W25,2032-06-14,Non-Holiday,Weekday
2362,2032-06-19,2362,78,Saturday,June,2032,2032-Jun,19,171,25,2032-W25,2032-06-13,25,2032-W25,2032-06-14,Non-Holiday,Weekend
2363,2032-06-20,2363,78,Sunday,June,2032,2032-Jun,20,172,26,2032-W26,2032-06-13,25,2032-W25,2032-06-14,Non-Holiday,Weekend
2364,2032-06-21,2364,78,Monday,June,2032,2032-Jun,21,173,26,2032-W26,2032-06-20,26,2032-W26,2032-06-21,Non-Holiday,Weekday
2365,2032-06-22,2365,78,Tuesday,June,2032,2032-Jun,22,174,26,2032-W26,2032-06-20,26,2032-W26,2032-06-21,Non-Holiday,Weekday
2366,2032-06-23,2366,78,Wednesday,June,2032,2032-Jun,23,175,26,2032-W26,2032-06-20,26,2032-W26,2032-06-21,Non-Holiday,Weekday
2367,2032-06-24,2367,78,Thursday,June,2032,2032-Jun,24,176,26,2032-W26,2032-06-20,26,2032-W26,2032-06-21,Non-Holiday,Weekday
2368,2032-06-25,2368,78,Friday,June,2032,2032-Jun,25,177,26,2032-W26,2032-06-20,26,2032-W26,2032-06-21,Non-Holiday,Weekday
2369,2032-06-26,2369,78,Saturday,June,2032,2032-Jun,26,178,26,2032-W26,2032-06-20,26,2032-W26,2032-06-21,Non-Holiday,Weekend
2370,2032-06-27,2370,78,Sunday,June,2032,2032-Jun,27,179,27,2032-W27,2032-06-20,26,2032-W26,2032-06-21,Non-Holiday,Weekend
2371,2032-06-28,2371,78,Monday,June,2032,2032-Jun,28,180,27,2032-W27,2032-06-27,27,2032-W27,2032-06-28,Non-Holiday,Weekday
2372,2032-06-29,2372,78,Tuesday,June,2032,2032-Jun,29,181,27,2032-W27,2032-06-27,27,2032-W27,2032-06-28,Non-Holiday,Weekday
2373,2032-06-30,2373,78,Wednesday,June,2032,2032-Jun,30,182,27,2032-W27,2032-06-27,27,2032-W27,2032-06-28,Non-Holiday,Weekday
2374,2032-07-01,2374,79,Thursday,July,2032,2032-Jul,1,183,27,2032-W27,2032-06-27,27,2032-W27,2032-06-28,Non-Holiday,Weekday
2375,2032-07-02,2375,79,Friday,July,2032,2032-Jul,2,184,27,2032-W27,2032-06-27,27,2032-W27,2032-06-28,Non-Holiday,Weekday
2376,2032-07-03,2376,79,Saturday,July,2032,2032-Jul,3,185,27,2032-W27,2032-06-27,27,2032-W27,2032-06-28,Non-Holiday,Weekend
2377,2032-07-04,2377,79,Sunday,July,2032,2032-Jul,4,186,28,2032-W28,2032-06-27,27,2032-W27,2032-06-28,Non-Holiday,Weekend
2378,2032-07-05,2378,79,Monday,July,2032,2032-Jul,5,187,28,2032-W28,2032-07-04,28,2032-W28,2032-07-05,Non-Holiday,Weekday
2379,2032-07-06,2379,79,Tuesday,July,2032,2032-Jul,6,188,28,2032-W28,2032-07-04,28,2032-W28,2032-07-05,Non-Holiday,Weekday
2380,2032-07-07,2380,79,Wednesday,July,2032,2032-Jul,7,189,28,2032-W28,2032-07-04,28,2032-W28,2032-07-05,Non-Holiday,Weekday
2381,2032-07-08,2381,79,Thursday,July,2032,2032-Jul,8,190,28,2032-W28,2032-07-04,28,2032-W28,2032-07-05,Non-Holiday,Weekday
2382,2032-07-09,2382,79,Friday,July,2032,2032-Jul,9,191,28,2032-W28,2032-07-04,28,2032-W28,2032-07-05,Non-Holiday,Weekday
2383,2032-07-10,2383,79,Saturday,July,2032,2032-Jul,10,192,28,2032-W28,2032-07-04,28,2032-W28,2032-07-05,Non-Holiday,Weekend
2384,2032-07-11,2384,79,Sunday,July,2032,2032-Jul,11,193,29,2032-W29,2032-07-04,28,2032-W28,2032-07-05,Non-Holiday,Weekend
2385,2032-07-12,2385,79,Monday,July,2032,2032-Jul,12,194,29,2032-W29,2032-07-11,29,2032-W29,2032-07-12,Non-Holiday,Weekday
2386,2032-07-13,2386,79,Tuesday,July,2032,2032-Jul,13,195,29,2032-W29,2032-07-11,29,2032-W29,2032-07-12,Non-Holiday,Weekday
2387,2032-07-14,2387,79,Wednesday,July,2032,2032-Jul,14,196,29,2032-W29,2032-07-11,29,2032-W29,2032-07-12,Non-Holiday,Weekday
2388,2032-07-15,2388,79,Thursday,July,2032,2032-Jul,15,197,29,2032-W29,2032-07-11,29,2032-W29,2032-07-12,Non-Holiday,Weekday
2389,2032-07-16,2389,79,Friday,July,2032,2032-Jul,16,198,29,2032-W29,2032-07-11,29,2032-W29,2032-07-12,Non-Holiday,Weekday
2390,2032-07-17,2390,79,Saturday,July,2032,2032-Jul,17,199,29,2032-W29,2032-07-11,29,2032-W29,2032-07-12,Non-Holiday,Weekend
2391,2032-07-18,2391,79,Sunday,July,2032,2032-Jul,18,200,30,2032-W30,2032-07-11,29,2032-W29,2032-07-12,Non-Holiday,Weekend
2392,2032-07-19,2392,79,Monday,July,2032,2032-Jul,19,201,30,2032-W30,2032-07-18,30,2032-W30,2032-07-19,Non-Holiday,Weekday
2393,2032-07-20,2393,79,Tuesday,July,2032,2032-Jul,20,202,30,2032-W30,2032-07-18,30,2032-W30,2032-07-19,Non-Holiday,Weekday
2394,2032-07-21,2394,79,Wednesday,July,2032,2032-Jul,21,203,30,2032-W30,2032-07-18,30,2032-W30,2032-07-19,Non-Holiday,Weekday
2395,2032-07-22,2395,79,Thursday,July,2032,2032-Jul,22,204,30,2032-W30,2032-07-18,30,2032-W30,2032-07-19,Non-Holiday,Weekday
2396,2032-07-23,2396,79,Friday,July,2032,2032-Jul,23,205,30,2032-W30,2032-07-18,30,2032-W30,2032-07-19,Non-Holiday,Weekday
2397,2032-07-24,2397,79,Saturday,July,2032,2032-Jul,24,206,30,2032-W30,2032-07-18,30,2032-W30,2032-07-19,Non-Holiday,Weekend
2398,2032-07-25,2398,79,Sunday,July,2032,2032-Jul,25,207,31,2032-W31,2032-07-18,30,2032-W30,2032-07-19,Non-Holiday,Weekend
2399,2032-07-26,2399,79,Monday,July,2032,2032-Jul,26,208,31,2032-W31,2032-07-25,31,2032-W31,2032-07-26,Non-Holiday,Weekday
2400,2032-07-27,2400,79,Tuesday,July,2032,2032-Jul,27,209,31,2032-W31,2032-07-25,31,2032-W31,2032-07-26,Non-Holiday,Weekday
2401,2032-07-28,2401,79,Wednesday,July,2032,2032-Jul,28,210,31,2032-W31,2032-07-25,31,2032-W31,2032-07-26,Non-Holiday,Weekday
2402,2032-07-29,2402,79,Thursday,July,2032,2032-Jul,29,211,31,2032-W31,2032-07-25,31,2032-W31,2032-07-26,Non-Holiday,Weekday
2403,2032-07-30,2403,79,Friday,July,2032,2032-Jul,30,212,31,2032-W31,2032-07-25,31,2032-W31,2032-07-26,Non-Holiday,Weekday
2404,2032-07-31,2404,79,Saturday,July,2032,2032-Jul,31,213,31,2032-W31,2032-07-25,31,2032-W31,2032-07-26,Non-Holiday,Weekend
2405,2032-08-01,2405,80,Sunday,August,2032,2032-Aug,1,214,32,2032-W32,2032-07-25,31,2032-W31,2032-07-26,Non-Holiday,Weekend
2406,2032-08-02,2406,80,Monday,August,2032,2032-Aug,2,215,32,2032-W32,2032-08-01,32,2032-W32,2032-08-02,Non-Holiday,Weekday
2407,2032-08-03,2407,80,Tuesday,August,2032,2032-Aug,3,216,32,2032-W32,2032-08-01,32,2032-W32,2032-08-02,Non-Holiday,Weekday
2408,2032-08-04,2408,80,Wednesday,August,2032,2032-Aug,4,217,32,2032-W32,2032-08-01,32,2032-W32,2032-08-02,Non-Holiday,Weekday
2409,2032-08-05,2409,80,Thursday,August,2032,2032-Aug,5,218,32,2032-W32,2032-08-01,32,2032-W32,2032-08-02,Non-Holiday,Weekday
2410,2032-08-06,2410,80,Friday,August,2032,2032-Aug,6,219,32,2032-W32,2032-08-01,32,2032-W32,2032-08-02,Non-Holiday,Weekday
2411,2032-08-07,2411,80,Saturday,August,2032,2032-Aug,7,220,32,2032-W32,2032-08-01,32,2032-W32,2032-08-02,Non-Holiday,Weekend
2412,2032-08-08,2412,80,Sunday,August,2032,2032-Aug,8,221,33,2032-W33,2032-08-01,32,2032-W32,2032-08-02,Non-Holiday,Weekend
2413,2032-08-09,2413,80,Monday,August,2032,2032-Aug,9,222,33,2032-W33,2032-08-08,33,2032-W33,2032-08-09,Non-Holiday,Weekday
2414,2032-08-10,2414,80,Tuesday,August,2032,2032-Aug,10,223,33,2032-W33,2032-08-08,33,2032-W33,2032-08-09,Non-Holiday,Weekday
2415,2032-08-11,2415,80,Wednesday,August,2032,2032-Aug,11,224,33,2032-W33,2032-08-08,33,2032-W33,2032-08-09,Non-Holiday,Weekday
2416,2032-08-12,2416,80,Thursday,August,2032,2032-Aug,12,225,33,2032-W33,2032-08-08,33,2032-W33,2032-08-09,Non-Holiday,Weekday
2417,2032-08-13,2417,80,Friday,August,2032,2032-Aug,13,226,33,2032-W33,2032-08-08,33,2032-W33,2032-08-09,Non-Holiday,Weekday
2418,2032-08-14,2418,80,Saturday,August,2032,2032-Aug,14,227,33,2032-W33,2032-08-08,33,2032-W33,2032-08-09,Non-Holiday,Weekend
2419,2032-08-15,2419,80,Sunday,August,2032,2032-Aug,15,228,34,2032-W34,2032-08-08,33,2032-W33,2032-08-09,Non-Holiday,Weekend
2420,2032-08-16,2420,80,Monday,August,2032,2032-Aug,16,229,34,2032-W34,2032-08-15,34,2032-W34,2032-08-16,Non-Holiday,Weekday
2421,2032-08-17,2421,80,Tuesday,August,2032,2032-Aug,17,230,34,2032-W34,2032-08-15,34,2032-W34,2032-08-16,Non-Holiday,Weekday
2422,2032-08-18,2422,80,Wednesday,August,2032,2032-Aug,18,231,34,2032-W34,2032-08-15,34,2032-W34,2032-08-16,Non-Holiday,Weekday
2423,2032-08-19,2423,80,Thursday,August,2032,2032-Aug,19,232,34,2032-W34,2032-08-15,34,2032-W34,2032-08-16,Non-Holiday,Weekday
2424,2032-08-20,2424,80,Friday,August,2032,2032-Aug,20,233,34,2032-W34,2032-08-15,34,2032-W34,2032-08-16,Non-Holiday,Weekday
2425,2032-08-21,2425,80,Saturday,August,2032,2032-Aug,21,234,34,2032-W34,2032-08-15,34,2032-W34,2032-08-16,Non-Holiday,Weekend
2426,2032-08-22,2426,80,Sunday,August,2032,2032-Aug,22,235,35,2032-W35,2032-08-15,34,2032-W34,2032-08-16,Non-Holiday,Weekend
2427,2032-08-23,2427,80,Monday,August,2032,2032-Aug,23,236,35,2032-W35,2032-08-22,35,2032-W35,2032-08-23,Non-Holiday,Weekday
2428,2032-08-24,2428,80,Tuesday,August,2032,2032-Aug,24,237,35,2032-W35,2032-08-22,35,2032-W35,2032-08-23,Non-Holiday,Weekday
2429,2032-08-25,2429,80,Wednesday,August,2032,2032-Aug,25,238,35,2032-W35,2032-08-22,35,2032-W35,2032-08-23,Non-Holiday,Weekday
2430,2032-08-26,2430,80,Thursday,August,2032,2032-Aug,26,239,35,2032-W35,2032-08-22,35,2032-W35,2032-08-23,Non-Holiday,Weekday
2431,2032-08-27,2431,80,Friday,August,2032,2032-Aug,27,240,35,2032-W35,2032-08-22,35,2032-W35,2032-08-23,Non-Holiday,Weekday
2432,2032-08-28,2432,80,Saturday,August,2032,2032-Aug,28,241,35,2032-W35,2032-08-22,35,2032-W35,2032-08-23,Non-Holiday,Weekend
2433,2032-08-29,2433,80,Sunday,August,2032,2032-Aug,29,242,36,2032-W36,2032-08-22,35,2032-W35,2032-08-23,Non-Holiday,Weekend
2434,2032-08-30,2434,80,Monday,August,2032,2032-Aug,30,243,36,2032-W36,2032-08-29,36,2032-W36,2032-08-30,Non-Holiday,Weekday
2435,2032-08-31,2435,80,Tuesday,August,2032,2032-Aug,31,244,36,2032-W36,2032-08-29,36,2032-W36,2032-08-30,Non-Holiday,Weekday
2436,2032-09-01,2436,81,Wednesday,September,2032,2032-Sep,1,245,36,2032-W36,2032-08-29,36,2032-W36,2032-08-30,Non-Holiday,Weekday
2437,2032-09-02,2437,81,Thursday,September,2032,2032-Sep,2,246,36,2032-W36,2032-08-29,36,2032-W36,2032-08-30,Non-Holiday,Weekday
2438,2032-09-03,2438,81,Friday,September,2032,2032-Sep,3,247,36,2032-W36,2032-08-29,36,2032-W36,2032-08-30,Non-Holiday,Weekday
2439,2032-09-04,2439,81,Saturday,September,2032,2032-Sep,4,248,36,2032-W36,2032-08-29,36,2032-W36,2032-08-30,Non-Holiday,Weekend
2440,2032-09-05,2440,81,Sunday,September,2032,2032-Sep,5,249,37,2032-W37,2032-08-29,36,2032-W36,2032-08-30,Non-Holiday,Weekend
2441,2032-09-06,2441,81,Monday,September,2032,2032-Sep,6,250,37,2032-W37,2032-09-05,37,2032-W37,2032-09-06,Non-Holiday,Weekday
2442,2032-09-07,2442,81,Tuesday,September,2032,2032-Sep,7,251,37,2032-W37,2032-09-05,37,2032-W37,2032-09-06,Non-Holiday,Weekday
2443,2032-09-08,2443,81,Wednesday,September,2032,2032-Sep,8,252,37,2032-W37,2032-09-05,37,2032-W37,2032-09-06,Non-Holiday,Weekday
2444,2032-09-09,2444,81,Thursday,September,2032,2032-Sep,9,253,37,2032-W37,2032-09-05,37,2032-W37,2032-09-06,Non-Holiday,Weekday
2445,2032-09-10,2445,81,Friday,September,2032,2032-Sep,10,254,37,2032-W37,2032-09-05,37,2032-W37,2032-09-06,Non-Holiday,Weekday
2446,2032-09-11,2446,81,Saturday,September,2032,2032-Sep,11,255,37,2032-W37,2032-09-05,37,2032-W37,2032-09-06,Non-Holiday,Weekend
2447,2032-09-12,2447,81,Sunday,September,2032,2032-Sep,12,256,38,2032-W38,2032-09-05,37,2032-W37,2032-09-06,Non-Holiday,Weekend
2448,2032-09-13,2448,81,Monday,September,2032,2032-Sep,13,257,38,2032-W38,2032-09-12,38,2032-W38,2032-09-13,Non-Holiday,Weekday
2449,2032-09-14,2449,81,Tuesday,September,2032,2032-Sep,14,258,38,2032-W38,2032-09-12,38,2032-W38,2032-09-13,Non-Holiday,Weekday
2450,2032-09-15,2450,81,Wednesday,September,2032,2032-Sep,15,259,38,2032-W38,2032-09-12,38,2032-W38,2032-09-13,Non-Holiday,Weekday
2451,2032-09-16,2451,81,Thursday,September,2032,2032-Sep,16,260,38,2032-W38,2032-09-12,38,2032-W38,2032-09-13,Non-Holiday,Weekday
2452,2032-09-17,2452,81,Friday,September,2032,2032-Sep,17,261,38,2032-W38,2032-09-12,38,2032-W38,2032-09-13,Non-Holiday,Weekday
2453,2032-09-18,2453,81,Saturday,September,2032,2032-Sep,18,262,38,2032-W38,2032-09-12,38,2032-W38,2032-09-13,Non-Holiday,Weekend
2454,2032-09-19,2454,81,Sunday,September,2032,2032-Sep,19,263,39,2032-W39,2032-09-12,38,2032-W38,2032-09-13,Non-Holiday,Weekend
2455,2032-09-20,2455,81,Monday,September,2032,2032-Sep,20,264,39,2032-W39,2032-09-19,39,2032-W39,2032-09-20,Non-Holiday,Weekday
2456,2032-09-21,2456,81,Tuesday,September,2032,2032-Sep,21,265,39,2032-W39,2032-09-19,39,2032-W39,2032-09-20,Non-Holiday,Weekday
2457,2032-09-22,2457,81,Wednesday,September,2032,2032-Sep,22,266,39,2032-W39,2032-09-19,39,2032-W39,2032-09-20,Non-Holiday,Weekday
2458,2032-09-23,2458,81,Thursday,September,2032,2032-Sep,23,267,39,2032-W39,2032-09-19,39,2032-W39,2032-09-20,Non-Holiday,Weekday
2459,2032-09-24,2459,81,Friday,September,2032,2032-Sep,24,268,39,2032-W39,2032-09-19,39,2032-W39,2032-09-20,Non-Holiday,Weekday
2460,2032-09-25,2460,81,Saturday,September,2032,2032-Sep,25,269,39,2032-W39,2032-09-19,39,2032-W39,2032-09-20,Non-Holiday,Weekend
2461,2032-09-26,2461,81,Sunday,September,2032,2032-Sep,26,270,40,2032-W40,2032-09-19,39,2032-W39,2032-09-20,Non-Holiday,Weekend
2462,2032-09-27,2462,81,Monday,September,2032,2032-Sep,27,271,40,2032-W40,2032-09-26,40,2032-W40,2032-09-27,Non-Holiday,Weekday
2463,2032-09-28,2463,81,Tuesday,September,2032,2032-Sep,28,272,40,2032-W40,2032-09-26,40,2032-W40,2032-09-27,Non-Holiday,Weekday
2464,2032-09-29,2464,81,Wednesday,September,2032,2032-Sep,29,273,40,2032-W40,2032-09-26,40,2032-W40,2032-09-27,Non-Holiday,Weekday
2465,2032-09-30,2465,81,Thursday,September,2032,2032-Sep,30,274,40,2032-W40,2032-09-26,40,2032-W40,2032-09-27,Non-Holiday,Weekday
2466,2032-10-01,2466,82,Friday,October,2032,2032-Oct,1,275,40,2032-W40,2032-09-26,40,2032-W40,2032-09-27,Non-Holiday,Weekday
2467,2032-10-02,2467,82,Saturday,October,2032,2032-Oct,2,276,40,2032-W40,2032-09-26,40,2032-W40,2032-09-27,Non-Holiday,Weekend
2468,2032-10-03,2468,82,Sunday,October,2032,2032-Oct,3,277,41,2032-W41,2032-09-26,40,2032-W40,2032-09-27,Non-Holiday,Weekend
2469,2032-10-04,2469,82,Monday,October,2032,2032-Oct,4,278,41,2032-W41,2032-10-03,41,2032-W41,2032-10-04,Non-Holiday,Weekday
2470,2032-10-05,2470,82,Tuesday,October,2032,2032-Oct,5,279,41,2032-W41,2032-10-03,41,2032-W41,2032-10-04,Non-Holiday,Weekday
2471,2032-10-06,2471,82,Wednesday,October,2032,2032-Oct,6,280,41,2032-W41,2032-10-03,41,2032-W41,2032-10-04,Non-Holiday,Weekday
2472,2032-10-07,2472,82,Thursday,October,2032,2032-Oct,7,281,41,2032-W41,2032-10-03,41,2032-W41,2032-10-04,Non-Holiday,Weekday
2473,2032-10-08,2473,82,Friday,October,2032,2032-Oct,8,282,41,2032-W41,2032-10-03,41,2032-W41,2032-10-04,Non-Holiday,Weekday
2474,2032-10-09,2474,82,Saturday,October,2032,2032-Oct,9,283,41,2032-W41,2032-10-03,41,2032-W41,2032-10-04,Non-Holiday,Weekend
2475,2032-10-10,2475,82,Sunday,October,2032,2032-Oct,10,284,42,2032-W42,2032-10-03,41,2032-W41,2032-10-04,Non-Holiday,Weekend
2476,2032-10-11,2476,82,Monday,October,2032,2032-Oct,11,285,42,2032-W42,2032-10-10,42,2032-W42,2032-10-11,Non-Holiday,Weekday
2477,2032-10-12,2477,82,Tuesday,October,2032,2032-Oct,12,286,42,2032-W42,2032-10-10,42,2032-W42,2032-10-11,Non-Holiday,Weekday
2478,2032-10-13,2478,82,Wednesday,October,2032,2032-Oct,13,287,42,2032-W42,2032-10-10,42,2032-W42,2032-10-11,Non-Holiday,Weekday
2479,2032-10-14,2479,82,Thursday,October,2032,2032-Oct,14,288,42,2032-W42,2032-10-10,42,2032-W42,2032-10-11,Non-Holiday,Weekday
2480,2032-10-15,2480,82,Friday,October,2032,2032-Oct,15,289,42,2032-W42,2032-10-10,42,2032-W42,2032-10-11,Non-Holiday,Weekday
2481,2032-10-16,2481,82,Saturday,October,2032,2032-Oct,16,290,42,2032-W42,2032-10-10,42,2032-W42,2032-10-11,Non-Holiday,Weekend
2482,2032-10-17,2482,82,Sunday,October,2032,2032-Oct,17,291,43,2032-W43,2032-10-10,42,2032-W42,2032-10-11,Non-Holiday,Weekend
2483,2032-10-18,2483,82,Monday,October,2032,2032-Oct,18,292,43,2032-W43,2032-10-17,43,2032-W43,2032-10-18,Non-Holiday,Weekday
2484,2032-10-19,2484,82,Tuesday,October,2032,2032-Oct,19,293,43,2032-W43,2032-10-17,43,2032-W43,2032-10-18,Non-Holiday,Weekday
2485,2032-10-20,2485,82,Wednesday,October,2032,2032-Oct,20,294,43,2032-W43,2032-10-17,43,2032-W43,2032-10-18,Non-Holiday,Weekday
2486,2032-10-21,2486,82,Thursday,October,2032,2032-Oct,21,295,43,2032-W43,2032-10-17,43,2032-W43,2032-10-18,Non-Holiday,Weekday
2487,2032-10-22,2487,82,Friday,October,2032,2032-Oct,22,296,43,2032-W43,2032-10-17,43,2032-W43,2032-10-18,Non-Holiday,Weekday
2488,2032-10-23,2488,82,Saturday,October,2032,2032-Oct,23,297,43,2032-W43,2032-10-17,43,2032-W43,2032-10-18,Non-Holiday,Weekend
2489,2032-10-24,2489,82,Sunday,October,2032,2032-Oct,24,298,44,2032-W44,2032-10-17,43,2032-W43,2032-10-18,Non-Holiday,Weekend
2490,2032-10-25,2490,82,Monday,October,2032,2032-Oct,25,299,44,2032-W44,2032-10-24,44,2032-W44,2032-10-25,Non-Holiday,Weekday
2491,2032-10-26,2491,82,Tuesday,October,2032,2032-Oct,26,300,44,2032-W44,2032-10-24,44,2032-W44,2032-10-25,Non-Holiday,Weekday
2492,2032-10-27,2492,82,Wednesday,October,2032,2032-Oct,27,301,44,2032-W44,2032-10-24,44,2032-W44,2032-10-25,Non-Holiday,Weekday
2493,2032-10-28,2493,82,Thursday,October,2032,2032-Oct,28,302,44,2032-W44,2032-10-24,44,2032-W44,2032-10-25,Non-Holiday,Weekday
2494,2032-10-29,2494,82,Friday,October,2032,2032-Oct,29,303,44,2032-W44,2032-10-24,44,2032-W44,2032-10-25,Non-Holiday,Weekday
2495,2032-10-30,2495,82,Saturday,October,2032,2032-Oct,30,304,44,2032-W44,2032-10-24,44,2032-W44,2032-10-25,Non-Holiday,Weekend
2496,2032-10-31,2496,82,Sunday,October,2032,2032-Oct,31,305,45,2032-W45,2032-10-24,44,2032-W44,2032-10-25,Non-Holiday,Weekend
2497,2032-11-01,2497,83,Monday,November,2032,2032-Nov,1,306,45,2032-W45,2032-10-31,45,2032-W45,2032-11-01,Non-Holiday,Weekday
2498,2032-11-02,2498,83,Tuesday,November,2032,2032-Nov,2,307,45,2032-W45,2032-10-31,45,2032-W45,2032-11-01,Non-Holiday,Weekday
2499,2032-11-03,2499,83,Wednesday,November,2032,2032-Nov,3,308,45,2032-W45,2032-10-31,45,2032-W45,2032-11-01,Non-Holiday,Weekday
2500,2032-11-04,2500,83,Thursday,November,2032,2032-Nov,4,309,45,2032-W45,2032-10-31,45,2032-W45,2032-11-01,Non-Holiday,Weekday
2501,2032-11-05,2501,83,Friday,November,2032,2032-Nov,5,310,45,2032-W45,2032-10-31,45,2032-W45,2032-11-01,Non-Holiday,Weekday
2502,2032-11-06,2502,83,Saturday,November,2032,2032-Nov,6,311,45,2032-W45,2032-10-31,45,2032-W45,2032-11-01,Non-Holiday,Weekend
2503,2032-11-07,2503,83,Sunday,November,2032,2032-Nov,7,312,46,2032-W46,2032-10-31,45,2032-W45,2032-11-01,Non-Holiday,Weekend
2504,2032-11-08,2504,83,Monday,November,2032,2032-Nov,8,313,46,2032-W46,2032-11-07,46,2032-W46,2032-11-08,Non-Holiday,Weekday
2505,2032-11-09,2505,83,Tuesday,November,2032,2032-Nov,9,314,46,2032-W46,2032-11-07,46,2032-W46,2032-11-08,Non-Holiday,Weekday
2506,2032-11-10,2506,83,Wednesday,November,2032,2032-Nov,10,315,46,2032-W46,2032-11-07,46,2032-W46,2032-11-08,Non-Holiday,Weekday
2507,2032-11-11,2507,83,Thursday,November,2032,2032-Nov,11,316,46,2032-W46,2032-11-07,46,2032-W46,2032-11-08,Non-Holiday,Weekday
2508,2032-11-12,2508,83,Friday,November,2032,2032-Nov,12,317,46,2032-W46,2032-11-07,46,2032-W46,2032-11-08,Non-Holiday,Weekday
2509,2032-11-13,2509,83,Saturday,November,2032,2032-Nov,13,318,46,2032-W46,2032-11-07,46,2032-W46,2032-11-08,Non-Holiday,Weekend
2510,2032-11-14,2510,83,Sunday,November,2032,2032-Nov,14,319,47,2032-W47,2032-11-07,46,2032-W46,2032-11-08,Non-Holiday,Weekend
2511,2032-11-15,2511,83,Monday,November,2032,2032-Nov,15,320,47,2032-W47,2032-11-14,47,2032-W47,2032-11-15,Non-Holiday,Weekday
2512,2032-11-16,2512,83,Tuesday,November,2032,2032-Nov,16,321,47,2032-W47,2032-11-14,47,2032-W47,2032-11-15,Non-Holiday,Weekday
2513,2032-11-17,2513,83,Wednesday,November,2032,2032-Nov,17,322,47,2032-W47,2032-11-14,47,2032-W47,2032-11-15,Non-Holiday,Weekday
2514,2032-11-18,2514,83,Thursday,November,2032,2032-Nov,18,323,47,2032-W47,2032-11-14,47,2032-W47,2032-11-15,Non-Holiday,Weekday
2515,2032-11-19,2515,83,Friday,November,2032,2032-Nov,19,324,47,2032-W47,2032-11-14,47,2032-W47,2032-11-15,Non-Holiday,Weekday
2516,2032-11-20,2516,83,Saturday,November,2032,2032-Nov,20,325,47,2032-W47,2032-11-14,47,2032-W47,2032-11-15,Non-Holiday,Weekend
2517,2032-11-21,2517,83,Sunday,November,2032,2032-Nov,21,326,48,2032-W48,2032-11-14,47,2032-W47,2032-11-15,Non-Holiday,Weekend
2518,2032-11-22,2518,83,Monday,November,2032,2032-Nov,22,327,48,2032-W48,2032-11-21,48,2032-W48,2032-11-22,Non-Holiday,Weekday
2519,2032-11-23,2519,83,Tuesday,November,2032,2032-Nov,23,328,48,2032-W48,2032-11-21,48,2032-W48,2032-11-22,Non-Holiday,Weekday
2520,2032-11-24,2520,83,Wednesday,November,2032,2032-Nov,24,329,48,2032-W48,2032-11-21,48,2032-W48,2032-11-22,Non-Holiday,Weekday
2521,2032-11-25,2521,83,Thursday,November,2032,2032-Nov,25,330,48,2032-W48,2032-11-21,48,2032-W48,2032-11-22,Non-Holiday,Weekday
2522,2032-11-26,2522,83,Friday,November,2032,2032-Nov,26,331,48,2032-W48,2032-11-21,48,2032-W48,2032-11-22,Non-Holiday,Weekday
2523,2032-11-27,2523,83,Saturday,November,2032,2032-Nov,27,332,48,2032-W48,2032-11-21,48,2032-W48,2032-11-22,Non-Holiday,Weekend
2524,2032-11-28,2524,83,Sunday,November,2032,2032-Nov,28,333,49,2032-W49,2032-11-21,48,2032-W48,2032-11-22,Non-Holiday,Weekend
2525,2032-11-29,2525,83,Monday,November,2032,2032-Nov,29,334,49,2032-W49,2032-11-28,49,2032-W49,2032-11-29,Non-Holiday,Weekday
2526,2032-11-30,2526,83,Tuesday,November,2032,2032-Nov,30,335,49,2032-W49,2032-11-28,49,2032-W49,2032-11-29,Non-Holiday,Weekday
2527,2032-12-01,2527,84,Wednesday,December,2032,2032-Dec,1,336,49,2032-W49,2032-11-28,49,2032-W49,2032-11-29,Non-Holiday,Weekday
2528,2032-12-02,2528,84,Thursday,December,2032,2032-Dec,2,337,49,2032-W49,2032-11-28,49,2032-W49,2032-11-29,Non-Holiday,Weekday
2529,2032-12-03,2529,84,Friday,December,2032,2032-Dec,3,338,49,2032-W49,2032-11-28,49,2032-W49,2032-11-29,Non-Holiday,Weekday
2530,2032-12-04,2530,84,Saturday,December,2032,2032-Dec,4,339,49,2032-W49,2032-11-28,49,2032-W49,2032-11-29,Non-Holiday,Weekend
2531,2032-12-05,2531,84,Sunday,December,2032,2032-Dec,5,340,50,2032-W50,2032-11-28,49,2032-W49,2032-11-29,Non-Holiday,Weekend
2532,2032-12-06,2532,84,Monday,December,2032,2032-Dec,6,341,50,2032-W50,2032-12-05,50,2032-W50,2032-12-06,Non-Holiday,Weekday
2533,2032-12-07,2533,84,Tuesday,December,2032,2032-Dec,7,342,50,2032-W50,2032-12-05,50,2032-W50,2032-12-06,Non-Holiday,Weekday
2534,2032-12-08,2534,84,Wednesday,December,2032,2032-Dec,8,343,50,2032-W50,2032-12-05,50,2032-W50,2032-12-06,Non-Holiday,Weekday
2535,2032-12-09,2535,84,Thursday,December,2032,2032-Dec,9,344,50,2032-W50,2032-12-05,50,2032-W50,2032-12-06,Non-Holiday,Weekday
2536,2032-12-10,2536,84,Friday,December,2032,2032-Dec,10,345,50,2032-W50,2032-12-05,50,2032-W50,2032-12-06,Non-Holiday,Weekday
2537,2032-12-11,2537,84,Saturday,December,2032,2032-Dec,11,346,50,2032-W50,2032-12-05,50,2032-W50,2032-12-06,Non-Holiday,Weekend
2538,2032-12-12,2538,84,Sunday,December,2032,2032-Dec,12,347,51,2032-W51,2032-12-05,50,2032-W50,2032-12-06,Non-Holiday,Weekend
2539,2032-12-13,2539,84,Monday,December,2032,2032-Dec,13,348,51,2032-W51,2032-12-12,51,2032-W51,2032-12-13,Non-Holiday,Weekday
2540,2032-12-14,2540,84,Tuesday,December,2032,2032-Dec,14,349,51,2032-W51,2032-12-12,51,2032-W51,2032-12-13,Non-Holiday,Weekday
2541,2032-12-15,2541,84,Wednesday,December,2032,2032-Dec,15,350,51,2032-W51,2032-12-12,51,2032-W51,2032-12-13,Non-Holiday,Weekday
2542,2032-12-16,2542,84,Thursday,December,2032,2032-Dec,16,351,51,2032-W51,2032-12-12,51,2032-W51,2032-12-13,Non-Holiday,Weekday
2543,2032-12-17,2543,84,Friday,December,2032,2032-Dec,17,352,51,2032-W51,2032-12-12,51,2032-W51,2032-12-13,Non-Holiday,Weekday
2544,2032-12-18,2544,84,Saturday,December,2032,2032-Dec,18,353,51,2032-W51,2032-12-12,51,2032-W51,2032-12-13,Non-Holiday,Weekend
2545,2032-12-19,2545,84,Sunday,December,2032,2032-Dec,19,354,52,2032-W52,2032-12-12,51,2032-W51,2032-12-13,Non-Holiday,Weekend
2546,2032-12-20,2546,84,Monday,December,2032,2032-Dec,20,355,52,2032-W52,2032-12-19,52,2032-W52,2032-12-20,Non-Holiday,Weekday
2547,2032-12-21,2547,84,Tuesday,December,2032,2032-Dec,21,356,52,2032-W52,2032-12-19,52,2032-W52,2032-12-20,Non-Holiday,Weekday
2548,2032-12-22,2548,84,Wednesday,December,2032,2032-Dec,22,357,52,2032-W52,2032-12-19,52,2032-W52,2032-12-20,Non-Holiday,Weekday
2549,2032-12-23,2549,84,Thursday,December,2032,2032-Dec,23,358,52,2032-W52,2032-12-19,52,2032-W52,2032-12-20,Non-Holiday,Weekday
2550,2032-12-24,2550,84,Friday,December,2032,2032-Dec,24,359,52,2032-W52,2032-12-19,52,2032-W52,2032-12-20,Non-Holiday,Weekday
2551,2032-12-25,2551,84,Saturday,December,2032,2032-Dec,25,360,52,2032-W52,2032-12-19,52,2032-W52,2032-12-20,Non-Holiday,Weekend
2552,2032-12-26,2552,84,Sunday,December,2032,2032-Dec,26,361,53,2032-W53,2032-12-19,52,2032-W52,2032-12-20,Non-Holiday,Weekend
2553,2032-12-27,2553,84,Monday,December,2032,2032-Dec,27,362,53,2032-W53,2032-12-26,53,2032-W53,2032-12-27,Non-Holiday,Weekday
2554,2032-12-28,2554,84,Tuesday,December,2032,2032-Dec,28,363,53,2032-W53,2032-12-26,53,2032-W53,2032-12-27,Non-Holiday,Weekday
2555,2032-12-29,2555,84,Wednesday,December,2032,2032-Dec,29,364,53,2032-W53,2032-12-26,53,2032-W53,2032-12-27,Non-Holiday,Weekday
2556,2032-12-30,2556,84,Thursday,December,2032,2032-Dec,30,365,53,2032-W53,2032-12-26,53,2032-W53,2032-12-27,Non-Holiday,Weekday
2557,2032-12-31,2557,84,Friday,December,2032,2032-Dec,31,366,53,2032-W53,2032-12-26,53,2032-W53,2032-12-27,Non-Holiday,Weekday
2558,2033-01-01,2558,85,Saturday,January,2033,2033-Jan,1,1,1,2033-W01,2032-12-26,1,2033-W01,2032-12-27,Non-Holiday,Weekend
2559,2033-01-02,2559,85,Sunday,January,2033,2033-Jan,2,2,2,2033-W02,2032-12-26,1,2033-W01,2032-12-27,Non-Holiday,Weekend
2560,2033-01-03,2560,85,Monday,January,2033,2033-Jan,3,3,2,2033-W02,2033-01-02,2,2033-W02,2033-01-03,Non-Holiday,Weekday
2561,2033-01-04,2561,85,Tuesday,January,2033,2033-Jan,4,4,2,2033-W02,2033-01-02,2,2033-W02,2033-01-03,Non-Holiday,Weekday
2562,2033-01-05,2562,85,Wednesday,January,2033,2033-Jan,5,5,2,2033-W02,2033-01-02,2,2033-W02,2033-01-03,Non-Holiday,Weekday
2563,2033-01-06,2563,85,Thursday,January,2033,2033-Jan,6,6,2,2033-W02,2033-01-02,2,2033-W02,2033-01-03,Non-Holiday,Weekday
2564,2033-01-07,2564,85,Friday,January,2033,2033-Jan,7,7,2,2033-W02,2033-01-02,2,2033-W02,2033-01-03,Non-Holiday,Weekday
2565,2033-01-08,2565,85,Saturday,January,2033,2033-Jan,8,8,2,2033-W02,2033-01-02,2,2033-W02,2033-01-03,Non-Holiday,Weekend
2566,2033-01-09,2566,85,Sunday,January,2033,2033-Jan,9,9,3,2033-W03,2033-01-02,2,2033-W02,2033-01-03,Non-Holiday,Weekend
2567,2033-01-10,2567,85,Monday,January,2033,2033-Jan,10,10,3,2033-W03,2033-01-09,3,2033-W03,2033-01-10,Non-Holiday,Weekday
2568,2033-01-11,2568,85,Tuesday,January,2033,2033-Jan,11,11,3,2033-W03,2033-01-09,3,2033-W03,2033-01-10,Non-Holiday,Weekday
2569,2033-01-12,2569,85,Wednesday,January,2033,2033-Jan,12,12,3,2033-W03,2033-01-09,3,2033-W03,2033-01-10,Non-Holiday,Weekday
2570,2033-01-13,2570,85,Thursday,January,2033,2033-Jan,13,13,3,2033-W03,2033-01-09,3,2033-W03,2033-01-10,Non-Holiday,Weekday
2571,2033-01-14,2571,85,Friday,January,2033,2033-Jan,14,14,3,2033-W03,2033-01-09,3,2033-W03,2033-01-10,Non-Holiday,Weekday
2572,2033-01-15,2572,85,Saturday,January,2033,2033-Jan,15,15,3,2033-W03,2033-01-09,3,2033-W03,2033-01-10,Non-Holiday,Weekend
2573,2033-01-16,2573,85,Sunday,January,2033,2033-Jan,16,16,4,2033-W04,2033-01-09,3,2033-W03,2033-01-10,Non-Holiday,Weekend
2574,2033-01-17,2574,85,Monday,January,2033,2033-Jan,17,17,4,2033-W04,2033-01-16,4,2033-W04,2033-01-17,Non-Holiday,Weekday
2575,2033-01-18,2575,85,Tuesday,January,2033,2033-Jan,18,18,4,2033-W04,2033-01-16,4,2033-W04,2033-01-17,Non-Holiday,Weekday
2576,2033-01-19,2576,85,Wednesday,January,2033,2033-Jan,19,19,4,2033-W04,2033-01-16,4,2033-W04,2033-01-17,Non-Holiday,Weekday
2577,2033-01-20,2577,85,Thursday,January,2033,2033-Jan,20,20,4,2033-W04,2033-01-16,4,2033-W04,2033-01-17,Non-Holiday,Weekday
2578,2033-01-21,2578,85,Friday,January,2033,2033-Jan,21,21,4,2033-W04,2033-01-16,4,2033-W04,2033-01-17,Non-Holiday,Weekday
2579,2033-01-22,2579,85,Saturday,January,2033,2033-Jan,22,22,4,2033-W04,2033-01-16,4,2033-W04,2033-01-17,Non-Holiday,Weekend
2580,2033-01-23,2580,85,Sunday,January,2033,2033-Jan,23,23,5,2033-W05,2033-01-16,4,2033-W04,2033-01-17,Non-Holiday,Weekend
2581,2033-01-24,2581,85,Monday,January,2033,2033-Jan,24,24,5,2033-W05,2033-01-23,5,2033-W05,2033-01-24,Non-Holiday,Weekday
2582,2033-01-25,2582,85,Tuesday,January,2033,2033-Jan,25,25,5,2033-W05,2033-01-23,5,2033-W05,2033-01-24,Non-Holiday,Weekday
2583,2033-01-26,2583,85,Wednesday,January,2033,2033-Jan,26,26,5,2033-W05,2033-01-23,5,2033-W05,2033-01-24,Non-Holiday,Weekday
2584,2033-01-27,2584,85,Thursday,January,2033,2033-Jan,27,27,5,2033-W05,2033-01-23,5,2033-W05,2033-01-24,Non-Holiday,Weekday
2585,2033-01-28,2585,85,Friday,January,2033,2033-Jan,28,28,5,2033-W05,2033-01-23,5,2033-W05,2033-01-24,Non-Holiday,Weekday
2586,2033-01-29,2586,85,Saturday,January,2033,2033-Jan,29,29,5,2033-W05,2033-01-23,5,2033-W05,2033-01-24,Non-Holiday,Weekend
2587,2033-01-30,2587,85,Sunday,January,2033,2033-Jan,30,30,6,2033-W06,2033-01-23,5,2033-W05,2033-01-24,Non-Holiday,Weekend
2588,2033-01-31,2588,85,Monday,January,2033,2033-Jan,31,31,6,2033-W06,2033-01-30,6,2033-W06,2033-01-31,Non-Holiday,Weekday
2589,2033-02-01,2589,86,Tuesday,February,2033,2033-Feb,1,32,6,2033-W06,2033-01-30,6,2033-W06,2033-01-31,Non-Holiday,Weekday
2590,2033-02-02,2590,86,Wednesday,February,2033,2033-Feb,2,33,6,2033-W06,2033-01-30,6,2033-W06,2033-01-31,Non-Holiday,Weekday
2591,2033-02-03,2591,86,Thursday,February,2033,2033-Feb,3,34,6,2033-W06,2033-01-30,6,2033-W06,2033-01-31,Non-Holiday,Weekday
2592,2033-02-04,2592,86,Friday,February,2033,2033-Feb,4,35,6,2033-W06,2033-01-30,6,2033-W06,2033-01-31,Non-Holiday,Weekday
2593,2033-02-05,2593,86,Saturday,February,2033,2033-Feb,5,36,6,2033-W06,2033-01-30,6,2033-W06,2033-01-31,Non-Holiday,Weekend
2594,2033-02-06,2594,86,Sunday,February,2033,2033-Feb,6,37,7,2033-W07,2033-01-30,6,2033-W06,2033-01-31,Non-Holiday,Weekend
2595,2033-02-07,2595,86,Monday,February,2033,2033-Feb,7,38,7,2033-W07,2033-02-06,7,2033-W07,2033-02-07,Non-Holiday,Weekday
2596,2033-02-08,2596,86,Tuesday,February,2033,2033-Feb,8,39,7,2033-W07,2033-02-06,7,2033-W07,2033-02-07,Non-Holiday,Weekday
2597,2033-02-09,2597,86,Wednesday,February,2033,2033-Feb,9,40,7,2033-W07,2033-02-06,7,2033-W07,2033-02-07,Non-Holiday,Weekday
2598,2033-02-10,2598,86,Thursday,February,2033,2033-Feb,10,41,7,2033-W07,2033-02-06,7,2033-W07,2033-02-07,Non-Holiday,Weekday
2599,2033-02-11,2599,86,Friday,February,2033,2033-Feb,11,42,7,2033-W07,2033-02-06,7,2033-W07,2033-02-07,Non-Holiday,Weekday
2600,2033-02-12,2600,86,Saturday,February,2033,2033-Feb,12,43,7,2033-W07,2033-02-06,7,2033-W07,2033-02-07,Non-Holiday,Weekend
2601,2033-02-13,2601,86,Sunday,February,2033,2033-Feb,13,44,8,2033-W08,2033-02-06,7,2033-W07,2033-02-07,Non-Holiday,Weekend
2602,2033-02-14,2602,86,Monday,February,2033,2033-Feb,14,45,8,2033-W08,2033-02-13,8,2033-W08,2033-02-14,Non-Holiday,Weekday
2603,2033-02-15,2603,86,Tuesday,February,2033,2033-Feb,15,46,8,2033-W08,2033-02-13,8,2033-W08,2033-02-14,Non-Holiday,Weekday
2604,2033-02-16,2604,86,Wednesday,February,2033,2033-Feb,16,47,8,2033-W08,2033-02-13,8,2033-W08,2033-02-14,Non-Holiday,Weekday
2605,2033-02-17,2605,86,Thursday,February,2033,2033-Feb,17,48,8,2033-W08,2033-02-13,8,2033-W08,2033-02-14,Non-Holiday,Weekday
2606,2033-02-18,2606,86,Friday,February,2033,2033-Feb,18,49,8,2033-W08,2033-02-13,8,2033-W08,2033-02-14,Non-Holiday,Weekday
2607,2033-02-19,2607,86,Saturday,February,2033,2033-Feb,19,50,8,2033-W08,2033-02-13,8,2033-W08,2033-02-14,Non-Holiday,Weekend
2608,2033-02-20,2608,86,Sunday,February,2033,2033-Feb,20,51,9,2033-W09,2033-02-13,8,2033-W08,2033-02-14,Non-Holiday,Weekend
2609,2033-02-21,2609,86,Monday,February,2033,2033-Feb,21,52,9,2033-W09,2033-02-20,9,2033-W09,2033-02-21,Non-Holiday,Weekday
2610,2033-02-22,2610,86,Tuesday,February,2033,2033-Feb,22,53,9,2033-W09,2033-02-20,9,2033-W09,2033-02-21,Non-Holiday,Weekday
2611,2033-02-23,2611,86,Wednesday,February,2033,2033-Feb,23,54,9,2033-W09,2033-02-20,9,2033-W09,2033-02-21,Non-Holiday,Weekday
2612,2033-02-24,2612,86,Thursday,February,2033,2033-Feb,24,55,9,2033-W09,2033-02-20,9,2033-W09,2033-02-21,Non-Holiday,Weekday
2613,2033-02-25,2613,86,Friday,February,2033,2033-Feb,25,56,9,2033-W09,2033-02-20,9,2033-W09,2033-02-21,Non-Holiday,Weekday
2614,2033-02-26,2614,86,Saturday,February,2033,2033-Feb,26,57,9,2033-W09,2033-02-20,9,2033-W09,2033-02-21,Non-Holiday,Weekend
2615,2033-02-27,2615,86,Sunday,February,2033,2033-Feb,27,58,10,2033-W10,2033-02-20,9,2033-W09,2033-02-21,Non-Holiday,Weekend
2616,2033-02-28,2616,86,Monday,February,2033,2033-Feb,28,59,10,2033-W10,2033-02-27,10,2033-W10,2033-02-28,Non-Holiday,Weekday
2617,2033-03-01,2617,87,Tuesday,March,2033,2033-Mar,1,60,10,2033-W10,2033-02-27,10,2033-W10,2033-02-28,Non-Holiday,Weekday
2618,2033-03-02,2618,87,Wednesday,March,2033,2033-Mar,2,61,10,2033-W10,2033-02-27,10,2033-W10,2033-02-28,Non-Holiday,Weekday
2619,2033-03-03,2619,87,Thursday,March,2033,2033-Mar,3,62,10,2033-W10,2033-02-27,10,2033-W10,2033-02-28,Non-Holiday,Weekday
2620,2033-03-04,2620,87,Friday,March,2033,2033-Mar,4,63,10,2033-W10,2033-02-27,10,2033-W10,2033-02-28,Non-Holiday,Weekday
2621,2033-03-05,2621,87,Saturday,March,2033,2033-Mar,5,64,10,2033-W10,2033-02-27,10,2033-W10,2033-02-28,Non-Holiday,Weekend
2622,2033-03-06,2622,87,Sunday,March,2033,2033-Mar,6,65,11,2033-W11,2033-02-27,10,2033-W10,2033-02-28,Non-Holiday,Weekend
2623,2033-03-07,2623,87,Monday,March,2033,2033-Mar,7,66,11,2033-W11,2033-03-06,11,2033-W11,2033-03-07,Non-Holiday,Weekday
2624,2033-03-08,2624,87,Tuesday,March,2033,2033-Mar,8,67,11,2033-W11,2033-03-06,11,2033-W11,2033-03-07,Non-Holiday,Weekday
2625,2033-03-09,2625,87,Wednesday,March,2033,2033-Mar,9,68,11,2033-W11,2033-03-06,11,2033-W11,2033-03-07,Non-Holiday,Weekday
2626,2033-03-10,2626,87,Thursday,March,2033,2033-Mar,10,69,11,2033-W11,2033-03-06,11,2033-W11,2033-03-07,Non-Holiday,Weekday
2627,2033-03-11,2627,87,Friday,March,2033,2033-Mar,11,70,11,2033-W11,2033-03-06,11,2033-W11,2033-03-07,Non-Holiday,Weekday
2628,2033-03-12,2628,87,Saturday,March,2033,2033-Mar,12,71,11,2033-W11,2033-03-06,11,2033-W11,2033-03-07,Non-Holiday,Weekend
2629,2033-03-13,2629,87,Sunday,March,2033,2033-Mar,13,72,12,2033-W12,2033-03-06,11,2033-W11,2033-03-07,Non-Holiday,Weekend
2630,2033-03-14,2630,87,Monday,March,2033,2033-Mar,14,73,12,2033-W12,2033-03-13,12,2033-W12,2033-03-14,Non-Holiday,Weekday
2631,2033-03-15,2631,87,Tuesday,March,2033,2033-Mar,15,74,12,2033-W12,2033-03-13,12,2033-W12,2033-03-14,Non-Holiday,Weekday
2632,2033-03-16,2632,87,Wednesday,March,2033,2033-Mar,16,75,12,2033-W12,2033-03-13,12,2033-W12,2033-03-14,Non-Holiday,Weekday
2633,2033-03-17,2633,87,Thursday,March,2033,2033-Mar,17,76,12,2033-W12,2033-03-13,12,2033-W12,2033-03-14,Non-Holiday,Weekday
2634,2033-03-18,2634,87,Friday,March,2033,2033-Mar,18,77,12,2033-W12,2033-03-13,12,2033-W12,2033-03-14,Non-Holiday,Weekday
2635,2033-03-19,2635,87,Saturday,March,2033,2033-Mar,19,78,12,2033-W12,2033-03-13,12,2033-W12,2033-03-14,Non-Holiday,Weekend
2636,2033-03-20,2636,87,Sunday,March,2033,2033-Mar,20,79,13,2033-W13,2033-03-13,12,2033-W12,2033-03-14,Non-Holiday,Weekend
2637,2033-03-21,2637,87,Monday,March,2033,2033-Mar,21,80,13,2033-W13,2033-03-20,13,2033-W13,2033-03-21,Non-Holiday,Weekday
2638,2033-03-22,2638,87,Tuesday,March,2033,2033-Mar,22,81,13,2033-W13,2033-03-20,13,2033-W13,2033-03-21,Non-Holiday,Weekday
2639,2033-03-23,2639,87,Wednesday,March,2033,2033-Mar,23,82,13,2033-W13,2033-03-20,13,2033-W13,2033-03-21,Non-Holiday,Weekday
2640,2033-03-24,2640,87,Thursday,March,2033,2033-Mar,24,83,13,2033-W13,2033-03-20,13,2033-W13,2033-03-21,Non-Holiday,Weekday
2641,2033-03-25,2641,87,Friday,March,2033,2033-Mar,25,84,13,2033-W13,2033-03-20,13,2033-W13,2033-03-21,Non-Holiday,Weekday
2642,2033-03-26,2642,87,Saturday,March,2033,2033-Mar,26,85,13,2033-W13,2033-03-20,13,2033-W13,2033-03-21,Non-Holiday,Weekend
2643,2033-03-27,2643,87,Sunday,March,2033,2033-Mar,27,86,14,2033-W14,2033-03-20,13,2033-W13,2033-03-21,Non-Holiday,Weekend
2644,2033-03-28,2644,87,Monday,March,2033,2033-Mar,28,87,14,2033-W14,2033-03-27,14,2033-W14,2033-03-28,Non-Holiday,Weekday
2645,2033-03-29,2645,87,Tuesday,March,2033,2033-Mar,29,88,14,2033-W14,2033-03-27,14,2033-W14,2033-03-28,Non-Holiday,Weekday
2646,2033-03-30,2646,87,Wednesday,March,2033,2033-Mar,30,89,14,2033-W14,2033-03-27,14,2033-W14,2033-03-28,Non-Holiday,Weekday
2647,2033-03-31,2647,87,Thursday,March,2033,2033-Mar,31,90,14,2033-W14,2033-03-27,14,2033-W14,2033-03-28,Non-Holiday,Weekday
2648,2033-04-01,2648,88,Friday,April,2033,2033-Apr,1,91,14,2033-W14,2033-03-27,14,2033-W14,2033-03-28,Non-Holiday,Weekday
2649,2033-04-02,2649,88,Saturday,April,2033,2033-Apr,2,92,14,2033-W14,2033-03-27,14,2033-W14,2033-03-28,Non-Holiday,Weekend
2650,2033-04-03,2650,88,Sunday,April,2033,2033-Apr,3,93,15,2033-W15,2033-03-27,14,2033-W14,2033-03-28,Non-Holiday,Weekend
2651,2033-04-04,2651,88,Monday,April,2033,2033-Apr,4,94,15,2033-W15,2033-04-03,15,2033-W15,2033-04-04,Non-Holiday,Weekday
2652,2033-04-05,2652,88,Tuesday,April,2033,2033-Apr,5,95,15,2033-W15,2033-04-03,15,2033-W15,2033-04-04,Non-Holiday,Weekday
2653,2033-04-06,2653,88,Wednesday,April,2033,2033-Apr,6,96,15,2033-W15,2033-04-03,15,2033-W15,2033-04-04,Non-Holiday,Weekday
2654,2033-04-07,2654,88,Thursday,April,2033,2033-Apr,7,97,15,2033-W15,2033-04-03,15,2033-W15,2033-04-04,Non-Holiday,Weekday
2655,2033-04-08,2655,88,Friday,April,2033,2033-Apr,8,98,15,2033-W15,2033-04-03,15,2033-W15,2033-04-04,Non-Holiday,Weekday
2656,2033-04-09,2656,88,Saturday,April,2033,2033-Apr,9,99,15,2033-W15,2033-04-03,15,2033-W15,2033-04-04,Non-Holiday,Weekend
2657,2033-04-10,2657,88,Sunday,April,2033,2033-Apr,10,100,16,2033-W16,2033-04-03,15,2033-W15,2033-04-04,Non-Holiday,Weekend
2658,2033-04-11,2658,88,Monday,April,2033,2033-Apr,11,101,16,2033-W16,2033-04-10,16,2033-W16,2033-04-11,Non-Holiday,Weekday
2659,2033-04-12,2659,88,Tuesday,April,2033,2033-Apr,12,102,16,2033-W16,2033-04-10,16,2033-W16,2033-04-11,Non-Holiday,Weekday
2660,2033-04-13,2660,88,Wednesday,April,2033,2033-Apr,13,103,16,2033-W16,2033-04-10,16,2033-W16,2033-04-11,Non-Holiday,Weekday
2661,2033-04-14,2661,88,Thursday,April,2033,2033-Apr,14,104,16,2033-W16,2033-04-10,16,2033-W16,2033-04-11,Non-Holiday,Weekday
2662,2033-04-15,2662,88,Friday,April,2033,2033-Apr,15,105,16,2033-W16,2033-04-10,16,2033-W16,2033-04-11,Non-Holiday,Weekday
2663,2033-04-16,2663,88,Saturday,April,2033,2033-Apr,16,106,16,2033-W16,2033-04-10,16,2033-W16,2033-04-11,Non-Holiday,Weekend
2664,2033-04-17,2664,88,Sunday,April,2033,2033-Apr,17,107,17,2033-W17,2033-04-10,16,2033-W16,2033-04-11,Non-Holiday,Weekend
2665,2033-04-18,2665,88,Monday,April,2033,2033-Apr,18,108,17,2033-W17,2033-04-17,17,2033-W17,2033-04-18,Non-Holiday,Weekday
2666,2033-04-19,2666,88,Tuesday,April,2033,2033-Apr,19,109,17,2033-W17,2033-04-17,17,2033-W17,2033-04-18,Non-Holiday,Weekday
2667,2033-04-20,2667,88,Wednesday,April,2033,2033-Apr,20,110,17,2033-W17,2033-04-17,17,2033-W17,2033-04-18,Non-Holiday,Weekday
2668,2033-04-21,2668,88,Thursday,April,2033,2033-Apr,21,111,17,2033-W17,2033-04-17,17,2033-W17,2033-04-18,Non-Holiday,Weekday
2669,2033-04-22,2669,88,Friday,April,2033,2033-Apr,22,112,17,2033-W17,2033-04-17,17,2033-W17,2033-04-18,Non-Holiday,Weekday
2670,2033-04-23,2670,88,Saturday,April,2033,2033-Apr,23,113,17,2033-W17,2033-04-17,17,2033-W17,2033-04-18,Non-Holiday,Weekend
2671,2033-04-24,2671,88,Sunday,April,2033,2033-Apr,24,114,18,2033-W18,2033-04-17,17,2033-W17,2033-04-18,Non-Holiday,Weekend
2672,2033-04-25,2672,88,Monday,April,2033,2033-Apr,25,115,18,2033-W18,2033-04-24,18,2033-W18,2033-04-25,Non-Holiday,Weekday
2673,2033-04-26,2673,88,Tuesday,April,2033,2033-Apr,26,116,18,2033-W18,2033-04-24,18,2033-W18,2033-04-25,Non-Holiday,Weekday
2674,2033-04-27,2674,88,Wednesday,April,2033,2033-Apr,27,117,18,2033-W18,2033-04-24,18,2033-W18,2033-04-25,Non-Holiday,Weekday
2675,2033-04-28,2675,88,Thursday,April,2033,2033-Apr,28,118,18,2033-W18,2033-04-24,18,2033-W18,2033-04-25,Non-Holiday,Weekday
2676,2033-04-29,2676,88,Friday,April,2033,2033-Apr,29,119,18,2033-W18,2033-04-24,18,2033-W18,2033-04-25,Non-Holiday,Weekday
2677,2033-04-30,2677,88,Saturday,April,2033,2033-Apr,30,120,18,2033-W18,2033-04-24,18,2033-W18,2033-04-25,Non-Holiday,Weekend
2678,2033-05-01,2678,89,Sunday,May,2033,2033-May,1,121,19,2033-W19,2033-04-24,18,2033-W18,2033-04-25,Non-Holiday,Weekend
2679,2033-05-02,2679,89,Monday,May,2033,2033-May,2,122,19,2033-W19,2033-05-01,19,2033-W19,2033-05-02,Non-Holiday,Weekday
2680,2033-05-03,2680,89,Tuesday,May,2033,2033-May,3,123,19,2033-W19,2033-05-01,19,2033-W19,2033-05-02,Non-Holiday,Weekday
2681,2033-05-04,2681,89,Wednesday,May,2033,2033-May,4,124,19,2033-W19,2033-05-01,19,2033-W19,2033-05-02,Non-Holiday,Weekday
2682,2033-05-05,2682,89,Thursday,May,2033,2033-May,5,125,19,2033-W19,2033-05-01,19,2033-W19,2033-05-02,Non-Holiday,Weekday
2683,2033-05-06,2683,89,Friday,May,2033,2033-May,6,126,19,2033-W19,2033-05-01,19,2033-W19,2033-05-02,Non-Holiday,Weekday
2684,2033-05-07,2684,89,Saturday,May,2033,2033-May,7,127,19,2033-W19,2033-05-01,19,2033-W19,2033-05-02,Non-Holiday,Weekend
2685,2033-05-08,2685,89,Sunday,May,2033,2033-May,8,128,20,2033-W20,2033-05-01,19,2033-W19,2033-05-02,Non-Holiday,Weekend
2686,2033-05-09,2686,89,Monday,May,2033,2033-May,9,129,20,2033-W20,2033-05-08,20,2033-W20,2033-05-09,Non-Holiday,Weekday
2687,2033-05-10,2687,89,Tuesday,May,2033,2033-May,10,130,20,2033-W20,2033-05-08,20,2033-W20,2033-05-09,Non-Holiday,Weekday
2688,2033-05-11,2688,89,Wednesday,May,2033,2033-May,11,131,20,2033-W20,2033-05-08,20,2033-W20,2033-05-09,Non-Holiday,Weekday
2689,2033-05-12,2689,89,Thursday,May,2033,2033-May,12,132,20,2033-W20,2033-05-08,20,2033-W20,2033-05-09,Non-Holiday,Weekday
2690,2033-05-13,2690,89,Friday,May,2033,2033-May,13,133,20,2033-W20,2033-05-08,20,2033-W20,2033-05-09,Non-Holiday,Weekday
2691,2033-05-14,2691,89,Saturday,May,2033,2033-May,14,134,20,2033-W20,2033-05-08,20,2033-W20,2033-05-09,Non-Holiday,Weekend
2692,2033-05-15,2692,89,Sunday,May,2033,2033-May,15,135,21,2033-W21,2033-05-08,20,2033-W20,2033-05-09,Non-Holiday,Weekend
2693,2033-05-16,2693,89,Monday,May,2033,2033-May,16,136,21,2033-W21,2033-05-15,21,2033-W21,2033-05-16,Non-Holiday,Weekday
2694,2033-05-17,2694,89,Tuesday,May,2033,2033-May,17,137,21,2033-W21,2033-05-15,21,2033-W21,2033-05-16,Non-Holiday,Weekday
2695,2033-05-18,2695,89,Wednesday,May,2033,2033-May,18,138,21,2033-W21,2033-05-15,21,2033-W21,2033-05-16,Non-Holiday,Weekday
2696,2033-05-19,2696,89,Thursday,May,2033,2033-May,19,139,21,2033-W21,2033-05-15,21,2033-W21,2033-05-16,Non-Holiday,Weekday
2697,2033-05-20,2697,89,Friday,May,2033,2033-May,20,140,21,2033-W21,2033-05-15,21,2033-W21,2033-05-16,Non-Holiday,Weekday
2698,2033-05-21,2698,89,Saturday,May,2033,2033-May,21,141,21,2033-W21,2033-05-15,21,2033-W21,2033-05-16,Non-Holiday,Weekend
2699,2033-05-22,2699,89,Sunday,May,2033,2033-May,22,142,22,2033-W22,2033-05-15,21,2033-W21,2033-05-16,Non-Holiday,Weekend
2700,2033-05-23,2700,89,Monday,May,2033,2033-May,23,143,22,2033-W22,2033-05-22,22,2033-W22,2033-05-23,Non-Holiday,Weekday
2701,2033-05-24,2701,89,Tuesday,May,2033,2033-May,24,144,22,2033-W22,2033-05-22,22,2033-W22,2033-05-23,Non-Holiday,Weekday
2702,2033-05-25,2702,89,Wednesday,May,2033,2033-May,25,145,22,2033-W22,2033-05-22,22,2033-W22,2033-05-23,Non-Holiday,Weekday
2703,2033-05-26,2703,89,Thursday,May,2033,2033-May,26,146,22,2033-W22,2033-05-22,22,2033-W22,2033-05-23,Non-Holiday,Weekday
2704,2033-05-27,2704,89,Friday,May,2033,2033-May,27,147,22,2033-W22,2033-05-22,22,2033-W22,2033-05-23,Non-Holiday,Weekday
2705,2033-05-28,2705,89,Saturday,May,2033,2033-May,28,148,22,2033-W22,2033-05-22,22,2033-W22,2033-05-23,Non-Holiday,Weekend
2706,2033-05-29,2706,89,Sunday,May,2033,2033-May,29,149,23,2033-W23,2033-05-22,22,2033-W22,2033-05-23,Non-Holiday,Weekend
2707,2033-05-30,2707,89,Monday,May,2033,2033-May,30,150,23,2033-W23,2033-05-29,23,2033-W23,2033-05-30,Non-Holiday,Weekday
2708,2033-05-31,2708,89,Tuesday,May,2033,2033-May,31,151,23,2033-W23,2033-05-29,23,2033-W23,2033-05-30,Non-Holiday,Weekday
2709,2033-06-01,2709,90,Wednesday,June,2033,2033-Jun,1,152,23,2033-W23,2033-05-29,23,2033-W23,2033-05-30,Non-Holiday,Weekday
2710,2033-06-02,2710,90,Thursday,June,2033,2033-Jun,2,153,23,2033-W23,2033-05-29,23,2033-W23,2033-05-30,Non-Holiday,Weekday
2711,2033-06-03,2711,90,Friday,June,2033,2033-Jun,3,154,23,2033-W23,2033-05-29,23,2033-W23,2033-05-30,Non-Holiday,Weekday
2712,2033-06-04,2712,90,Saturday,June,2033,2033-Jun,4,155,23,2033-W23,2033-05-29,23,2033-W23,2033-05-30,Non-Holiday,Weekend
2713,2033-06-05,2713,90,Sunday,June,2033,2033-Jun,5,156,24,2033-W24,2033-05-29,23,2033-W23,2033-05-30,Non-Holiday,Weekend
2714,2033-06-06,2714,90,Monday,June,2033,2033-Jun,6,157,24,2033-W24,2033-06-05,24,2033-W24,2033-06-06,Non-Holiday,Weekday
2715,2033-06-07,2715,90,Tuesday,June,2033,2033-Jun,7,158,24,2033-W24,2033-06-05,24,2033-W24,2033-06-06,Non-Holiday,Weekday
2716,2033-06-08,2716,90,Wednesday,June,2033,2033-Jun,8,159,24,2033-W24,2033-06-05,24,2033-W24,2033-06-06,Non-Holiday,Weekday
2717,2033-06-09,2717,90,Thursday,June,2033,2033-Jun,9,160,24,2033-W24,2033-06-05,24,2033-W24,2033-06-06,Non-Holiday,Weekday
2718,2033-06-10,2718,90,Friday,June,2033,2033-Jun,10,161,24,2033-W24,2033-06-05,24,2033-W24,2033-06-06,Non-Holiday,Weekday
2719,2033-06-11,2719,90,Saturday,June,2033,2033-Jun,11,162,24,2033-W24,2033-06-05,24,2033-W24,2033-06-06,Non-Holiday,Weekend
2720,2033-06-12,2720,90,Sunday,June,2033,2033-Jun,12,163,25,2033-W25,2033-06-05,24,2033-W24,2033-06-06,Non-Holiday,Weekend
2721,2033-06-13,2721,90,Monday,June,2033,2033-Jun,13,164,25,2033-W25,2033-06-12,25,2033-W25,2033-06-13,Non-Holiday,Weekday
2722,2033-06-14,2722,90,Tuesday,June,2033,2033-Jun,14,165,25,2033-W25,2033-06-12,25,2033-W25,2033-06-13,Non-Holiday,Weekday
2723,2033-06-15,2723,90,Wednesday,June,2033,2033-Jun,15,166,25,2033-W25,2033-06-12,25,2033-W25,2033-06-13,Non-Holiday,Weekday
2724,2033-06-16,2724,90,Thursday,June,2033,2033-Jun,16,167,25,2033-W25,2033-06-12,25,2033-W25,2033-06-13,Non-Holiday,Weekday
2725,2033-06-17,2725,90,Friday,June,2033,2033-Jun,17,168,25,2033-W25,2033-06-12,25,2033-W25,2033-06-13,Non-Holiday,Weekday
2726,2033-06-18,2726,90,Saturday,June,2033,2033-Jun,18,169,25,2033-W25,2033-06-12,25,2033-W25,2033-06-13,Non-Holiday,Weekend
2727,2033-06-19,2727,90,Sunday,June,2033,2033-Jun,19,170,26,2033-W26,2033-06-12,25,2033-W25,2033-06-13,Non-Holiday,Weekend
2728,2033-06-20,2728,90,Monday,June,2033,2033-Jun,20,171,26,2033-W26,2033-06-19,26,2033-W26,2033-06-20,Non-Holiday,Weekday
2729,2033-06-21,2729,90,Tuesday,June,2033,2033-Jun,21,172,26,2033-W26,2033-06-19,26,2033-W26,2033-06-20,Non-Holiday,Weekday
2730,2033-06-22,2730,90,Wednesday,June,2033,2033-Jun,22,173,26,2033-W26,2033-06-19,26,2033-W26,2033-06-20,Non-Holiday,Weekday
2731,2033-06-23,2731,90,Thursday,June,2033,2033-Jun,23,174,26,2033-W26,2033-06-19,26,2033-W26,2033-06-20,Non-Holiday,Weekday
2732,2033-06-24,2732,90,Friday,June,2033,2033-Jun,24,175,26,2033-W26,2033-06-19,26,2033-W26,2033-06-20,Non-Holiday,Weekday
2733,2033-06-25,2733,90,Saturday,June,2033,2033-Jun,25,176,26,2033-W26,2033-06-19,26,2033-W26,2033-06-20,Non-Holiday,Weekend
2734,2033-06-26,2734,90,Sunday,June,2033,2033-Jun,26,177,27,2033-W27,2033-06-19,26,2033-W26,2033-06-20,Non-Holiday,Weekend
2735,2033-06-27,2735,90,Monday,June,2033,2033-Jun,27,178,27,2033-W27,2033-06-26,27,2033-W27,2033-06-27,Non-Holiday,Weekday
2736,2033-06-28,2736,90,Tuesday,June,2033,2033-Jun,28,179,27,2033-W27,2033-06-26,27,2033-W27,2033-06-27,Non-Holiday,Weekday
2737,2033-06-29,2737,90,Wednesday,June,2033,2033-Jun,29,180,27,2033-W27,2033-06-26,27,2033-W27,2033-06-27,Non-Holiday,Weekday
2738,2033-06-30,2738,90,Thursday,June,2033,2033-Jun,30,181,27,2033-W27,2033-06-26,27,2033-W27,2033-06-27,Non-Holiday,Weekday
2739,2033-07-01,2739,91,Friday,July,2033,2033-Jul,1,182,27,2033-W27,2033-06-26,27,2033-W27,2033-06-27,Non-Holiday,Weekday
2740,2033-07-02,2740,91,Saturday,July,2033,2033-Jul,2,183,27,2033-W27,2033-06-26,27,2033-W27,2033-06-27,Non-Holiday,Weekend
2741,2033-07-03,2741,91,Sunday,July,2033,2033-Jul,3,184,28,2033-W28,2033-06-26,27,2033-W27,2033-06-27,Non-Holiday,Weekend
2742,2033-07-04,2742,91,Monday,July,2033,2033-Jul,4,185,28,2033-W28,2033-07-03,28,2033-W28,2033-07-04,Non-Holiday,Weekday
2743,2033-07-05,2743,91,Tuesday,July,2033,2033-Jul,5,186,28,2033-W28,2033-07-03,28,2033-W28,2033-07-04,Non-Holiday,Weekday
2744,2033-07-06,2744,91,Wednesday,July,2033,2033-Jul,6,187,28,2033-W28,2033-07-03,28,2033-W28,2033-07-04,Non-Holiday,Weekday
2745,2033-07-07,2745,91,Thursday,July,2033,2033-Jul,7,188,28,2033-W28,2033-07-03,28,2033-W28,2033-07-04,Non-Holiday,Weekday
2746,2033-07-08,2746,91,Friday,July,2033,2033-Jul,8,189,28,2033-W28,2033-07-03,28,2033-W28,2033-07-04,Non-Holiday,Weekday
2747,2033-07-09,2747,91,Saturday,July,2033,2033-Jul,9,190,28,2033-W28,2033-07-03,28,2033-W28,2033-07-04,Non-Holiday,Weekend
2748,2033-07-10,2748,91,Sunday,July,2033,2033-Jul,10,191,29,2033-W29,2033-07-03,28,2033-W28,2033-07-04,Non-Holiday,Weekend
2749,2033-07-11,2749,91,Monday,July,2033,2033-Jul,11,192,29,2033-W29,2033-07-10,29,2033-W29,2033-07-11,Non-Holiday,Weekday
2750,2033-07-12,2750,91,Tuesday,July,2033,2033-Jul,12,193,29,2033-W29,2033-07-10,29,2033-W29,2033-07-11,Non-Holiday,Weekday
2751,2033-07-13,2751,91,Wednesday,July,2033,2033-Jul,13,194,29,2033-W29,2033-07-10,29,2033-W29,2033-07-11,Non-Holiday,Weekday
2752,2033-07-14,2752,91,Thursday,July,2033,2033-Jul,14,195,29,2033-W29,2033-07-10,29,2033-W29,2033-07-11,Non-Holiday,Weekday
2753,2033-07-15,2753,91,Friday,July,2033,2033-Jul,15,196,29,2033-W29,2033-07-10,29,2033-W29,2033-07-11,Non-Holiday,Weekday
2754,2033-07-16,2754,91,Saturday,July,2033,2033-Jul,16,197,29,2033-W29,2033-07-10,29,2033-W29,2033-07-11,Non-Holiday,Weekend
2755,2033-07-17,2755,91,Sunday,July,2033,2033-Jul,17,198,30,2033-W30,2033-07-10,29,2033-W29,2033-07-11,Non-Holiday,Weekend
2756,2033-07-18,2756,91,Monday,July,2033,2033-Jul,18,199,30,2033-W30,2033-07-17,30,2033-W30,2033-07-18,Non-Holiday,Weekday
2757,2033-07-19,2757,91,Tuesday,July,2033,2033-Jul,19,200,30,2033-W30,2033-07-17,30,2033-W30,2033-07-18,Non-Holiday,Weekday
2758,2033-07-20,2758,91,Wednesday,July,2033,2033-Jul,20,201,30,2033-W30,2033-07-17,30,2033-W30,2033-07-18,Non-Holiday,Weekday
2759,2033-07-21,2759,91,Thursday,July,2033,2033-Jul,21,202,30,2033-W30,2033-07-17,30,2033-W30,2033-07-18,Non-Holiday,Weekday
2760,2033-07-22,2760,91,Friday,July,2033,2033-Jul,22,203,30,2033-W30,2033-07-17,30,2033-W30,2033-07-18,Non-Holiday,Weekday
2761,2033-07-23,2761,91,Saturday,July,2033,2033-Jul,23,204,30,2033-W30,2033-07-17,30,2033-W30,2033-07-18,Non-Holiday,Weekend
2762,2033-07-24,2762,91,Sunday,July,2033,2033-Jul,24,205,31,2033-W31,2033-07-17,30,2033-W30,2033-07-18,Non-Holiday,Weekend
2763,2033-07-25,2763,91,Monday,July,2033,2033-Jul,25,206,31,2033-W31,2033-07-24,31,2033-W31,2033-07-25,Non-Holiday,Weekday
2764,2033-07-26,2764,91,Tuesday,July,2033,2033-Jul,26,207,31,2033-W31,2033-07-24,31,2033-W31,2033-07-25,Non-Holiday,Weekday
2765,2033-07-27,2765,91,Wednesday,July,2033,2033-Jul,27,208,31,2033-W31,2033-07-24,31,2033-W31,2033-07-25,Non-Holiday,Weekday
2766,2033-07-28,2766,91,Thursday,July,2033,2033-Jul,28,209,31,2033-W31,2033-07-24,31,2033-W31,2033-07-25,Non-Holiday,Weekday
2767,2033-07-29,2767,91,Friday,July,2033,2033-Jul,29,210,31,2033-W31,2033-07-24,31,2033-W31,2033-07-25,Non-Holiday,Weekday
2768,2033-07-30,2768,91,Saturday,July,2033,2033-Jul,30,211,31,2033-W31,2033-07-24,31,2033-W31,2033-07-25,Non-Holiday,Weekend
2769,2033-07-31,2769,91,Sunday,July,2033,2033-Jul,31,212,32,2033-W32,2033-07-24,31,2033-W31,2033-07-25,Non-Holiday,Weekend
2770,2033-08-01,2770,92,Monday,August,2033,2033-Aug,1,213,32,2033-W32,2033-07-31,32,2033-W32,2033-08-01,Non-Holiday,Weekday
2771,2033-08-02,2771,92,Tuesday,August,2033,2033-Aug,2,214,32,2033-W32,2033-07-31,32,2033-W32,2033-08-01,Non-Holiday,Weekday
2772,2033-08-03,2772,92,Wednesday,August,2033,2033-Aug,3,215,32,2033-W32,2033-07-31,32,2033-W32,2033-08-01,Non-Holiday,Weekday
2773,2033-08-04,2773,92,Thursday,August,2033,2033-Aug,4,216,32,2033-W32,2033-07-31,32,2033-W32,2033-08-01,Non-Holiday,Weekday
2774,2033-08-05,2774,92,Friday,August,2033,2033-Aug,5,217,32,2033-W32,2033-07-31,32,2033-W32,2033-08-01,Non-Holiday,Weekday
2775,2033-08-06,2775,92,Saturday,August,2033,2033-Aug,6,218,32,2033-W32,2033-07-31,32,2033-W32,2033-08-01,Non-Holiday,Weekend
2776,2033-08-07,2776,92,Sunday,August,2033,2033-Aug,7,219,33,2033-W33,2033-07-31,32,2033-W32,2033-08-01,Non-Holiday,Weekend
2777,2033-08-08,2777,92,Monday,August,2033,2033-Aug,8,220,33,2033-W33,2033-08-07,33,2033-W33,2033-08-08,Non-Holiday,Weekday
2778,2033-08-09,2778,92,Tuesday,August,2033,2033-Aug,9,221,33,2033-W33,2033-08-07,33,2033-W33,2033-08-08,Non-Holiday,Weekday
2779,2033-08-10,2779,92,Wednesday,August,2033,2033-Aug,10,222,33,2033-W33,2033-08-07,33,2033-W33,2033-08-08,Non-Holiday,Weekday
2780,2033-08-11,2780,92,Thursday,August,2033,2033-Aug,11,223,33,2033-W33,2033-08-07,33,2033-W33,2033-08-08,Non-Holiday,Weekday
2781,2033-08-12,2781,92,Friday,August,2033,2033-Aug,12,224,33,2033-W33,2033-08-07,33,2033-W33,2033-08-08,Non-Holiday,Weekday
2782,2033-08-13,2782,92,Saturday,August,2033,2033-Aug,13,225,33,2033-W33,2033-08-07,33,2033-W33,2033-08-08,Non-Holiday,Weekend
2783,2033-08-14,2783,92,Sunday,August,2033,2033-Aug,14,226,34,2033-W34,2033-08-07,33,2033-W33,2033-08-08,Non-Holiday,Weekend
2784,2033-08-15,2784,92,Monday,August,2033,2033-Aug,15,227,34,2033-W34,2033-08-14,34,2033-W34,2033-08-15,Non-Holiday,Weekday
2785,2033-08-16,2785,92,Tuesday,August,2033,2033-Aug,16,228,34,2033-W34,2033-08-14,34,2033-W34,2033-08-15,Non-Holiday,Weekday
2786,2033-08-17,2786,92,Wednesday,August,2033,2033-Aug,17,229,34,2033-W34,2033-08-14,34,2033-W34,2033-08-15,Non-Holiday,Weekday
2787,2033-08-18,2787,92,Thursday,August,2033,2033-Aug,18,230,34,2033-W34,2033-08-14,34,2033-W34,2033-08-15,Non-Holiday,Weekday
2788,2033-08-19,2788,92,Friday,August,2033,2033-Aug,19,231,34,2033-W34,2033-08-14,34,2033-W34,2033-08-15,Non-Holiday,Weekday
2789,2033-08-20,2789,92,Saturday,August,2033,2033-Aug,20,232,34,2033-W34,2033-08-14,34,2033-W34,2033-08-15,Non-Holiday,Weekend
2790,2033-08-21,2790,92,Sunday,August,2033,2033-Aug,21,233,35,2033-W35,2033-08-14,34,2033-W34,2033-08-15,Non-Holiday,Weekend
2791,2033-08-22,2791,92,Monday,August,2033,2033-Aug,22,234,35,2033-W35,2033-08-21,35,2033-W35,2033-08-22,Non-Holiday,Weekday
2792,2033-08-23,2792,92,Tuesday,August,2033,2033-Aug,23,235,35,2033-W35,2033-08-21,35,2033-W35,2033-08-22,Non-Holiday,Weekday
2793,2033-08-24,2793,92,Wednesday,August,2033,2033-Aug,24,236,35,2033-W35,2033-08-21,35,2033-W35,2033-08-22,Non-Holiday,Weekday
2794,2033-08-25,2794,92,Thursday,August,2033,2033-Aug,25,237,35,2033-W35,2033-08-21,35,2033-W35,2033-08-22,Non-Holiday,Weekday
2795,2033-08-26,2795,92,Friday,August,2033,2033-Aug,26,238,35,2033-W35,2033-08-21,35,2033-W35,2033-08-22,Non-Holiday,Weekday
2796,2033-08-27,2796,92,Saturday,August,2033,2033-Aug,27,239,35,2033-W35,2033-08-21,35,2033-W35,2033-08-22,Non-Holiday,Weekend
2797,2033-08-28,2797,92,Sunday,August,2033,2033-Aug,28,240,36,2033-W36,2033-08-21,35,2033-W35,2033-08-22,Non-Holiday,Weekend
2798,2033-08-29,2798,92,Monday,August,2033,2033-Aug,29,241,36,2033-W36,2033-08-28,36,2033-W36,2033-08-29,Non-Holiday,Weekday
2799,2033-08-30,2799,92,Tuesday,August,2033,2033-Aug,30,242,36,2033-W36,2033-08-28,36,2033-W36,2033-08-29,Non-Holiday,Weekday
2800,2033-08-31,2800,92,Wednesday,August,2033,2033-Aug,31,243,36,2033-W36,2033-08-28,36,2033-W36,2033-08-29,Non-Holiday,Weekday
2801,2033-09-01,2801,93,Thursday,September,2033,2033-Sep,1,244,36,2033-W36,2033-08-28,36,2033-W36,2033-08-29,Non-Holiday,Weekday
2802,2033-09-02,2802,93,Friday,September,2033,2033-Sep,2,245,36,2033-W36,2033-08-28,36,2033-W36,2033-08-29,Non-Holiday,Weekday
2803,2033-09-03,2803,93,Saturday,September,2033,2033-Sep,3,246,36,2033-W36,2033-08-28,36,2033-W36,2033-08-29,Non-Holiday,Weekend
2804,2033-09-04,2804,93,Sunday,September,2033,2033-Sep,4,247,37,2033-W37,2033-08-28,36,2033-W36,2033-08-29,Non-Holiday,Weekend
2805,2033-09-05,2805,93,Monday,September,2033,2033-Sep,5,248,37,2033-W37,2033-09-04,37,2033-W37,2033-09-05,Non-Holiday,Weekday
2806,2033-09-06,2806,93,Tuesday,September,2033,2033-Sep,6,249,37,2033-W37,2033-09-04,37,2033-W37,2033-09-05,Non-Holiday,Weekday
2807,2033-09-07,2807,93,Wednesday,September,2033,2033-Sep,7,250,37,2033-W37,2033-09-04,37,2033-W37,2033-09-05,Non-Holiday,Weekday
2808,2033-09-08,2808,93,Thursday,September,2033,2033-Sep,8,251,37,2033-W37,2033-09-04,37,2033-W37,2033-09-05,Non-Holiday,Weekday
2809,2033-09-09,2809,93,Friday,September,2033,2033-Sep,9,252,37,2033-W37,2033-09-04,37,2033-W37,2033-09-05,Non-Holiday,Weekday
2810,2033-09-10,2810,93,Saturday,September,2033,2033-Sep,10,253,37,2033-W37,2033-09-04,37,2033-W37,2033-09-05,Non-Holiday,Weekend
2811,2033-09-11,2811,93,Sunday,September,2033,2033-Sep,11,254,38,2033-W38,2033-09-04,37,2033-W37,2033-09-05,Non-Holiday,Weekend
2812,2033-09-12,2812,93,Monday,September,2033,2033-Sep,12,255,38,2033-W38,2033-09-11,38,2033-W38,2033-09-12,Non-Holiday,Weekday
2813,2033-09-13,2813,93,Tuesday,September,2033,2033-Sep,13,256,38,2033-W38,2033-09-11,38,2033-W38,2033-09-12,Non-Holiday,Weekday
2814,2033-09-14,2814,93,Wednesday,September,2033,2033-Sep,14,257,38,2033-W38,2033-09-11,38,2033-W38,2033-09-12,Non-Holiday,Weekday
2815,2033-09-15,2815,93,Thursday,September,2033,2033-Sep,15,258,38,2033-W38,2033-09-11,38,2033-W38,2033-09-12,Non-Holiday,Weekday
2816,2033-09-16,2816,93,Friday,September,2033,2033-Sep,16,259,38,2033-W38,2033-09-11,38,2033-W38,2033-09-12,Non-Holiday,Weekday
2817,2033-09-17,2817,93,Saturday,September,2033,2033-Sep,17,260,38,2033-W38,2033-09-11,38,2033-W38,2033-09-12,Non-Holiday,Weekend
2818,2033-09-18,2818,93,Sunday,September,2033,2033-Sep,18,261,39,2033-W39,2033-09-11,38,2033-W38,2033-09-12,Non-Holiday,Weekend
2819,2033-09-19,2819,93,Monday,September,2033,2033-Sep,19,262,39,2033-W39,2033-09-18,39,2033-W39,2033-09-19,Non-Holiday,Weekday
2820,2033-09-20,2820,93,Tuesday,September,2033,2033-Sep,20,263,39,2033-W39,2033-09-18,39,2033-W39,2033-09-19,Non-Holiday,Weekday
2821,2033-09-21,2821,93,Wednesday,September,2033,2033-Sep,21,264,39,2033-W39,2033-09-18,39,2033-W39,2033-09-19,Non-Holiday,Weekday
2822,2033-09-22,2822,93,Thursday,September,2033,2033-Sep,22,265,39,2033-W39,2033-09-18,39,2033-W39,2033-09-19,Non-Holiday,Weekday
2823,2033-09-23,2823,93,Friday,September,2033,2033-Sep,23,266,39,2033-W39,2033-09-18,39,2033-W39,2033-09-19,Non-Holiday,Weekday
2824,2033-09-24,2824,93,Saturday,September,2033,2033-Sep,24,267,39,2033-W39,2033-09-18,39,2033-W39,2033-09-19,Non-Holiday,Weekend
2825,2033-09-25,2825,93,Sunday,September,2033,2033-Sep,25,268,40,2033-W40,2033-09-18,39,2033-W39,2033-09-19,Non-Holiday,Weekend
2826,2033-09-26,2826,93,Monday,September,2033,2033-Sep,26,269,40,2033-W40,2033-09-25,40,2033-W40,2033-09-26,Non-Holiday,Weekday
2827,2033-09-27,2827,93,Tuesday,September,2033,2033-Sep,27,270,40,2033-W40,2033-09-25,40,2033-W40,2033-09-26,Non-Holiday,Weekday
2828,2033-09-28,2828,93,Wednesday,September,2033,2033-Sep,28,271,40,2033-W40,2033-09-25,40,2033-W40,2033-09-26,Non-Holiday,Weekday
2829,2033-09-29,2829,93,Thursday,September,2033,2033-Sep,29,272,40,2033-W40,2033-09-25,40,2033-W40,2033-09-26,Non-Holiday,Weekday
2830,2033-09-30,2830,93,Friday,September,2033,2033-Sep,30,273,40,2033-W40,2033-09-25,40,2033-W40,2033-09-26,Non-Holiday,Weekday
2831,2033-10-01,2831,94,Saturday,October,2033,2033-Oct,1,274,40,2033-W40,2033-09-25,40,2033-W40,2033-09-26,Non-Holiday,Weekend
2832,2033-10-02,2832,94,Sunday,October,2033,2033-Oct,2,275,41,2033-W41,2033-09-25,40,2033-W40,2033-09-26,Non-Holiday,Weekend
2833,2033-10-03,2833,94,Monday,October,2033,2033-Oct,3,276,41,2033-W41,2033-10-02,41,2033-W41,2033-10-03,Non-Holiday,Weekday
2834,2033-10-04,2834,94,Tuesday,October,2033,2033-Oct,4,277,41,2033-W41,2033-10-02,41,2033-W41,2033-10-03,Non-Holiday,Weekday
2835,2033-10-05,2835,94,Wednesday,October,2033,2033-Oct,5,278,41,2033-W41,2033-10-02,41,2033-W41,2033-10-03,Non-Holiday,Weekday
2836,2033-10-06,2836,94,Thursday,October,2033,2033-Oct,6,279,41,2033-W41,2033-10-02,41,2033-W41,2033-10-03,Non-Holiday,Weekday
2837,2033-10-07,2837,94,Friday,October,2033,2033-Oct,7,280,41,2033-W41,2033-10-02,41,2033-W41,2033-10-03,Non-Holiday,Weekday
2838,2033-10-08,2838,94,Saturday,October,2033,2033-Oct,8,281,41,2033-W41,2033-10-02,41,2033-W41,2033-10-03,Non-Holiday,Weekend
2839,2033-10-09,2839,94,Sunday,October,2033,2033-Oct,9,282,42,2033-W42,2033-10-02,41,2033-W41,2033-10-03,Non-Holiday,Weekend
2840,2033-10-10,2840,94,Monday,October,2033,2033-Oct,10,283,42,2033-W42,2033-10-09,42,2033-W42,2033-10-10,Non-Holiday,Weekday
2841,2033-10-11,2841,94,Tuesday,October,2033,2033-Oct,11,284,42,2033-W42,2033-10-09,42,2033-W42,2033-10-10,Non-Holiday,Weekday
2842,2033-10-12,2842,94,Wednesday,October,2033,2033-Oct,12,285,42,2033-W42,2033-10-09,42,2033-W42,2033-10-10,Non-Holiday,Weekday
2843,2033-10-13,2843,94,Thursday,October,2033,2033-Oct,13,286,42,2033-W42,2033-10-09,42,2033-W42,2033-10-10,Non-Holiday,Weekday
2844,2033-10-14,2844,94,Friday,October,2033,2033-Oct,14,287,42,2033-W42,2033-10-09,42,2033-W42,2033-10-10,Non-Holiday,Weekday
2845,2033-10-15,2845,94,Saturday,October,2033,2033-Oct,15,288,42,2033-W42,2033-10-09,42,2033-W42,2033-10-10,Non-Holiday,Weekend
2846,2033-10-16,2846,94,Sunday,October,2033,2033-Oct,16,289,43,2033-W43,2033-10-09,42,2033-W42,2033-10-10,Non-Holiday,Weekend
2847,2033-10-17,2847,94,Monday,October,2033,2033-Oct,17,290,43,2033-W43,2033-10-16,43,2033-W43,2033-10-17,Non-Holiday,Weekday
2848,2033-10-18,2848,94,Tuesday,October,2033,2033-Oct,18,291,43,2033-W43,2033-10-16,43,2033-W43,2033-10-17,Non-Holiday,Weekday
2849,2033-10-19,2849,94,Wednesday,October,2033,2033-Oct,19,292,43,2033-W43,2033-10-16,43,2033-W43,2033-10-17,Non-Holiday,Weekday
2850,2033-10-20,2850,94,Thursday,October,2033,2033-Oct,20,293,43,2033-W43,2033-10-16,43,2033-W43,2033-10-17,Non-Holiday,Weekday
2851,2033-10-21,2851,94,Friday,October,2033,2033-Oct,21,294,43,2033-W43,2033-10-16,43,2033-W43,2033-10-17,Non-Holiday,Weekday
2852,2033-10-22,2852,94,Saturday,October,2033,2033-Oct,22,295,43,2033-W43,2033-10-16,43,2033-W43,2033-10-17,Non-Holiday,Weekend
2853,2033-10-23,2853,94,Sunday,October,2033,2033-Oct,23,296,44,2033-W44,2033-10-16,43,2033-W43,2033-10-17,Non-Holiday,Weekend
2854,2033-10-24,2854,94,Monday,October,2033,2033-Oct,24,297,44,2033-W44,2033-10-23,44,2033-W44,2033-10-24,Non-Holiday,Weekday
2855,2033-10-25,2855,94,Tuesday,October,2033,2033-Oct,25,298,44,2033-W44,2033-10-23,44,2033-W44,2033-10-24,Non-Holiday,Weekday
2856,2033-10-26,2856,94,Wednesday,October,2033,2033-Oct,26,299,44,2033-W44,2033-10-23,44,2033-W44,2033-10-24,Non-Holiday,Weekday
2857,2033-10-27,2857,94,Thursday,October,2033,2033-Oct,27,300,44,2033-W44,2033-10-23,44,2033-W44,2033-10-24,Non-Holiday,Weekday
2858,2033-10-28,2858,94,Friday,October,2033,2033-Oct,28,301,44,2033-W44,2033-10-23,44,2033-W44,2033-10-24,Non-Holiday,Weekday
2859,2033-10-29,2859,94,Saturday,October,2033,2033-Oct,29,302,44,2033-W44,2033-10-23,44,2033-W44,2033-10-24,Non-Holiday,Weekend
2860,2033-10-30,2860,94,Sunday,October,2033,2033-Oct,30,303,45,2033-W45,2033-10-23,44,2033-W44,2033-10-24,Non-Holiday,Weekend
2861,2033-10-31,2861,94,Monday,October,2033,2033-Oct,31,304,45,2033-W45,2033-10-30,45,2033-W45,2033-10-31,Non-Holiday,Weekday
2862,2033-11-01,2862,95,Tuesday,November,2033,2033-Nov,1,305,45,2033-W45,2033-10-30,45,2033-W45,2033-10-31,Non-Holiday,Weekday
2863,2033-11-02,2863,95,Wednesday,November,2033,2033-Nov,2,306,45,2033-W45,2033-10-30,45,2033-W45,2033-10-31,Non-Holiday,Weekday
2864,2033-11-03,2864,95,Thursday,November,2033,2033-Nov,3,307,45,2033-W45,2033-10-30,45,2033-W45,2033-10-31,Non-Holiday,Weekday
2865,2033-11-04,2865,95,Friday,November,2033,2033-Nov,4,308,45,2033-W45,2033-10-30,45,2033-W45,2033-10-31,Non-Holiday,Weekday
2866,2033-11-05,2866,95,Saturday,November,2033,2033-Nov,5,309,45,2033-W45,2033-10-30,45,2033-W45,2033-10-31,Non-Holiday,Weekend
2867,2033-11-06,2867,95,Sunday,November,2033,2033-Nov,6,310,46,2033-W46,2033-10-30,45,2033-W45,2033-10-31,Non-Holiday,Weekend
2868,2033-11-07,2868,95,Monday,November,2033,2033-Nov,7,311,46,2033-W46,2033-11-06,46,2033-W46,2033-11-07,Non-Holiday,Weekday
2869,2033-11-08,2869,95,Tuesday,November,2033,2033-Nov,8,312,46,2033-W46,2033-11-06,46,2033-W46,2033-11-07,Non-Holiday,Weekday
2870,2033-11-09,2870,95,Wednesday,November,2033,2033-Nov,9,313,46,2033-W46,2033-11-06,46,2033-W46,2033-11-07,Non-Holiday,Weekday
2871,2033-11-10,2871,95,Thursday,November,2033,2033-Nov,10,314,46,2033-W46,2033-11-06,46,2033-W46,2033-11-07,Non-Holiday,Weekday
2872,2033-11-11,2872,95,Friday,November,2033,2033-Nov,11,315,46,2033-W46,2033-11-06,46,2033-W46,2033-11-07,Non-Holiday,Weekday
2873,2033-11-12,2873,95,Saturday,November,2033,2033-Nov,12,316,46,2033-W46,2033-11-06,46,2033-W46,2033-11-07,Non-Holiday,Weekend
2874,2033-11-13,2874,95,Sunday,November,2033,2033-Nov,13,317,47,2033-W47,2033-11-06,46,2033-W46,2033-11-07,Non-Holiday,Weekend
2875,2033-11-14,2875,95,Monday,November,2033,2033-Nov,14,318,47,2033-W47,2033-11-13,47,2033-W47,2033-11-14,Non-Holiday,Weekday
2876,2033-11-15,2876,95,Tuesday,November,2033,2033-Nov,15,319,47,2033-W47,2033-11-13,47,2033-W47,2033-11-14,Non-Holiday,Weekday
2877,2033-11-16,2877,95,Wednesday,November,2033,2033-Nov,16,320,47,2033-W47,2033-11-13,47,2033-W47,2033-11-14,Non-Holiday,Weekday
2878,2033-11-17,2878,95,Thursday,November,2033,2033-Nov,17,321,47,2033-W47,2033-11-13,47,2033-W47,2033-11-14,Non-Holiday,Weekday
2879,2033-11-18,2879,95,Friday,November,2033,2033-Nov,18,322,47,2033-W47,2033-11-13,47,2033-W47,2033-11-14,Non-Holiday,Weekday
2880,2033-11-19,2880,95,Saturday,November,2033,2033-Nov,19,323,47,2033-W47,2033-11-13,47,2033-W47,2033-11-14,Non-Holiday,Weekend
2881,2033-11-20,2881,95,Sunday,November,2033,2033-Nov,20,324,48,2033-W48,2033-11-13,47,2033-W47,2033-11-14,Non-Holiday,Weekend
2882,2033-11-21,2882,95,Monday,November,2033,2033-Nov,21,325,48,2033-W48,2033-11-20,48,2033-W48,2033-11-21,Non-Holiday,Weekday
2883,2033-11-22,2883,95,Tuesday,November,2033,2033-Nov,22,326,48,2033-W48,2033-11-20,48,2033-W48,2033-11-21,Non-Holiday,Weekday
2884,2033-11-23,2884,95,Wednesday,November,2033,2033-Nov,23,327,48,2033-W48,2033-11-20,48,2033-W48,2033-11-21,Non-Holiday,Weekday
2885,2033-11-24,2885,95,Thursday,November,2033,2033-Nov,24,328,48,2033-W48,2033-11-20,48,2033-W48,2033-11-21,Non-Holiday,Weekday
2886,2033-11-25,2886,95,Friday,November,2033,2033-Nov,25,329,48,2033-W48,2033-11-20,48,2033-W48,2033-11-21,Non-Holiday,Weekday
2887,2033-11-26,2887,95,Saturday,November,2033,2033-Nov,26,330,48,2033-W48,2033-11-20,48,2033-W48,2033-11-21,Non-Holiday,Weekend
2888,2033-11-27,2888,95,Sunday,November,2033,2033-Nov,27,331,49,2033-W49,2033-11-20,48,2033-W48,2033-11-21,Non-Holiday,Weekend
2889,2033-11-28,2889,95,Monday,November,2033,2033-Nov,28,332,49,2033-W49,2033-11-27,49,2033-W49,2033-11-28,Non-Holiday,Weekday
2890,2033-11-29,2890,95,Tuesday,November,2033,2033-Nov,29,333,49,2033-W49,2033-11-27,49,2033-W49,2033-11-28,Non-Holiday,Weekday
2891,2033-11-30,2891,95,Wednesday,November,2033,2033-Nov,30,334,49,2033-W49,2033-11-27,49,2033-W49,2033-11-28,Non-Holiday,Weekday
2892,2033-12-01,2892,96,Thursday,December,2033,2033-Dec,1,335,49,2033-W49,2033-11-27,49,2033-W49,2033-11-28,Non-Holiday,Weekday
2893,2033-12-02,2893,96,Friday,December,2033,2033-Dec,2,336,49,2033-W49,2033-11-27,49,2033-W49,2033-11-28,Non-Holiday,Weekday
2894,2033-12-03,2894,96,Saturday,December,2033,2033-Dec,3,337,49,2033-W49,2033-11-27,49,2033-W49,2033-11-28,Non-Holiday,Weekend
2895,2033-12-04,2895,96,Sunday,December,2033,2033-Dec,4,338,50,2033-W50,2033-11-27,49,2033-W49,2033-11-28,Non-Holiday,Weekend
2896,2033-12-05,2896,96,Monday,December,2033,2033-Dec,5,339,50,2033-W50,2033-12-04,50,2033-W50,2033-12-05,Non-Holiday,Weekday
2897,2033-12-06,2897,96,Tuesday,December,2033,2033-Dec,6,340,50,2033-W50,2033-12-04,50,2033-W50,2033-12-05,Non-Holiday,Weekday
2898,2033-12-07,2898,96,Wednesday,December,2033,2033-Dec,7,341,50,2033-W50,2033-12-04,50,2033-W50,2033-12-05,Non-Holiday,Weekday
2899,2033-12-08,2899,96,Thursday,December,2033,2033-Dec,8,342,50,2033-W50,2033-12-04,50,2033-W50,2033-12-05,Non-Holiday,Weekday
2900,2033-12-09,2900,96,Friday,December,2033,2033-Dec,9,343,50,2033-W50,2033-12-04,50,2033-W50,2033-12-05,Non-Holiday,Weekday
2901,2033-12-10,2901,96,Saturday,December,2033,2033-Dec,10,344,50,2033-W50,2033-12-04,50,2033-W50,2033-12-05,Non-Holiday,Weekend
2902,2033-12-11,2902,96,Sunday,December,2033,2033-Dec,11,345,51,2033-W51,2033-12-04,50,2033-W50,2033-12-05,Non-Holiday,Weekend
2903,2033-12-12,2903,96,Monday,December,2033,2033-Dec,12,346,51,2033-W51,2033-12-11,51,2033-W51,2033-12-12,Non-Holiday,Weekday
2904,2033-12-13,2904,96,Tuesday,December,2033,2033-Dec,13,347,51,2033-W51,2033-12-11,51,2033-W51,2033-12-12,Non-Holiday,Weekday
2905,2033-12-14,2905,96,Wednesday,December,2033,2033-Dec,14,348,51,2033-W51,2033-12-11,51,2033-W51,2033-12-12,Non-Holiday,Weekday
2906,2033-12-15,2906,96,Thursday,December,2033,2033-Dec,15,349,51,2033-W51,2033-12-11,51,2033-W51,2033-12-12,Non-Holiday,Weekday
2907,2033-12-16,2907,96,Friday,December,2033,2033-Dec,16,350,51,2033-W51,2033-12-11,51,2033-W51,2033-12-12,Non-Holiday,Weekday
2908,2033-12-17,2908,96,Saturday,December,2033,2033-Dec,17,351,51,2033-W51,2033-12-11,51,2033-W51,2033-12-12,Non-Holiday,Weekend
2909,2033-12-18,2909,96,Sunday,December,2033,2033-Dec,18,352,52,2033-W52,2033-12-11,51,2033-W51,2033-12-12,Non-Holiday,Weekend
2910,2033-12-19,2910,96,Monday,December,2033,2033-Dec,19,353,52,2033-W52,2033-12-18,52,2033-W52,2033-12-19,Non-Holiday,Weekday
2911,2033-12-20,2911,96,Tuesday,December,2033,2033-Dec,20,354,52,2033-W52,2033-12-18,52,2033-W52,2033-12-19,Non-Holiday,Weekday
2912,2033-12-21,2912,96,Wednesday,December,2033,2033-Dec,21,355,52,2033-W52,2033-12-18,52,2033-W52,2033-12-19,Non-Holiday,Weekday
2913,2033-12-22,2913,96,Thursday,December,2033,2033-Dec,22,356,52,2033-W52,2033-12-18,52,2033-W52,2033-12-19,Non-Holiday,Weekday
2914,2033-12-23,2914,96,Friday,December,2033,2033-Dec,23,357,52,2033-W52,2033-12-18,52,2033-W52,2033-12-19,Non-Holiday,Weekday
2915,2033-12-24,2915,96,Saturday,December,2033,2033-Dec,24,358,52,2033-W52,2033-12-18,52,2033-W52,2033-12-19,Non-Holiday,Weekend
2916,2033-12-25,2916,96,Sunday,December,2033,2033-Dec,25,359,53,2033-W53,2033-12-18,52,2033-W52,2033-12-19,Non-Holiday,Weekend
2917,2033-12-26,2917,96,Monday,December,2033,2033-Dec,26,360,53,2033-W53,2033-12-25,53,2033-W53,2033-12-26,Non-Holiday,Weekday
2918,2033-12-27,2918,96,Tuesday,December,2033,2033-Dec,27,361,53,2033-W53,2033-12-25,53,2033-W53,2033-12-26,Non-Holiday,Weekday
2919,2033-12-28,2919,96,Wednesday,December,2033,2033-Dec,28,362,53,2033-W53,2033-12-25,53,2033-W53,2033-12-26,Non-Holiday,Weekday
2920,2033-12-29,2920,96,Thursday,December,2033,2033-Dec,29,363,53,2033-W53,2033-12-25,53,2033-W53,2033-12-26,Non-Holiday,Weekday
2921,2033-12-30,2921,96,Friday,December,2033,2033-Dec,30,364,53,2033-W53,2033-12-25,53,2033-W53,2033-12-26,Non-Holiday,Weekday
2922,2033-12-31,2922,96,Saturday,December,2033,2033-Dec,31,365,53,2033-W53,2033-12-25,53,2033-W53,2033-12-26,Non-Holiday,Weekend
2923,2034-01-01,2923,97,Sunday,January,2034,2034-Jan,1,1,2,2034-W02,2033-12-25,1,2034-W01,2033-12-26,Non-Holiday,Weekend
2924,2034-01-02,2924,97,Monday,January,2034,2034-Jan,2,2,2,2034-W02,2034-01-01,2,2034-W02,2034-01-02,Non-Holiday,Weekday
2925,2034-01-03,2925,97,Tuesday,January,2034,2034-Jan,3,3,2,2034-W02,2034-01-01,2,2034-W02,2034-01-02,Non-Holiday,Weekday
2926,2034-01-04,2926,97,Wednesday,January,2034,2034-Jan,4,4,2,2034-W02,2034-01-01,2,2034-W02,2034-01-02,Non-Holiday,Weekday
2927,2034-01-05,2927,97,Thursday,January,2034,2034-Jan,5,5,2,2034-W02,2034-01-01,2,2034-W02,2034-01-02,Non-Holiday,Weekday
2928,2034-01-06,2928,97,Friday,January,2034,2034-Jan,6,6,2,2034-W02,2034-01-01,2,2034-W02,2034-01-02,Non-Holiday,Weekday
2929,2034-01-07,2929,97,Saturday,January,2034,2034-Jan,7,7,2,2034-W02,2034-01-01,2,2034-W02,2034-01-02,Non-Holiday,Weekend
2930,2034-01-08,2930,97,Sunday,January,2034,2034-Jan,8,8,3,2034-W03,2034-01-01,2,2034-W02,2034-01-02,Non-Holiday,Weekend
2931,2034-01-09,2931,97,Monday,January,2034,2034-Jan,9,9,3,2034-W03,2034-01-08,3,2034-W03,2034-01-09,Non-Holiday,Weekday
2932,2034-01-10,2932,97,Tuesday,January,2034,2034-Jan,10,10,3,2034-W03,2034-01-08,3,2034-W03,2034-01-09,Non-Holiday,Weekday
2933,2034-01-11,2933,97,Wednesday,January,2034,2034-Jan,11,11,3,2034-W03,2034-01-08,3,2034-W03,2034-01-09,Non-Holiday,Weekday
2934,2034-01-12,2934,97,Thursday,January,2034,2034-Jan,12,12,3,2034-W03,2034-01-08,3,2034-W03,2034-01-09,Non-Holiday,Weekday
2935,2034-01-13,2935,97,Friday,January,2034,2034-Jan,13,13,3,2034-W03,2034-01-08,3,2034-W03,2034-01-09,Non-Holiday,Weekday
2936,2034-01-14,2936,97,Saturday,January,2034,2034-Jan,14,14,3,2034-W03,2034-01-08,3,2034-W03,2034-01-09,Non-Holiday,Weekend
2937,2034-01-15,2937,97,Sunday,January,2034,2034-Jan,15,15,4,2034-W04,2034-01-08,3,2034-W03,2034-01-09,Non-Holiday,Weekend
2938,2034-01-16,2938,97,Monday,January,2034,2034-Jan,16,16,4,2034-W04,2034-01-15,4,2034-W04,2034-01-16,Non-Holiday,Weekday
2939,2034-01-17,2939,97,Tuesday,January,2034,2034-Jan,17,17,4,2034-W04,2034-01-15,4,2034-W04,2034-01-16,Non-Holiday,Weekday
2940,2034-01-18,2940,97,Wednesday,January,2034,2034-Jan,18,18,4,2034-W04,2034-01-15,4,2034-W04,2034-01-16,Non-Holiday,Weekday
2941,2034-01-19,2941,97,Thursday,January,2034,2034-Jan,19,19,4,2034-W04,2034-01-15,4,2034-W04,2034-01-16,Non-Holiday,Weekday
2942,2034-01-20,2942,97,Friday,January,2034,2034-Jan,20,20,4,2034-W04,2034-01-15,4,2034-W04,2034-01-16,Non-Holiday,Weekday
2943,2034-01-21,2943,97,Saturday,January,2034,2034-Jan,21,21,4,2034-W04,2034-01-15,4,2034-W04,2034-01-16,Non-Holiday,Weekend
2944,2034-01-22,2944,97,Sunday,January,2034,2034-Jan,22,22,5,2034-W05,2034-01-15,4,2034-W04,2034-01-16,Non-Holiday,Weekend
2945,2034-01-23,2945,97,Monday,January,2034,2034-Jan,23,23,5,2034-W05,2034-01-22,5,2034-W05,2034-01-23,Non-Holiday,Weekday
2946,2034-01-24,2946,97,Tuesday,January,2034,2034-Jan,24,24,5,2034-W05,2034-01-22,5,2034-W05,2034-01-23,Non-Holiday,Weekday
2947,2034-01-25,2947,97,Wednesday,January,2034,2034-Jan,25,25,5,2034-W05,2034-01-22,5,2034-W05,2034-01-23,Non-Holiday,Weekday
2948,2034-01-26,2948,97,Thursday,January,2034,2034-Jan,26,26,5,2034-W05,2034-01-22,5,2034-W05,2034-01-23,Non-Holiday,Weekday
2949,2034-01-27,2949,97,Friday,January,2034,2034-Jan,27,27,5,2034-W05,2034-01-22,5,2034-W05,2034-01-23,Non-Holiday,Weekday
2950,2034-01-28,2950,97,Saturday,January,2034,2034-Jan,28,28,5,2034-W05,2034-01-22,5,2034-W05,2034-01-23,Non-Holiday,Weekend
2951,2034-01-29,2951,97,Sunday,January,2034,2034-Jan,29,29,6,2034-W06,2034-01-22,5,2034-W05,2034-01-23,Non-Holiday,Weekend
2952,2034-01-30,2952,97,Monday,January,2034,2034-Jan,30,30,6,2034-W06,2034-01-29,6,2034-W06,2034-01-30,Non-Holiday,Weekday
2953,2034-01-31,2953,97,Tuesday,January,2034,2034-Jan,31,31,6,2034-W06,2034-01-29,6,2034-W06,2034-01-30,Non-Holiday,Weekday
2954,2034-02-01,2954,98,Wednesday,February,2034,2034-Feb,1,32,6,2034-W06,2034-01-29,6,2034-W06,2034-01-30,Non-Holiday,Weekday
2955,2034-02-02,2955,98,Thursday,February,2034,2034-Feb,2,33,6,2034-W06,2034-01-29,6,2034-W06,2034-01-30,Non-Holiday,Weekday
2956,2034-02-03,2956,98,Friday,February,2034,2034-Feb,3,34,6,2034-W06,2034-01-29,6,2034-W06,2034-01-30,Non-Holiday,Weekday
2957,2034-02-04,2957,98,Saturday,February,2034,2034-Feb,4,35,6,2034-W06,2034-01-29,6,2034-W06,2034-01-30,Non-Holiday,Weekend
2958,2034-02-05,2958,98,Sunday,February,2034,2034-Feb,5,36,7,2034-W07,2034-01-29,6,2034-W06,2034-01-30,Non-Holiday,Weekend
2959,2034-02-06,2959,98,Monday,February,2034,2034-Feb,6,37,7,2034-W07,2034-02-05,7,2034-W07,2034-02-06,Non-Holiday,Weekday
2960,2034-02-07,2960,98,Tuesday,February,2034,2034-Feb,7,38,7,2034-W07,2034-02-05,7,2034-W07,2034-02-06,Non-Holiday,Weekday
2961,2034-02-08,2961,98,Wednesday,February,2034,2034-Feb,8,39,7,2034-W07,2034-02-05,7,2034-W07,2034-02-06,Non-Holiday,Weekday
2962,2034-02-09,2962,98,Thursday,February,2034,2034-Feb,9,40,7,2034-W07,2034-02-05,7,2034-W07,2034-02-06,Non-Holiday,Weekday
2963,2034-02-10,2963,98,Friday,February,2034,2034-Feb,10,41,7,2034-W07,2034-02-05,7,2034-W07,2034-02-06,Non-Holiday,Weekday
2964,2034-02-11,2964,98,Saturday,February,2034,2034-Feb,11,42,7,2034-W07,2034-02-05,7,2034-W07,2034-02-06,Non-Holiday,Weekend
2965,2034-02-12,2965,98,Sunday,February,2034,2034-Feb,12,43,8,2034-W08,2034-02-05,7,2034-W07,2034-02-06,Non-Holiday,Weekend
2966,2034-02-13,2966,98,Monday,February,2034,2034-Feb,13,44,8,2034-W08,2034-02-12,8,2034-W08,2034-02-13,Non-Holiday,Weekday
2967,2034-02-14,2967,98,Tuesday,February,2034,2034-Feb,14,45,8,2034-W08,2034-02-12,8,2034-W08,2034-02-13,Non-Holiday,Weekday
2968,2034-02-15,2968,98,Wednesday,February,2034,2034-Feb,15,46,8,2034-W08,2034-02-12,8,2034-W08,2034-02-13,Non-Holiday,Weekday
2969,2034-02-16,2969,98,Thursday,February,2034,2034-Feb,16,47,8,2034-W08,2034-02-12,8,2034-W08,2034-02-13,Non-Holiday,Weekday
2970,2034-02-17,2970,98,Friday,February,2034,2034-Feb,17,48,8,2034-W08,2034-02-12,8,2034-W08,2034-02-13,Non-Holiday,Weekday
2971,2034-02-18,2971,98,Saturday,February,2034,2034-Feb,18,49,8,2034-W08,2034-02-12,8,2034-W08,2034-02-13,Non-Holiday,Weekend
2972,2034-02-19,2972,98,Sunday,February,2034,2034-Feb,19,50,9,2034-W09,2034-02-12,8,2034-W08,2034-02-13,Non-Holiday,Weekend
2973,2034-02-20,2973,98,Monday,February,2034,2034-Feb,20,51,9,2034-W09,2034-02-19,9,2034-W09,2034-02-20,Non-Holiday,Weekday
2974,2034-02-21,2974,98,Tuesday,February,2034,2034-Feb,21,52,9,2034-W09,2034-02-19,9,2034-W09,2034-02-20,Non-Holiday,Weekday
2975,2034-02-22,2975,98,Wednesday,February,2034,2034-Feb,22,53,9,2034-W09,2034-02-19,9,2034-W09,2034-02-20,Non-Holiday,Weekday
2976,2034-02-23,2976,98,Thursday,February,2034,2034-Feb,23,54,9,2034-W09,2034-02-19,9,2034-W09,2034-02-20,Non-Holiday,Weekday
2977,2034-02-24,2977,98,Friday,February,2034,2034-Feb,24,55,9,2034-W09,2034-02-19,9,2034-W09,2034-02-20,Non-Holiday,Weekday
2978,2034-02-25,2978,98,Saturday,February,2034,2034-Feb,25,56,9,2034-W09,2034-02-19,9,2034-W09,2034-02-20,Non-Holiday,Weekend
2979,2034-02-26,2979,98,Sunday,February,2034,2034-Feb,26,57,10,2034-W10,2034-02-19,9,2034-W09,2034-02-20,Non-Holiday,Weekend
2980,2034-02-27,2980,98,Monday,February,2034,2034-Feb,27,58,10,2034-W10,2034-02-26,10,2034-W10,2034-02-27,Non-Holiday,Weekday
2981,2034-02-28,2981,98,Tuesday,February,2034,2034-Feb,28,59,10,2034-W10,2034-02-26,10,2034-W10,2034-02-27,Non-Holiday,Weekday
2982,2034-03-01,2982,99,Wednesday,March,2034,2034-Mar,1,60,10,2034-W10,2034-02-26,10,2034-W10,2034-02-27,Non-Holiday,Weekday
2983,2034-03-02,2983,99,Thursday,March,2034,2034-Mar,2,61,10,2034-W10,2034-02-26,10,2034-W10,2034-02-27,Non-Holiday,Weekday
2984,2034-03-03,2984,99,Friday,March,2034,2034-Mar,3,62,10,2034-W10,2034-02-26,10,2034-W10,2034-02-27,Non-Holiday,Weekday
2985,2034-03-04,2985,99,Saturday,March,2034,2034-Mar,4,63,10,2034-W10,2034-02-26,10,2034-W10,2034-02-27,Non-Holiday,Weekend
2986,2034-03-05,2986,99,Sunday,March,2034,2034-Mar,5,64,11,2034-W11,2034-02-26,10,2034-W10,2034-02-27,Non-Holiday,Weekend
2987,2034-03-06,2987,99,Monday,March,2034,2034-Mar,6,65,11,2034-W11,2034-03-05,11,2034-W11,2034-03-06,Non-Holiday,Weekday
2988,2034-03-07,2988,99,Tuesday,March,2034,2034-Mar,7,66,11,2034-W11,2034-03-05,11,2034-W11,2034-03-06,Non-Holiday,Weekday
2989,2034-03-08,2989,99,Wednesday,March,2034,2034-Mar,8,67,11,2034-W11,2034-03-05,11,2034-W11,2034-03-06,Non-Holiday,Weekday
2990,2034-03-09,2990,99,Thursday,March,2034,2034-Mar,9,68,11,2034-W11,2034-03-05,11,2034-W11,2034-03-06,Non-Holiday,Weekday
2991,2034-03-10,2991,99,Friday,March,2034,2034-Mar,10,69,11,2034-W11,2034-03-05,11,2034-W11,2034-03-06,Non-Holiday,Weekday
2992,2034-03-11,2992,99,Saturday,March,2034,2034-Mar,11,70,11,2034-W11,2034-03-05,11,2034-W11,2034-03-06,Non-Holiday,Weekend
2993,2034-03-12,2993,99,Sunday,March,2034,2034-Mar,12,71,12,2034-W12,2034-03-05,11,2034-W11,2034-03-06,Non-Holiday,Weekend
2994,2034-03-13,2994,99,Monday,March,2034,2034-Mar,13,72,12,2034-W12,2034-03-12,12,2034-W12,2034-03-13,Non-Holiday,Weekday
2995,2034-03-14,2995,99,Tuesday,March,2034,2034-Mar,14,73,12,2034-W12,2034-03-12,12,2034-W12,2034-03-13,Non-Holiday,Weekday
2996,2034-03-15,2996,99,Wednesday,March,2034,2034-Mar,15,74,12,2034-W12,2034-03-12,12,2034-W12,2034-03-13,Non-Holiday,Weekday
2997,2034-03-16,2997,99,Thursday,March,2034,2034-Mar,16,75,12,2034-W12,2034-03-12,12,2034-W12,2034-03-13,Non-Holiday,Weekday
2998,2034-03-17,2998,99,Friday,March,2034,2034-Mar,17,76,12,2034-W12,2034-03-12,12,2034-W12,2034-03-13,Non-Holiday,Weekday
2999,2034-03-18,2999,99,Saturday,March,2034,2034-Mar,18,77,12,2034-W12,2034-03-12,12,2034-W12,2034-03-13,Non-Holiday,Weekend
3000,2034-03-19,3000,99,Sunday,March,2034,2034-Mar,19,78,13,2034-W13,2034-03-12,12,2034-W12,2034-03-13,Non-Holiday,Weekend
3001,2034-03-20,3001,99,Monday,March,2034,2034-Mar,20,79,13,2034-W13,2034-03-19,13,2034-W13,2034-03-20,Non-Holiday,Weekday
3002,2034-03-21,3002,99,Tuesday,March,2034,2034-Mar,21,80,13,2034-W13,2034-03-19,13,2034-W13,2034-03-20,Non-Holiday,Weekday
3003,2034-03-22,3003,99,Wednesday,March,2034,2034-Mar,22,81,13,2034-W13,2034-03-19,13,2034-W13,2034-03-20,Non-Holiday,Weekday
3004,2034-03-23,3004,99,Thursday,March,2034,2034-Mar,23,82,13,2034-W13,2034-03-19,13,2034-W13,2034-03-20,Non-Holiday,Weekday
3005,2034-03-24,3005,99,Friday,March,2034,2034-Mar,24,83,13,2034-W13,2034-03-19,13,2034-W13,2034-03-20,Non-Holiday,Weekday
3006,2034-03-25,3006,99,Saturday,March,2034,2034-Mar,25,84,13,2034-W13,2034-03-19,13,2034-W13,2034-03-20,Non-Holiday,Weekend
3007,2034-03-26,3007,99,Sunday,March,2034,2034-Mar,26,85,14,2034-W14,2034-03-19,13,2034-W13,2034-03-20,Non-Holiday,Weekend
3008,2034-03-27,3008,99,Monday,March,2034,2034-Mar,27,86,14,2034-W14,2034-03-26,14,2034-W14,2034-03-27,Non-Holiday,Weekday
3009,2034-03-28,3009,99,Tuesday,March,2034,2034-Mar,28,87,14,2034-W14,2034-03-26,14,2034-W14,2034-03-27,Non-Holiday,Weekday
3010,2034-03-29,3010,99,Wednesday,March,2034,2034-Mar,29,88,14,2034-W14,2034-03-26,14,2034-W14,2034-03-27,Non-Holiday,Weekday
3011,2034-03-30,3011,99,Thursday,March,2034,2034-Mar,30,89,14,2034-W14,2034-03-26,14,2034-W14,2034-03-27,Non-Holiday,Weekday
3012,2034-03-31,3012,99,Friday,March,2034,2034-Mar,31,90,14,2034-W14,2034-03-26,14,2034-W14,2034-03-27,Non-Holiday,Weekday
3013,2034-04-01,3013,100,Saturday,April,2034,2034-Apr,1,91,14,2034-W14,2034-03-26,14,2034-W14,2034-03-27,Non-Holiday,Weekend
3014,2034-04-02,3014,100,Sunday,April,2034,2034-Apr,2,92,15,2034-W15,2034-03-26,14,2034-W14,2034-03-27,Non-Holiday,Weekend
3015,2034-04-03,3015,100,Monday,April,2034,2034-Apr,3,93,15,2034-W15,2034-04-02,15,2034-W15,2034-04-03,Non-Holiday,Weekday
3016,2034-04-04,3016,100,Tuesday,April,2034,2034-Apr,4,94,15,2034-W15,2034-04-02,15,2034-W15,2034-04-03,Non-Holiday,Weekday
3017,2034-04-05,3017,100,Wednesday,April,2034,2034-Apr,5,95,15,2034-W15,2034-04-02,15,2034-W15,2034-04-03,Non-Holiday,Weekday
3018,2034-04-06,3018,100,Thursday,April,2034,2034-Apr,6,96,15,2034-W15,2034-04-02,15,2034-W15,2034-04-03,Non-Holiday,Weekday
3019,2034-04-07,3019,100,Friday,April,2034,2034-Apr,7,97,15,2034-W15,2034-04-02,15,2034-W15,2034-04-03,Non-Holiday,Weekday
3020,2034-04-08,3020,100,Saturday,April,2034,2034-Apr,8,98,15,2034-W15,2034-04-02,15,2034-W15,2034-04-03,Non-Holiday,Weekend
3021,2034-04-09,3021,100,Sunday,April,2034,2034-Apr,9,99,16,2034-W16,2034-04-02,15,2034-W15,2034-04-03,Non-Holiday,Weekend
3022,2034-04-10,3022,100,Monday,April,2034,2034-Apr,10,100,16,2034-W16,2034-04-09,16,2034-W16,2034-04-10,Non-Holiday,Weekday
3023,2034-04-11,3023,100,Tuesday,April,2034,2034-Apr,11,101,16,2034-W16,2034-04-09,16,2034-W16,2034-04-10,Non-Holiday,Weekday
3024,2034-04-12,3024,100,Wednesday,April,2034,2034-Apr,12,102,16,2034-W16,2034-04-09,16,2034-W16,2034-04-10,Non-Holiday,Weekday
3025,2034-04-13,3025,100,Thursday,April,2034,2034-Apr,13,103,16,2034-W16,2034-04-09,16,2034-W16,2034-04-10,Non-Holiday,Weekday
3026,2034-04-14,3026,100,Friday,April,2034,2034-Apr,14,104,16,2034-W16,2034-04-09,16,2034-W16,2034-04-10,Non-Holiday,Weekday
3027,2034-04-15,3027,100,Saturday,April,2034,2034-Apr,15,105,16,2034-W16,2034-04-09,16,2034-W16,2034-04-10,Non-Holiday,Weekend
3028,2034-04-16,3028,100,Sunday,April,2034,2034-Apr,16,106,17,2034-W17,2034-04-09,16,2034-W16,2034-04-10,Non-Holiday,Weekend
3029,2034-04-17,3029,100,Monday,April,2034,2034-Apr,17,107,17,2034-W17,2034-04-16,17,2034-W17,2034-04-17,Non-Holiday,Weekday
3030,2034-04-18,3030,100,Tuesday,April,2034,2034-Apr,18,108,17,2034-W17,2034-04-16,17,2034-W17,2034-04-17,Non-Holiday,Weekday
3031,2034-04-19,3031,100,Wednesday,April,2034,2034-Apr,19,109,17,2034-W17,2034-04-16,17,2034-W17,2034-04-17,Non-Holiday,Weekday
3032,2034-04-20,3032,100,Thursday,April,2034,2034-Apr,20,110,17,2034-W17,2034-04-16,17,2034-W17,2034-04-17,Non-Holiday,Weekday
3033,2034-04-21,3033,100,Friday,April,2034,2034-Apr,21,111,17,2034-W17,2034-04-16,17,2034-W17,2034-04-17,Non-Holiday,Weekday
3034,2034-04-22,3034,100,Saturday,April,2034,2034-Apr,22,112,17,2034-W17,2034-04-16,17,2034-W17,2034-04-17,Non-Holiday,Weekend
3035,2034-04-23,3035,100,Sunday,April,2034,2034-Apr,23,113,18,2034-W18,2034-04-16,17,2034-W17,2034-04-17,Non-Holiday,Weekend
3036,2034-04-24,3036,100,Monday,April,2034,2034-Apr,24,114,18,2034-W18,2034-04-23,18,2034-W18,2034-04-24,Non-Holiday,Weekday
3037,2034-04-25,3037,100,Tuesday,April,2034,2034-Apr,25,115,18,2034-W18,2034-04-23,18,2034-W18,2034-04-24,Non-Holiday,Weekday
3038,2034-04-26,3038,100,Wednesday,April,2034,2034-Apr,26,116,18,2034-W18,2034-04-23,18,2034-W18,2034-04-24,Non-Holiday,Weekday
3039,2034-04-27,3039,100,Thursday,April,2034,2034-Apr,27,117,18,2034-W18,2034-04-23,18,2034-W18,2034-04-24,Non-Holiday,Weekday
3040,2034-04-28,3040,100,Friday,April,2034,2034-Apr,28,118,18,2034-W18,2034-04-23,18,2034-W18,2034-04-24,Non-Holiday,Weekday
3041,2034-04-29,3041,100,Saturday,April,2034,2034-Apr,29,119,18,2034-W18,2034-04-23,18,2034-W18,2034-04-24,Non-Holiday,Weekend
3042,2034-04-30,3042,100,Sunday,April,2034,2034-Apr,30,120,19,2034-W19,2034-04-23,18,2034-W18,2034-04-24,Non-Holiday,Weekend
3043,2034-05-01,3043,101,Monday,May,2034,2034-May,1,121,19,2034-W19,2034-04-30,19,2034-W19,2034-05-01,Non-Holiday,Weekday
3044,2034-05-02,3044,101,Tuesday,May,2034,2034-May,2,122,19,2034-W19,2034-04-30,19,2034-W19,2034-05-01,Non-Holiday,Weekday
3045,2034-05-03,3045,101,Wednesday,May,2034,2034-May,3,123,19,2034-W19,2034-04-30,19,2034-W19,2034-05-01,Non-Holiday,Weekday
3046,2034-05-04,3046,101,Thursday,May,2034,2034-May,4,124,19,2034-W19,2034-04-30,19,2034-W19,2034-05-01,Non-Holiday,Weekday
3047,2034-05-05,3047,101,Friday,May,2034,2034-May,5,125,19,2034-W19,2034-04-30,19,2034-W19,2034-05-01,Non-Holiday,Weekday
3048,2034-05-06,3048,101,Saturday,May,2034,2034-May,6,126,19,2034-W19,2034-04-30,19,2034-W19,2034-05-01,Non-Holiday,Weekend
3049,2034-05-07,3049,101,Sunday,May,2034,2034-May,7,127,20,2034-W20,2034-04-30,19,2034-W19,2034-05-01,Non-Holiday,Weekend
3050,2034-05-08,3050,101,Monday,May,2034,2034-May,8,128,20,2034-W20,2034-05-07,20,2034-W20,2034-05-08,Non-Holiday,Weekday
3051,2034-05-09,3051,101,Tuesday,May,2034,2034-May,9,129,20,2034-W20,2034-05-07,20,2034-W20,2034-05-08,Non-Holiday,Weekday
3052,2034-05-10,3052,101,Wednesday,May,2034,2034-May,10,130,20,2034-W20,2034-05-07,20,2034-W20,2034-05-08,Non-Holiday,Weekday
3053,2034-05-11,3053,101,Thursday,May,2034,2034-May,11,131,20,2034-W20,2034-05-07,20,2034-W20,2034-05-08,Non-Holiday,Weekday
3054,2034-05-12,3054,101,Friday,May,2034,2034-May,12,132,20,2034-W20,2034-05-07,20,2034-W20,2034-05-08,Non-Holiday,Weekday
3055,2034-05-13,3055,101,Saturday,May,2034,2034-May,13,133,20,2034-W20,2034-05-07,20,2034-W20,2034-05-08,Non-Holiday,Weekend
3056,2034-05-14,3056,101,Sunday,May,2034,2034-May,14,134,21,2034-W21,2034-05-07,20,2034-W20,2034-05-08,Non-Holiday,Weekend
3057,2034-05-15,3057,101,Monday,May,2034,2034-May,15,135,21,2034-W21,2034-05-14,21,2034-W21,2034-05-15,Non-Holiday,Weekday
3058,2034-05-16,3058,101,Tuesday,May,2034,2034-May,16,136,21,2034-W21,2034-05-14,21,2034-W21,2034-05-15,Non-Holiday,Weekday
3059,2034-05-17,3059,101,Wednesday,May,2034,2034-May,17,137,21,2034-W21,2034-05-14,21,2034-W21,2034-05-15,Non-Holiday,Weekday
3060,2034-05-18,3060,101,Thursday,May,2034,2034-May,18,138,21,2034-W21,2034-05-14,21,2034-W21,2034-05-15,Non-Holiday,Weekday
3061,2034-05-19,3061,101,Friday,May,2034,2034-May,19,139,21,2034-W21,2034-05-14,21,2034-W21,2034-05-15,Non-Holiday,Weekday
3062,2034-05-20,3062,101,Saturday,May,2034,2034-May,20,140,21,2034-W21,2034-05-14,21,2034-W21,2034-05-15,Non-Holiday,Weekend
3063,2034-05-21,3063,101,Sunday,May,2034,2034-May,21,141,22,2034-W22,2034-05-14,21,2034-W21,2034-05-15,Non-Holiday,Weekend
3064,2034-05-22,3064,101,Monday,May,2034,2034-May,22,142,22,2034-W22,2034-05-21,22,2034-W22,2034-05-22,Non-Holiday,Weekday
3065,2034-05-23,3065,101,Tuesday,May,2034,2034-May,23,143,22,2034-W22,2034-05-21,22,2034-W22,2034-05-22,Non-Holiday,Weekday
3066,2034-05-24,3066,101,Wednesday,May,2034,2034-May,24,144,22,2034-W22,2034-05-21,22,2034-W22,2034-05-22,Non-Holiday,Weekday
3067,2034-05-25,3067,101,Thursday,May,2034,2034-May,25,145,22,2034-W22,2034-05-21,22,2034-W22,2034-05-22,Non-Holiday,Weekday
3068,2034-05-26,3068,101,Friday,May,2034,2034-May,26,146,22,2034-W22,2034-05-21,22,2034-W22,2034-05-22,Non-Holiday,Weekday
3069,2034-05-27,3069,101,Saturday,May,2034,2034-May,27,147,22,2034-W22,2034-05-21,22,2034-W22,2034-05-22,Non-Holiday,Weekend
3070,2034-05-28,3070,101,Sunday,May,2034,2034-May,28,148,23,2034-W23,2034-05-21,22,2034-W22,2034-05-22,Non-Holiday,Weekend
3071,2034-05-29,3071,101,Monday,May,2034,2034-May,29,149,23,2034-W23,2034-05-28,23,2034-W23,2034-05-29,Non-Holiday,Weekday
3072,2034-05-30,3072,101,Tuesday,May,2034,2034-May,30,150,23,2034-W23,2034-05-28,23,2034-W23,2034-05-29,Non-Holiday,Weekday
3073,2034-05-31,3073,101,Wednesday,May,2034,2034-May,31,151,23,2034-W23,2034-05-28,23,2034-W23,2034-05-29,Non-Holiday,Weekday
3074,2034-06-01,3074,102,Thursday,June,2034,2034-Jun,1,152,23,2034-W23,2034-05-28,23,2034-W23,2034-05-29,Non-Holiday,Weekday
3075,2034-06-02,3075,102,Friday,June,2034,2034-Jun,2,153,23,2034-W23,2034-05-28,23,2034-W23,2034-05-29,Non-Holiday,Weekday
3076,2034-06-03,3076,102,Saturday,June,2034,2034-Jun,3,154,23,2034-W23,2034-05-28,23,2034-W23,2034-05-29,Non-Holiday,Weekend
3077,2034-06-04,3077,102,Sunday,June,2034,2034-Jun,4,155,24,2034-W24,2034-05-28,23,2034-W23,2034-05-29,Non-Holiday,Weekend
3078,2034-06-05,3078,102,Monday,June,2034,2034-Jun,5,156,24,2034-W24,2034-06-04,24,2034-W24,2034-06-05,Non-Holiday,Weekday
3079,2034-06-06,3079,102,Tuesday,June,2034,2034-Jun,6,157,24,2034-W24,2034-06-04,24,2034-W24,2034-06-05,Non-Holiday,Weekday
3080,2034-06-07,3080,102,Wednesday,June,2034,2034-Jun,7,158,24,2034-W24,2034-06-04,24,2034-W24,2034-06-05,Non-Holiday,Weekday
3081,2034-06-08,3081,102,Thursday,June,2034,2034-Jun,8,159,24,2034-W24,2034-06-04,24,2034-W24,2034-06-05,Non-Holiday,Weekday
3082,2034-06-09,3082,102,Friday,June,2034,2034-Jun,9,160,24,2034-W24,2034-06-04,24,2034-W24,2034-06-05,Non-Holiday,Weekday
3083,2034-06-10,3083,102,Saturday,June,2034,2034-Jun,10,161,24,2034-W24,2034-06-04,24,2034-W24,2034-06-05,Non-Holiday,Weekend
3084,2034-06-11,3084,102,Sunday,June,2034,2034-Jun,11,162,25,2034-W25,2034-06-04,24,2034-W24,2034-06-05,Non-Holiday,Weekend
3085,2034-06-12,3085,102,Monday,June,2034,2034-Jun,12,163,25,2034-W25,2034-06-11,25,2034-W25,2034-06-12,Non-Holiday,Weekday
3086,2034-06-13,3086,102,Tuesday,June,2034,2034-Jun,13,164,25,2034-W25,2034-06-11,25,2034-W25,2034-06-12,Non-Holiday,Weekday
3087,2034-06-14,3087,102,Wednesday,June,2034,2034-Jun,14,165,25,2034-W25,2034-06-11,25,2034-W25,2034-06-12,Non-Holiday,Weekday
3088,2034-06-15,3088,102,Thursday,June,2034,2034-Jun,15,166,25,2034-W25,2034-06-11,25,2034-W25,2034-06-12,Non-Holiday,Weekday
3089,2034-06-16,3089,102,Friday,June,2034,2034-Jun,16,167,25,2034-W25,2034-06-11,25,2034-W25,2034-06-12,Non-Holiday,Weekday
3090,2034-06-17,3090,102,Saturday,June,2034,2034-Jun,17,168,25,2034-W25,2034-06-11,25,2034-W25,2034-06-12,Non-Holiday,Weekend
3091,2034-06-18,3091,102,Sunday,June,2034,2034-Jun,18,169,26,2034-W26,2034-06-11,25,2034-W25,2034-06-12,Non-Holiday,Weekend
3092,2034-06-19,3092,102,Monday,June,2034,2034-Jun,19,170,26,2034-W26,2034-06-18,26,2034-W26,2034-06-19,Non-Holiday,Weekday
3093,2034-06-20,3093,102,Tuesday,June,2034,2034-Jun,20,171,26,2034-W26,2034-06-18,26,2034-W26,2034-06-19,Non-Holiday,Weekday
3094,2034-06-21,3094,102,Wednesday,June,2034,2034-Jun,21,172,26,2034-W26,2034-06-18,26,2034-W26,2034-06-19,Non-Holiday,Weekday
3095,2034-06-22,3095,102,Thursday,June,2034,2034-Jun,22,173,26,2034-W26,2034-06-18,26,2034-W26,2034-06-19,Non-Holiday,Weekday
3096,2034-06-23,3096,102,Friday,June,2034,2034-Jun,23,174,26,2034-W26,2034-06-18,26,2034-W26,2034-06-19,Non-Holiday,Weekday
3097,2034-06-24,3097,102,Saturday,June,2034,2034-Jun,24,175,26,2034-W26,2034-06-18,26,2034-W26,2034-06-19,Non-Holiday,Weekend
3098,2034-06-25,3098,102,Sunday,June,2034,2034-Jun,25,176,27,2034-W27,2034-06-18,26,2034-W26,2034-06-19,Non-Holiday,Weekend
3099,2034-06-26,3099,102,Monday,June,2034,2034-Jun,26,177,27,2034-W27,2034-06-25,27,2034-W27,2034-06-26,Non-Holiday,Weekday
3100,2034-06-27,3100,102,Tuesday,June,2034,2034-Jun,27,178,27,2034-W27,2034-06-25,27,2034-W27,2034-06-26,Non-Holiday,Weekday
3101,2034-06-28,3101,102,Wednesday,June,2034,2034-Jun,28,179,27,2034-W27,2034-06-25,27,2034-W27,2034-06-26,Non-Holiday,Weekday
3102,2034-06-29,3102,102,Thursday,June,2034,2034-Jun,29,180,27,2034-W27,2034-06-25,27,2034-W27,2034-06-26,Non-Holiday,Weekday
3103,2034-06-30,3103,102,Friday,June,2034,2034-Jun,30,181,27,2034-W27,2034-06-25,27,2034-W27,2034-06-26,Non-Holiday,Weekday
3104,2034-07-01,3104,103,Saturday,July,2034,2034-Jul,1,182,27,2034-W27,2034-06-25,27,2034-W27,2034-06-26,Non-Holiday,Weekend
3105,2034-07-02,3105,103,Sunday,July,2034,2034-Jul,2,183,28,2034-W28,2034-06-25,27,2034-W27,2034-06-26,Non-Holiday,Weekend
3106,2034-07-03,3106,103,Monday,July,2034,2034-Jul,3,184,28,2034-W28,2034-07-02,28,2034-W28,2034-07-03,Non-Holiday,Weekday
3107,2034-07-04,3107,103,Tuesday,July,2034,2034-Jul,4,185,28,2034-W28,2034-07-02,28,2034-W28,2034-07-03,Non-Holiday,Weekday
3108,2034-07-05,3108,103,Wednesday,July,2034,2034-Jul,5,186,28,2034-W28,2034-07-02,28,2034-W28,2034-07-03,Non-Holiday,Weekday
3109,2034-07-06,3109,103,Thursday,July,2034,2034-Jul,6,187,28,2034-W28,2034-07-02,28,2034-W28,2034-07-03,Non-Holiday,Weekday
3110,2034-07-07,3110,103,Friday,July,2034,2034-Jul,7,188,28,2034-W28,2034-07-02,28,2034-W28,2034-07-03,Non-Holiday,Weekday
3111,2034-07-08,3111,103,Saturday,July,2034,2034-Jul,8,189,28,2034-W28,2034-07-02,28,2034-W28,2034-07-03,Non-Holiday,Weekend
3112,2034-07-09,3112,103,Sunday,July,2034,2034-Jul,9,190,29,2034-W29,2034-07-02,28,2034-W28,2034-07-03,Non-Holiday,Weekend
3113,2034-07-10,3113,103,Monday,July,2034,2034-Jul,10,191,29,2034-W29,2034-07-09,29,2034-W29,2034-07-10,Non-Holiday,Weekday
3114,2034-07-11,3114,103,Tuesday,July,2034,2034-Jul,11,192,29,2034-W29,2034-07-09,29,2034-W29,2034-07-10,Non-Holiday,Weekday
3115,2034-07-12,3115,103,Wednesday,July,2034,2034-Jul,12,193,29,2034-W29,2034-07-09,29,2034-W29,2034-07-10,Non-Holiday,Weekday
3116,2034-07-13,3116,103,Thursday,July,2034,2034-Jul,13,194,29,2034-W29,2034-07-09,29,2034-W29,2034-07-10,Non-Holiday,Weekday
3117,2034-07-14,3117,103,Friday,July,2034,2034-Jul,14,195,29,2034-W29,2034-07-09,29,2034-W29,2034-07-10,Non-Holiday,Weekday
3118,2034-07-15,3118,103,Saturday,July,2034,2034-Jul,15,196,29,2034-W29,2034-07-09,29,2034-W29,2034-07-10,Non-Holiday,Weekend
3119,2034-07-16,3119,103,Sunday,July,2034,2034-Jul,16,197,30,2034-W30,2034-07-09,29,2034-W29,2034-07-10,Non-Holiday,Weekend
3120,2034-07-17,3120,103,Monday,July,2034,2034-Jul,17,198,30,2034-W30,2034-07-16,30,2034-W30,2034-07-17,Non-Holiday,Weekday
3121,2034-07-18,3121,103,Tuesday,July,2034,2034-Jul,18,199,30,2034-W30,2034-07-16,30,2034-W30,2034-07-17,Non-Holiday,Weekday
3122,2034-07-19,3122,103,Wednesday,July,2034,2034-Jul,19,200,30,2034-W30,2034-07-16,30,2034-W30,2034-07-17,Non-Holiday,Weekday
3123,2034-07-20,3123,103,Thursday,July,2034,2034-Jul,20,201,30,2034-W30,2034-07-16,30,2034-W30,2034-07-17,Non-Holiday,Weekday
3124,2034-07-21,3124,103,Friday,July,2034,2034-Jul,21,202,30,2034-W30,2034-07-16,30,2034-W30,2034-07-17,Non-Holiday,Weekday
3125,2034-07-22,3125,103,Saturday,July,2034,2034-Jul,22,203,30,2034-W30,2034-07-16,30,2034-W30,2034-07-17,Non-Holiday,Weekend
3126,2034-07-23,3126,103,Sunday,July,2034,2034-Jul,23,204,31,2034-W31,2034-07-16,30,2034-W30,2034-07-17,Non-Holiday,Weekend
3127,2034-07-24,3127,103,Monday,July,2034,2034-Jul,24,205,31,2034-W31,2034-07-23,31,2034-W31,2034-07-24,Non-Holiday,Weekday
3128,2034-07-25,3128,103,Tuesday,July,2034,2034-Jul,25,206,31,2034-W31,2034-07-23,31,2034-W31,2034-07-24,Non-Holiday,Weekday
3129,2034-07-26,3129,103,Wednesday,July,2034,2034-Jul,26,207,31,2034-W31,2034-07-23,31,2034-W31,2034-07-24,Non-Holiday,Weekday
3130,2034-07-27,3130,103,Thursday,July,2034,2034-Jul,27,208,31,2034-W31,2034-07-23,31,2034-W31,2034-07-24,Non-Holiday,Weekday
3131,2034-07-28,3131,103,Friday,July,2034,2034-Jul,28,209,31,2034-W31,2034-07-23,31,2034-W31,2034-07-24,Non-Holiday,Weekday
3132,2034-07-29,3132,103,Saturday,July,2034,2034-Jul,29,210,31,2034-W31,2034-07-23,31,2034-W31,2034-07-24,Non-Holiday,Weekend
3133,2034-07-30,3133,103,Sunday,July,2034,2034-Jul,30,211,32,2034-W32,2034-07-23,31,2034-W31,2034-07-24,Non-Holiday,Weekend
3134,2034-07-31,3134,103,Monday,July,2034,2034-Jul,31,212,32,2034-W32,2034-07-30,32,2034-W32,2034-07-31,Non-Holiday,Weekday
3135,2034-08-01,3135,104,Tuesday,August,2034,2034-Aug,1,213,32,2034-W32,2034-07-30,32,2034-W32,2034-07-31,Non-Holiday,Weekday
3136,2034-08-02,3136,104,Wednesday,August,2034,2034-Aug,2,214,32,2034-W32,2034-07-30,32,2034-W32,2034-07-31,Non-Holiday,Weekday
3137,2034-08-03,3137,104,Thursday,August,2034,2034-Aug,3,215,32,2034-W32,2034-07-30,32,2034-W32,2034-07-31,Non-Holiday,Weekday
3138,2034-08-04,3138,104,Friday,August,2034,2034-Aug,4,216,32,2034-W32,2034-07-30,32,2034-W32,2034-07-31,Non-Holiday,Weekday
3139,2034-08-05,3139,104,Saturday,August,2034,2034-Aug,5,217,32,2034-W32,2034-07-30,32,2034-W32,2034-07-31,Non-Holiday,Weekend
3140,2034-08-06,3140,104,Sunday,August,2034,2034-Aug,6,218,33,2034-W33,2034-07-30,32,2034-W32,2034-07-31,Non-Holiday,Weekend
3141,2034-08-07,3141,104,Monday,August,2034,2034-Aug,7,219,33,2034-W33,2034-08-06,33,2034-W33,2034-08-07,Non-Holiday,Weekday
3142,2034-08-08,3142,104,Tuesday,August,2034,2034-Aug,8,220,33,2034-W33,2034-08-06,33,2034-W33,2034-08-07,Non-Holiday,Weekday
3143,2034-08-09,3143,104,Wednesday,August,2034,2034-Aug,9,221,33,2034-W33,2034-08-06,33,2034-W33,2034-08-07,Non-Holiday,Weekday
3144,2034-08-10,3144,104,Thursday,August,2034,2034-Aug,10,222,33,2034-W33,2034-08-06,33,2034-W33,2034-08-07,Non-Holiday,Weekday
3145,2034-08-11,3145,104,Friday,August,2034,2034-Aug,11,223,33,2034-W33,2034-08-06,33,2034-W33,2034-08-07,Non-Holiday,Weekday
3146,2034-08-12,3146,104,Saturday,August,2034,2034-Aug,12,224,33,2034-W33,2034-08-06,33,2034-W33,2034-08-07,Non-Holiday,Weekend
3147,2034-08-13,3147,104,Sunday,August,2034,2034-Aug,13,225,34,2034-W34,2034-08-06,33,2034-W33,2034-08-07,Non-Holiday,Weekend
3148,2034-08-14,3148,104,Monday,August,2034,2034-Aug,14,226,34,2034-W34,2034-08-13,34,2034-W34,2034-08-14,Non-Holiday,Weekday
3149,2034-08-15,3149,104,Tuesday,August,2034,2034-Aug,15,227,34,2034-W34,2034-08-13,34,2034-W34,2034-08-14,Non-Holiday,Weekday
3150,2034-08-16,3150,104,Wednesday,August,2034,2034-Aug,16,228,34,2034-W34,2034-08-13,34,2034-W34,2034-08-14,Non-Holiday,Weekday
3151,2034-08-17,3151,104,Thursday,August,2034,2034-Aug,17,229,34,2034-W34,2034-08-13,34,2034-W34,2034-08-14,Non-Holiday,Weekday
3152,2034-08-18,3152,104,Friday,August,2034,2034-Aug,18,230,34,2034-W34,2034-08-13,34,2034-W34,2034-08-14,Non-Holiday,Weekday
3153,2034-08-19,3153,104,Saturday,August,2034,2034-Aug,19,231,34,2034-W34,2034-08-13,34,2034-W34,2034-08-14,Non-Holiday,Weekend
3154,2034-08-20,3154,104,Sunday,August,2034,2034-Aug,20,232,35,2034-W35,2034-08-13,34,2034-W34,2034-08-14,Non-Holiday,Weekend
3155,2034-08-21,3155,104,Monday,August,2034,2034-Aug,21,233,35,2034-W35,2034-08-20,35,2034-W35,2034-08-21,Non-Holiday,Weekday
3156,2034-08-22,3156,104,Tuesday,August,2034,2034-Aug,22,234,35,2034-W35,2034-08-20,35,2034-W35,2034-08-21,Non-Holiday,Weekday
3157,2034-08-23,3157,104,Wednesday,August,2034,2034-Aug,23,235,35,2034-W35,2034-08-20,35,2034-W35,2034-08-21,Non-Holiday,Weekday
3158,2034-08-24,3158,104,Thursday,August,2034,2034-Aug,24,236,35,2034-W35,2034-08-20,35,2034-W35,2034-08-21,Non-Holiday,Weekday
3159,2034-08-25,3159,104,Friday,August,2034,2034-Aug,25,237,35,2034-W35,2034-08-20,35,2034-W35,2034-08-21,Non-Holiday,Weekday
3160,2034-08-26,3160,104,Saturday,August,2034,2034-Aug,26,238,35,2034-W35,2034-08-20,35,2034-W35,2034-08-21,Non-Holiday,Weekend
3161,2034-08-27,3161,104,Sunday,August,2034,2034-Aug,27,239,36,2034-W36,2034-08-20,35,2034-W35,2034-08-21,Non-Holiday,Weekend
3162,2034-08-28,3162,104,Monday,August,2034,2034-Aug,28,240,36,2034-W36,2034-08-27,36,2034-W36,2034-08-28,Non-Holiday,Weekday
3163,2034-08-29,3163,104,Tuesday,August,2034,2034-Aug,29,241,36,2034-W36,2034-08-27,36,2034-W36,2034-08-28,Non-Holiday,Weekday
3164,2034-08-30,3164,104,Wednesday,August,2034,2034-Aug,30,242,36,2034-W36,2034-08-27,36,2034-W36,2034-08-28,Non-Holiday,Weekday
3165,2034-08-31,3165,104,Thursday,August,2034,2034-Aug,31,243,36,2034-W36,2034-08-27,36,2034-W36,2034-08-28,Non-Holiday,Weekday
3166,2034-09-01,3166,105,Friday,September,2034,2034-Sep,1,244,36,2034-W36,2034-08-27,36,2034-W36,2034-08-28,Non-Holiday,Weekday
3167,2034-09-02,3167,105,Saturday,September,2034,2034-Sep,2,245,36,2034-W36,2034-08-27,36,2034-W36,2034-08-28,Non-Holiday,Weekend
3168,2034-09-03,3168,105,Sunday,September,2034,2034-Sep,3,246,37,2034-W37,2034-08-27,36,2034-W36,2034-08-28,Non-Holiday,Weekend
3169,2034-09-04,3169,105,Monday,September,2034,2034-Sep,4,247,37,2034-W37,2034-09-03,37,2034-W37,2034-09-04,Non-Holiday,Weekday
3170,2034-09-05,3170,105,Tuesday,September,2034,2034-Sep,5,248,37,2034-W37,2034-09-03,37,2034-W37,2034-09-04,Non-Holiday,Weekday
3171,2034-09-06,3171,105,Wednesday,September,2034,2034-Sep,6,249,37,2034-W37,2034-09-03,37,2034-W37,2034-09-04,Non-Holiday,Weekday
3172,2034-09-07,3172,105,Thursday,September,2034,2034-Sep,7,250,37,2034-W37,2034-09-03,37,2034-W37,2034-09-04,Non-Holiday,Weekday
3173,2034-09-08,3173,105,Friday,September,2034,2034-Sep,8,251,37,2034-W37,2034-09-03,37,2034-W37,2034-09-04,Non-Holiday,Weekday
3174,2034-09-09,3174,105,Saturday,September,2034,2034-Sep,9,252,37,2034-W37,2034-09-03,37,2034-W37,2034-09-04,Non-Holiday,Weekend
3175,2034-09-10,3175,105,Sunday,September,2034,2034-Sep,10,253,38,2034-W38,2034-09-03,37,2034-W37,2034-09-04,Non-Holiday,Weekend
3176,2034-09-11,3176,105,Monday,September,2034,2034-Sep,11,254,38,2034-W38,2034-09-10,38,2034-W38,2034-09-11,Non-Holiday,Weekday
3177,2034-09-12,3177,105,Tuesday,September,2034,2034-Sep,12,255,38,2034-W38,2034-09-10,38,2034-W38,2034-09-11,Non-Holiday,Weekday
3178,2034-09-13,3178,105,Wednesday,September,2034,2034-Sep,13,256,38,2034-W38,2034-09-10,38,2034-W38,2034-09-11,Non-Holiday,Weekday
3179,2034-09-14,3179,105,Thursday,September,2034,2034-Sep,14,257,38,2034-W38,2034-09-10,38,2034-W38,2034-09-11,Non-Holiday,Weekday
3180,2034-09-15,3180,105,Friday,September,2034,2034-Sep,15,258,38,2034-W38,2034-09-10,38,2034-W38,2034-09-11,Non-Holiday,Weekday
3181,2034-09-16,3181,105,Saturday,September,2034,2034-Sep,16,259,38,2034-W38,2034-09-10,38,2034-W38,2034-09-11,Non-Holiday,Weekend
3182,2034-09-17,3182,105,Sunday,September,2034,2034-Sep,17,260,39,2034-W39,2034-09-10,38,2034-W38,2034-09-11,Non-Holiday,Weekend
3183,2034-09-18,3183,105,Monday,September,2034,2034-Sep,18,261,39,2034-W39,2034-09-17,39,2034-W39,2034-09-18,Non-Holiday,Weekday
3184,2034-09-19,3184,105,Tuesday,September,2034,2034-Sep,19,262,39,2034-W39,2034-09-17,39,2034-W39,2034-09-18,Non-Holiday,Weekday
3185,2034-09-20,3185,105,Wednesday,September,2034,2034-Sep,20,263,39,2034-W39,2034-09-17,39,2034-W39,2034-09-18,Non-Holiday,Weekday
3186,2034-09-21,3186,105,Thursday,September,2034,2034-Sep,21,264,39,2034-W39,2034-09-17,39,2034-W39,2034-09-18,Non-Holiday,Weekday
3187,2034-09-22,3187,105,Friday,September,2034,2034-Sep,22,265,39,2034-W39,2034-09-17,39,2034-W39,2034-09-18,Non-Holiday,Weekday
3188,2034-09-23,3188,105,Saturday,September,2034,2034-Sep,23,266,39,2034-W39,2034-09-17,39,2034-W39,2034-09-18,Non-Holiday,Weekend
3189,2034-09-24,3189,105,Sunday,September,2034,2034-Sep,24,267,40,2034-W40,2034-09-17,39,2034-W39,2034-09-18,Non-Holiday,Weekend
3190,2034-09-25,3190,105,Monday,September,2034,2034-Sep,25,268,40,2034-W40,2034-09-24,40,2034-W40,2034-09-25,Non-Holiday,Weekday
3191,2034-09-26,3191,105,Tuesday,September,2034,2034-Sep,26,269,40,2034-W40,2034-09-24,40,2034-W40,2034-09-25,Non-Holiday,Weekday
3192,2034-09-27,3192,105,Wednesday,September,2034,2034-Sep,27,270,40,2034-W40,2034-09-24,40,2034-W40,2034-09-25,Non-Holiday,Weekday
3193,2034-09-28,3193,105,Thursday,September,2034,2034-Sep,28,271,40,2034-W40,2034-09-24,40,2034-W40,2034-09-25,Non-Holiday,Weekday
3194,2034-09-29,3194,105,Friday,September,2034,2034-Sep,29,272,40,2034-W40,2034-09-24,40,2034-W40,2034-09-25,Non-Holiday,Weekday
3195,2034-09-30,3195,105,Saturday,September,2034,2034-Sep,30,273,40,2034-W40,2034-09-24,40,2034-W40,2034-09-25,Non-Holiday,Weekend
3196,2034-10-01,3196,106,Sunday,October,2034,2034-Oct,1,274,41,2034-W41,2034-09-24,40,2034-W40,2034-09-25,Non-Holiday,Weekend
3197,2034-10-02,3197,106,Monday,October,2034,2034-Oct,2,275,41,2034-W41,2034-10-01,41,2034-W41,2034-10-02,Non-Holiday,Weekday
3198,2034-10-03,3198,106,Tuesday,October,2034,2034-Oct,3,276,41,2034-W41,2034-10-01,41,2034-W41,2034-10-02,Non-Holiday,Weekday
3199,2034-10-04,3199,106,Wednesday,October,2034,2034-Oct,4,277,41,2034-W41,2034-10-01,41,2034-W41,2034-10-02,Non-Holiday,Weekday
3200,2034-10-05,3200,106,Thursday,October,2034,2034-Oct,5,278,41,2034-W41,2034-10-01,41,2034-W41,2034-10-02,Non-Holiday,Weekday
3201,2034-10-06,3201,106,Friday,October,2034,2034-Oct,6,279,41,2034-W41,2034-10-01,41,2034-W41,2034-10-02,Non-Holiday,Weekday
3202,2034-10-07,3202,106,Saturday,October,2034,2034-Oct,7,280,41,2034-W41,2034-10-01,41,2034-W41,2034-10-02,Non-Holiday,Weekend
3203,2034-10-08,3203,106,Sunday,October,2034,2034-Oct,8,281,42,2034-W42,2034-10-01,41,2034-W41,2034-10-02,Non-Holiday,Weekend
3204,2034-10-09,3204,106,Monday,October,2034,2034-Oct,9,282,42,2034-W42,2034-10-08,42,2034-W42,2034-10-09,Non-Holiday,Weekday
3205,2034-10-10,3205,106,Tuesday,October,2034,2034-Oct,10,283,42,2034-W42,2034-10-08,42,2034-W42,2034-10-09,Non-Holiday,Weekday
3206,2034-10-11,3206,106,Wednesday,October,2034,2034-Oct,11,284,42,2034-W42,2034-10-08,42,2034-W42,2034-10-09,Non-Holiday,Weekday
3207,2034-10-12,3207,106,Thursday,October,2034,2034-Oct,12,285,42,2034-W42,2034-10-08,42,2034-W42,2034-10-09,Non-Holiday,Weekday
3208,2034-10-13,3208,106,Friday,October,2034,2034-Oct,13,286,42,2034-W42,2034-10-08,42,2034-W42,2034-10-09,Non-Holiday,Weekday
3209,2034-10-14,3209,106,Saturday,October,2034,2034-Oct,14,287,42,2034-W42,2034-10-08,42,2034-W42,2034-10-09,Non-Holiday,Weekend
3210,2034-10-15,3210,106,Sunday,October,2034,2034-Oct,15,288,43,2034-W43,2034-10-08,42,2034-W42,2034-10-09,Non-Holiday,Weekend
3211,2034-10-16,3211,106,Monday,October,2034,2034-Oct,16,289,43,2034-W43,2034-10-15,43,2034-W43,2034-10-16,Non-Holiday,Weekday
3212,2034-10-17,3212,106,Tuesday,October,2034,2034-Oct,17,290,43,2034-W43,2034-10-15,43,2034-W43,2034-10-16,Non-Holiday,Weekday
3213,2034-10-18,3213,106,Wednesday,October,2034,2034-Oct,18,291,43,2034-W43,2034-10-15,43,2034-W43,2034-10-16,Non-Holiday,Weekday
3214,2034-10-19,3214,106,Thursday,October,2034,2034-Oct,19,292,43,2034-W43,2034-10-15,43,2034-W43,2034-10-16,Non-Holiday,Weekday
3215,2034-10-20,3215,106,Friday,October,2034,2034-Oct,20,293,43,2034-W43,2034-10-15,43,2034-W43,2034-10-16,Non-Holiday,Weekday
3216,2034-10-21,3216,106,Saturday,October,2034,2034-Oct,21,294,43,2034-W43,2034-10-15,43,2034-W43,2034-10-16,Non-Holiday,Weekend
3217,2034-10-22,3217,106,Sunday,October,2034,2034-Oct,22,295,44,2034-W44,2034-10-15,43,2034-W43,2034-10-16,Non-Holiday,Weekend
3218,2034-10-23,3218,106,Monday,October,2034,2034-Oct,23,296,44,2034-W44,2034-10-22,44,2034-W44,2034-10-23,Non-Holiday,Weekday
3219,2034-10-24,3219,106,Tuesday,October,2034,2034-Oct,24,297,44,2034-W44,2034-10-22,44,2034-W44,2034-10-23,Non-Holiday,Weekday
3220,2034-10-25,3220,106,Wednesday,October,2034,2034-Oct,25,298,44,2034-W44,2034-10-22,44,2034-W44,2034-10-23,Non-Holiday,Weekday
3221,2034-10-26,3221,106,Thursday,October,2034,2034-Oct,26,299,44,2034-W44,2034-10-22,44,2034-W44,2034-10-23,Non-Holiday,Weekday
3222,2034-10-27,3222,106,Friday,October,2034,2034-Oct,27,300,44,2034-W44,2034-10-22,44,2034-W44,2034-10-23,Non-Holiday,Weekday
3223,2034-10-28,3223,106,Saturday,October,2034,2034-Oct,28,301,44,2034-W44,2034-10-22,44,2034-W44,2034-10-23,Non-Holiday,Weekend
3224,2034-10-29,3224,106,Sunday,October,2034,2034-Oct,29,302,45,2034-W45,2034-10-22,44,2034-W44,2034-10-23,Non-Holiday,Weekend
3225,2034-10-30,3225,106,Monday,October,2034,2034-Oct,30,303,45,2034-W45,2034-10-29,45,2034-W45,2034-10-30,Non-Holiday,Weekday
3226,2034-10-31,3226,106,Tuesday,October,2034,2034-Oct,31,304,45,2034-W45,2034-10-29,45,2034-W45,2034-10-30,Non-Holiday,Weekday
3227,2034-11-01,3227,107,Wednesday,November,2034,2034-Nov,1,305,45,2034-W45,2034-10-29,45,2034-W45,2034-10-30,Non-Holiday,Weekday
3228,2034-11-02,3228,107,Thursday,November,2034,2034-Nov,2,306,45,2034-W45,2034-10-29,45,2034-W45,2034-10-30,Non-Holiday,Weekday
3229,2034-11-03,3229,107,Friday,November,2034,2034-Nov,3,307,45,2034-W45,2034-10-29,45,2034-W45,2034-10-30,Non-Holiday,Weekday
3230,2034-11-04,3230,107,Saturday,November,2034,2034-Nov,4,308,45,2034-W45,2034-10-29,45,2034-W45,2034-10-30,Non-Holiday,Weekend
3231,2034-11-05,3231,107,Sunday,November,2034,2034-Nov,5,309,46,2034-W46,2034-10-29,45,2034-W45,2034-10-30,Non-Holiday,Weekend
3232,2034-11-06,3232,107,Monday,November,2034,2034-Nov,6,310,46,2034-W46,2034-11-05,46,2034-W46,2034-11-06,Non-Holiday,Weekday
3233,2034-11-07,3233,107,Tuesday,November,2034,2034-Nov,7,311,46,2034-W46,2034-11-05,46,2034-W46,2034-11-06,Non-Holiday,Weekday
3234,2034-11-08,3234,107,Wednesday,November,2034,2034-Nov,8,312,46,2034-W46,2034-11-05,46,2034-W46,2034-11-06,Non-Holiday,Weekday
3235,2034-11-09,3235,107,Thursday,November,2034,2034-Nov,9,313,46,2034-W46,2034-11-05,46,2034-W46,2034-11-06,Non-Holiday,Weekday
3236,2034-11-10,3236,107,Friday,November,2034,2034-Nov,10,314,46,2034-W46,2034-11-05,46,2034-W46,2034-11-06,Non-Holiday,Weekday
3237,2034-11-11,3237,107,Saturday,November,2034,2034-Nov,11,315,46,2034-W46,2034-11-05,46,2034-W46,2034-11-06,Non-Holiday,Weekend
3238,2034-11-12,3238,107,Sunday,November,2034,2034-Nov,12,316,47,2034-W47,2034-11-05,46,2034-W46,2034-11-06,Non-Holiday,Weekend
3239,2034-11-13,3239,107,Monday,November,2034,2034-Nov,13,317,47,2034-W47,2034-11-12,47,2034-W47,2034-11-13,Non-Holiday,Weekday
3240,2034-11-14,3240,107,Tuesday,November,2034,2034-Nov,14,318,47,2034-W47,2034-11-12,47,2034-W47,2034-11-13,Non-Holiday,Weekday
3241,2034-11-15,3241,107,Wednesday,November,2034,2034-Nov,15,319,47,2034-W47,2034-11-12,47,2034-W47,2034-11-13,Non-Holiday,Weekday
3242,2034-11-16,3242,107,Thursday,November,2034,2034-Nov,16,320,47,2034-W47,2034-11-12,47,2034-W47,2034-11-13,Non-Holiday,Weekday
3243,2034-11-17,3243,107,Friday,November,2034,2034-Nov,17,321,47,2034-W47,2034-11-12,47,2034-W47,2034-11-13,Non-Holiday,Weekday
3244,2034-11-18,3244,107,Saturday,November,2034,2034-Nov,18,322,47,2034-W47,2034-11-12,47,2034-W47,2034-11-13,Non-Holiday,Weekend
3245,2034-11-19,3245,107,Sunday,November,2034,2034-Nov,19,323,48,2034-W48,2034-11-12,47,2034-W47,2034-11-13,Non-Holiday,Weekend
3246,2034-11-20,3246,107,Monday,November,2034,2034-Nov,20,324,48,2034-W48,2034-11-19,48,2034-W48,2034-11-20,Non-Holiday,Weekday
3247,2034-11-21,3247,107,Tuesday,November,2034,2034-Nov,21,325,48,2034-W48,2034-11-19,48,2034-W48,2034-11-20,Non-Holiday,Weekday
3248,2034-11-22,3248,107,Wednesday,November,2034,2034-Nov,22,326,48,2034-W48,2034-11-19,48,2034-W48,2034-11-20,Non-Holiday,Weekday
3249,2034-11-23,3249,107,Thursday,November,2034,2034-Nov,23,327,48,2034-W48,2034-11-19,48,2034-W48,2034-11-20,Non-Holiday,Weekday
3250,2034-11-24,3250,107,Friday,November,2034,2034-Nov,24,328,48,2034-W48,2034-11-19,48,2034-W48,2034-11-20,Non-Holiday,Weekday
3251,2034-11-25,3251,107,Saturday,November,2034,2034-Nov,25,329,48,2034-W48,2034-11-19,48,2034-W48,2034-11-20,Non-Holiday,Weekend
3252,2034-11-26,3252,107,Sunday,November,2034,2034-Nov,26,330,49,2034-W49,2034-11-19,48,2034-W48,2034-11-20,Non-Holiday,Weekend
3253,2034-11-27,3253,107,Monday,November,2034,2034-Nov,27,331,49,2034-W49,2034-11-26,49,2034-W49,2034-11-27,Non-Holiday,Weekday
3254,2034-11-28,3254,107,Tuesday,November,2034,2034-Nov,28,332,49,2034-W49,2034-11-26,49,2034-W49,2034-11-27,Non-Holiday,Weekday
3255,2034-11-29,3255,107,Wednesday,November,2034,2034-Nov,29,333,49,2034-W49,2034-11-26,49,2034-W49,2034-11-27,Non-Holiday,Weekday
3256,2034-11-30,3256,107,Thursday,November,2034,2034-Nov,30,334,49,2034-W49,2034-11-26,49,2034-W49,2034-11-27,Non-Holiday,Weekday
3257,2034-12-01,3257,108,Friday,December,2034,2034-Dec,1,335,49,2034-W49,2034-11-26,49,2034-W49,2034-11-27,Non-Holiday,Weekday
3258,2034-12-02,3258,108,Saturday,December,2034,2034-Dec,2,336,49,2034-W49,2034-11-26,49,2034-W49,2034-11-27,Non-Holiday,Weekend
3259,2034-12-03,3259,108,Sunday,December,2034,2034-Dec,3,337,50,2034-W50,2034-11-26,49,2034-W49,2034-11-27,Non-Holiday,Weekend
3260,2034-12-04,3260,108,Monday,December,2034,2034-Dec,4,338,50,2034-W50,2034-12-03,50,2034-W50,2034-12-04,Non-Holiday,Weekday
3261,2034-12-05,3261,108,Tuesday,December,2034,2034-Dec,5,339,50,2034-W50,2034-12-03,50,2034-W50,2034-12-04,Non-Holiday,Weekday
3262,2034-12-06,3262,108,Wednesday,December,2034,2034-Dec,6,340,50,2034-W50,2034-12-03,50,2034-W50,2034-12-04,Non-Holiday,Weekday
3263,2034-12-07,3263,108,Thursday,December,2034,2034-Dec,7,341,50,2034-W50,2034-12-03,50,2034-W50,2034-12-04,Non-Holiday,Weekday
3264,2034-12-08,3264,108,Friday,December,2034,2034-Dec,8,342,50,2034-W50,2034-12-03,50,2034-W50,2034-12-04,Non-Holiday,Weekday
3265,2034-12-09,3265,108,Saturday,December,2034,2034-Dec,9,343,50,2034-W50,2034-12-03,50,2034-W50,2034-12-04,Non-Holiday,Weekend
3266,2034-12-10,3266,108,Sunday,December,2034,2034-Dec,10,344,51,2034-W51,2034-12-03,50,2034-W50,2034-12-04,Non-Holiday,Weekend
3267,2034-12-11,3267,108,Monday,December,2034,2034-Dec,11,345,51,2034-W51,2034-12-10,51,2034-W51,2034-12-11,Non-Holiday,Weekday
3268,2034-12-12,3268,108,Tuesday,December,2034,2034-Dec,12,346,51,2034-W51,2034-12-10,51,2034-W51,2034-12-11,Non-Holiday,Weekday
3269,2034-12-13,3269,108,Wednesday,December,2034,2034-Dec,13,347,51,2034-W51,2034-12-10,51,2034-W51,2034-12-11,Non-Holiday,Weekday
3270,2034-12-14,3270,108,Thursday,December,2034,2034-Dec,14,348,51,2034-W51,2034-12-10,51,2034-W51,2034-12-11,Non-Holiday,Weekday
3271,2034-12-15,3271,108,Friday,December,2034,2034-Dec,15,349,51,2034-W51,2034-12-10,51,2034-W51,2034-12-11,Non-Holiday,Weekday
3272,2034-12-16,3272,108,Saturday,December,2034,2034-Dec,16,350,51,2034-W51,2034-12-10,51,2034-W51,2034-12-11,Non-Holiday,Weekend
3273,2034-12-17,3273,108,Sunday,December,2034,2034-Dec,17,351,52,2034-W52,2034-12-10,51,2034-W51,2034-12-11,Non-Holiday,Weekend
3274,2034-12-18,3274,108,Monday,December,2034,2034-Dec,18,352,52,2034-W52,2034-12-17,52,2034-W52,2034-12-18,Non-Holiday,Weekday
3275,2034-12-19,3275,108,Tuesday,December,2034,2034-Dec,19,353,52,2034-W52,2034-12-17,52,2034-W52,2034-12-18,Non-Holiday,Weekday
3276,2034-12-20,3276,108,Wednesday,December,2034,2034-Dec,20,354,52,2034-W52,2034-12-17,52,2034-W52,2034-12-18,Non-Holiday,Weekday
3277,2034-12-21,3277,108,Thursday,December,2034,2034-Dec,21,355,52,2034-W52,2034-12-17,52,2034-W52,2034-12-18,Non-Holiday,Weekday
3278,2034-12-22,3278,108,Friday,December,2034,2034-Dec,22,356,52,2034-W52,2034-12-17,52,2034-W52,2034-12-18,Non-Holiday,Weekday
3279,2034-12-23,3279,108,Saturday,December,2034,2034-Dec,23,357,52,2034-W52,2034-12-17,52,2034-W52,2034-12-18,Non-Holiday,Weekend
3280,2034-12-24,3280,108,Sunday,December,2034,2034-Dec,24,358,53,2034-W53,2034-12-17,52,2034-W52,2034-12-18,Non-Holiday,Weekend
3281,2034-12-25,3281,108,Monday,December,2034,2034-Dec,25,359,53,2034-W53,2034-12-24,53,2034-W53,2034-12-25,Non-Holiday,Weekday
3282,2034-12-26,3282,108,Tuesday,December,2034,2034-Dec,26,360,53,2034-W53,2034-12-24,53,2034-W53,2034-12-25,Non-Holiday,Weekday
3283,2034-12-27,3283,108,Wednesday,December,2034,2034-Dec,27,361,53,2034-W53,2034-12-24,53,2034-W53,2034-12-25,Non-Holiday,Weekday
3284,2034-12-28,3284,108,Thursday,December,2034,2034-Dec,28,362,53,2034-W53,2034-12-24,53,2034-W53,2034-12-25,Non-Holiday,Weekday
3285,2034-12-29,3285,108,Friday,December,2034,2034-Dec,29,363,53,2034-W53,2034-12-24,53,2034-W53,2034-12-25,Non-Holiday,Weekday
3286,2034-12-30,3286,108,Saturday,December,2034,2034-Dec,30,364,53,2034-W53,2034-12-24,53,2034-W53,2034-12-25,Non-Holiday,Weekend
3287,2034-12-31,3287,108,Sunday,December,2034,2034-Dec,31,365,54,2034-W54,2034-12-24,53,2034-W53,2034-12-25,Non-Holiday,Weekend
3288,2035-01-01,3288,109,Monday,January,2035,2035-Jan,1,1,1,2035-W01,2034-12-31,2,2035-W02,2035-01-01,Non-Holiday,Weekday
3289,2035-01-02,3289,109,Tuesday,January,2035,2035-Jan,2,2,1,2035-W01,2034-12-31,2,2035-W02,2035-01-01,Non-Holiday,Weekday
3290,2035-01-03,3290,109,Wednesday,January,2035,2035-Jan,3,3,1,2035-W01,2034-12-31,2,2035-W02,2035-01-01,Non-Holiday,Weekday
3291,2035-01-04,3291,109,Thursday,January,2035,2035-Jan,4,4,1,2035-W01,2034-12-31,2,2035-W02,2035-01-01,Non-Holiday,Weekday
3292,2035-01-05,3292,109,Friday,January,2035,2035-Jan,5,5,1,2035-W01,2034-12-31,2,2035-W02,2035-01-01,Non-Holiday,Weekday
3293,2035-01-06,3293,109,Saturday,January,2035,2035-Jan,6,6,1,2035-W01,2034-12-31,2,2035-W02,2035-01-01,Non-Holiday,Weekend
3294,2035-01-07,3294,109,Sunday,January,2035,2035-Jan,7,7,2,2035-W02,2034-12-31,2,2035-W02,2035-01-01,Non-Holiday,Weekend
3295,2035-01-08,3295,109,Monday,January,2035,2035-Jan,8,8,2,2035-W02,2035-01-07,3,2035-W03,2035-01-08,Non-Holiday,Weekday
3296,2035-01-09,3296,109,Tuesday,January,2035,2035-Jan,9,9,2,2035-W02,2035-01-07,3,2035-W03,2035-01-08,Non-Holiday,Weekday
3297,2035-01-10,3297,109,Wednesday,January,2035,2035-Jan,10,10,2,2035-W02,2035-01-07,3,2035-W03,2035-01-08,Non-Holiday,Weekday
3298,2035-01-11,3298,109,Thursday,January,2035,2035-Jan,11,11,2,2035-W02,2035-01-07,3,2035-W03,2035-01-08,Non-Holiday,Weekday
3299,2035-01-12,3299,109,Friday,January,2035,2035-Jan,12,12,2,2035-W02,2035-01-07,3,2035-W03,2035-01-08,Non-Holiday,Weekday
3300,2035-01-13,3300,109,Saturday,January,2035,2035-Jan,13,13,2,2035-W02,2035-01-07,3,2035-W03,2035-01-08,Non-Holiday,Weekend
3301,2035-01-14,3301,109,Sunday,January,2035,2035-Jan,14,14,3,2035-W03,2035-01-07,3,2035-W03,2035-01-08,Non-Holiday,Weekend
3302,2035-01-15,3302,109,Monday,January,2035,2035-Jan,15,15,3,2035-W03,2035-01-14,4,2035-W04,2035-01-15,Non-Holiday,Weekday
3303,2035-01-16,3303,109,Tuesday,January,2035,2035-Jan,16,16,3,2035-W03,2035-01-14,4,2035-W04,2035-01-15,Non-Holiday,Weekday
3304,2035-01-17,3304,109,Wednesday,January,2035,2035-Jan,17,17,3,2035-W03,2035-01-14,4,2035-W04,2035-01-15,Non-Holiday,Weekday
3305,2035-01-18,3305,109,Thursday,January,2035,2035-Jan,18,18,3,2035-W03,2035-01-14,4,2035-W04,2035-01-15,Non-Holiday,Weekday
3306,2035-01-19,3306,109,Friday,January,2035,2035-Jan,19,19,3,2035-W03,2035-01-14,4,2035-W04,2035-01-15,Non-Holiday,Weekday
3307,2035-01-20,3307,109,Saturday,January,2035,2035-Jan,20,20,3,2035-W03,2035-01-14,4,2035-W04,2035-01-15,Non-Holiday,Weekend
3308,2035-01-21,3308,109,Sunday,January,2035,2035-Jan,21,21,4,2035-W04,2035-01-14,4,2035-W04,2035-01-15,Non-Holiday,Weekend
3309,2035-01-22,3309,109,Monday,January,2035,2035-Jan,22,22,4,2035-W04,2035-01-21,5,2035-W05,2035-01-22,Non-Holiday,Weekday
3310,2035-01-23,3310,109,Tuesday,January,2035,2035-Jan,23,23,4,2035-W04,2035-01-21,5,2035-W05,2035-01-22,Non-Holiday,Weekday
3311,2035-01-24,3311,109,Wednesday,January,2035,2035-Jan,24,24,4,2035-W04,2035-01-21,5,2035-W05,2035-01-22,Non-Holiday,Weekday
3312,2035-01-25,3312,109,Thursday,January,2035,2035-Jan,25,25,4,2035-W04,2035-01-21,5,2035-W05,2035-01-22,Non-Holiday,Weekday
3313,2035-01-26,3313,109,Friday,January,2035,2035-Jan,26,26,4,2035-W04,2035-01-21,5,2035-W05,2035-01-22,Non-Holiday,Weekday
3314,2035-01-27,3314,109,Saturday,January,2035,2035-Jan,27,27,4,2035-W04,2035-01-21,5,2035-W05,2035-01-22,Non-Holiday,Weekend
3315,2035-01-28,3315,109,Sunday,January,2035,2035-Jan,28,28,5,2035-W05,2035-01-21,5,2035-W05,2035-01-22,Non-Holiday,Weekend
3316,2035-01-29,3316,109,Monday,January,2035,2035-Jan,29,29,5,2035-W05,2035-01-28,6,2035-W06,2035-01-29,Non-Holiday,Weekday
3317,2035-01-30,3317,109,Tuesday,January,2035,2035-Jan,30,30,5,2035-W05,2035-01-28,6,2035-W06,2035-01-29,Non-Holiday,Weekday
3318,2035-01-31,3318,109,Wednesday,January,2035,2035-Jan,31,31,5,2035-W05,2035-01-28,6,2035-W06,2035-01-29,Non-Holiday,Weekday
3319,2035-02-01,3319,110,Thursday,February,2035,2035-Feb,1,32,5,2035-W05,2035-01-28,6,2035-W06,2035-01-29,Non-Holiday,Weekday
3320,2035-02-02,3320,110,Friday,February,2035,2035-Feb,2,33,5,2035-W05,2035-01-28,6,2035-W06,2035-01-29,Non-Holiday,Weekday
3321,2035-02-03,3321,110,Saturday,February,2035,2035-Feb,3,34,5,2035-W05,2035-01-28,6,2035-W06,2035-01-29,Non-Holiday,Weekend
3322,2035-02-04,3322,110,Sunday,February,2035,2035-Feb,4,35,6,2035-W06,2035-01-28,6,2035-W06,2035-01-29,Non-Holiday,Weekend
3323,2035-02-05,3323,110,Monday,February,2035,2035-Feb,5,36,6,2035-W06,2035-02-04,7,2035-W07,2035-02-05,Non-Holiday,Weekday
3324,2035-02-06,3324,110,Tuesday,February,2035,2035-Feb,6,37,6,2035-W06,2035-02-04,7,2035-W07,2035-02-05,Non-Holiday,Weekday
3325,2035-02-07,3325,110,Wednesday,February,2035,2035-Feb,7,38,6,2035-W06,2035-02-04,7,2035-W07,2035-02-05,Non-Holiday,Weekday
3326,2035-02-08,3326,110,Thursday,February,2035,2035-Feb,8,39,6,2035-W06,2035-02-04,7,2035-W07,2035-02-05,Non-Holiday,Weekday
3327,2035-02-09,3327,110,Friday,February,2035,2035-Feb,9,40,6,2035-W06,2035-02-04,7,2035-W07,2035-02-05,Non-Holiday,Weekday
3328,2035-02-10,3328,110,Saturday,February,2035,2035-Feb,10,41,6,2035-W06,2035-02-04,7,2035-W07,2035-02-05,Non-Holiday,Weekend
3329,2035-02-11,3329,110,Sunday,February,2035,2035-Feb,11,42,7,2035-W07,2035-02-04,7,2035-W07,2035-02-05,Non-Holiday,Weekend
3330,2035-02-12,3330,110,Monday,February,2035,2035-Feb,12,43,7,2035-W07,2035-02-11,8,2035-W08,2035-02-12,Non-Holiday,Weekday
3331,2035-02-13,3331,110,Tuesday,February,2035,2035-Feb,13,44,7,2035-W07,2035-02-11,8,2035-W08,2035-02-12,Non-Holiday,Weekday
3332,2035-02-14,3332,110,Wednesday,February,2035,2035-Feb,14,45,7,2035-W07,2035-02-11,8,2035-W08,2035-02-12,Non-Holiday,Weekday
3333,2035-02-15,3333,110,Thursday,February,2035,2035-Feb,15,46,7,2035-W07,2035-02-11,8,2035-W08,2035-02-12,Non-Holiday,Weekday
3334,2035-02-16,3334,110,Friday,February,2035,2035-Feb,16,47,7,2035-W07,2035-02-11,8,2035-W08,2035-02-12,Non-Holiday,Weekday
3335,2035-02-17,3335,110,Saturday,February,2035,2035-Feb,17,48,7,2035-W07,2035-02-11,8,2035-W08,2035-02-12,Non-Holiday,Weekend
3336,2035-02-18,3336,110,Sunday,February,2035,2035-Feb,18,49,8,2035-W08,2035-02-11,8,2035-W08,2035-02-12,Non-Holiday,Weekend
3337,2035-02-19,3337,110,Monday,February,2035,2035-Feb,19,50,8,2035-W08,2035-02-18,9,2035-W09,2035-02-19,Non-Holiday,Weekday
3338,2035-02-20,3338,110,Tuesday,February,2035,2035-Feb,20,51,8,2035-W08,2035-02-18,9,2035-W09,2035-02-19,Non-Holiday,Weekday
3339,2035-02-21,3339,110,Wednesday,February,2035,2035-Feb,21,52,8,2035-W08,2035-02-18,9,2035-W09,2035-02-19,Non-Holiday,Weekday
3340,2035-02-22,3340,110,Thursday,February,2035,2035-Feb,22,53,8,2035-W08,2035-02-18,9,2035-W09,2035-02-19,Non-Holiday,Weekday
3341,2035-02-23,3341,110,Friday,February,2035,2035-Feb,23,54,8,2035-W08,2035-02-18,9,2035-W09,2035-02-19,Non-Holiday,Weekday
3342,2035-02-24,3342,110,Saturday,February,2035,2035-Feb,24,55,8,2035-W08,2035-02-18,9,2035-W09,2035-02-19,Non-Holiday,Weekend
3343,2035-02-25,3343,110,Sunday,February,2035,2035-Feb,25,56,9,2035-W09,2035-02-18,9,2035-W09,2035-02-19,Non-Holiday,Weekend
3344,2035-02-26,3344,110,Monday,February,2035,2035-Feb,26,57,9,2035-W09,2035-02-25,10,2035-W10,2035-02-26,Non-Holiday,Weekday
3345,2035-02-27,3345,110,Tuesday,February,2035,2035-Feb,27,58,9,2035-W09,2035-02-25,10,2035-W10,2035-02-26,Non-Holiday,Weekday
3346,2035-02-28,3346,110,Wednesday,February,2035,2035-Feb,28,59,9,2035-W09,2035-02-25,10,2035-W10,2035-02-26,Non-Holiday,Weekday
3347,2035-03-01,3347,111,Thursday,March,2035,2035-Mar,1,60,9,2035-W09,2035-02-25,10,2035-W10,2035-02-26,Non-Holiday,Weekday
3348,2035-03-02,3348,111,Friday,March,2035,2035-Mar,2,61,9,2035-W09,2035-02-25,10,2035-W10,2035-02-26,Non-Holiday,Weekday
3349,2035-03-03,3349,111,Saturday,March,2035,2035-Mar,3,62,9,2035-W09,2035-02-25,10,2035-W10,2035-02-26,Non-Holiday,Weekend
3350,2035-03-04,3350,111,Sunday,March,2035,2035-Mar,4,63,10,2035-W10,2035-02-25,10,2035-W10,2035-02-26,Non-Holiday,Weekend
3351,2035-03-05,3351,111,Monday,March,2035,2035-Mar,5,64,10,2035-W10,2035-03-04,11,2035-W11,2035-03-05,Non-Holiday,Weekday
3352,2035-03-06,3352,111,Tuesday,March,2035,2035-Mar,6,65,10,2035-W10,2035-03-04,11,2035-W11,2035-03-05,Non-Holiday,Weekday
3353,2035-03-07,3353,111,Wednesday,March,2035,2035-Mar,7,66,10,2035-W10,2035-03-04,11,2035-W11,2035-03-05,Non-Holiday,Weekday
3354,2035-03-08,3354,111,Thursday,March,2035,2035-Mar,8,67,10,2035-W10,2035-03-04,11,2035-W11,2035-03-05,Non-Holiday,Weekday
3355,2035-03-09,3355,111,Friday,March,2035,2035-Mar,9,68,10,2035-W10,2035-03-04,11,2035-W11,2035-03-05,Non-Holiday,Weekday
3356,2035-03-10,3356,111,Saturday,March,2035,2035-Mar,10,69,10,2035-W10,2035-03-04,11,2035-W11,2035-03-05,Non-Holiday,Weekend
3357,2035-03-11,3357,111,Sunday,March,2035,2035-Mar,11,70,11,2035-W11,2035-03-04,11,2035-W11,2035-03-05,Non-Holiday,Weekend
3358,2035-03-12,3358,111,Monday,March,2035,2035-Mar,12,71,11,2035-W11,2035-03-11,12,2035-W12,2035-03-12,Non-Holiday,Weekday
3359,2035-03-13,3359,111,Tuesday,March,2035,2035-Mar,13,72,11,2035-W11,2035-03-11,12,2035-W12,2035-03-12,Non-Holiday,Weekday
3360,2035-03-14,3360,111,Wednesday,March,2035,2035-Mar,14,73,11,2035-W11,2035-03-11,12,2035-W12,2035-03-12,Non-Holiday,Weekday
3361,2035-03-15,3361,111,Thursday,March,2035,2035-Mar,15,74,11,2035-W11,2035-03-11,12,2035-W12,2035-03-12,Non-Holiday,Weekday
3362,2035-03-16,3362,111,Friday,March,2035,2035-Mar,16,75,11,2035-W11,2035-03-11,12,2035-W12,2035-03-12,Non-Holiday,Weekday
3363,2035-03-17,3363,111,Saturday,March,2035,2035-Mar,17,76,11,2035-W11,2035-03-11,12,2035-W12,2035-03-12,Non-Holiday,Weekend
3364,2035-03-18,3364,111,Sunday,March,2035,2035-Mar,18,77,12,2035-W12,2035-03-11,12,2035-W12,2035-03-12,Non-Holiday,Weekend
3365,2035-03-19,3365,111,Monday,March,2035,2035-Mar,19,78,12,2035-W12,2035-03-18,13,2035-W13,2035-03-19,Non-Holiday,Weekday
3366,2035-03-20,3366,111,Tuesday,March,2035,2035-Mar,20,79,12,2035-W12,2035-03-18,13,2035-W13,2035-03-19,Non-Holiday,Weekday
3367,2035-03-21,3367,111,Wednesday,March,2035,2035-Mar,21,80,12,2035-W12,2035-03-18,13,2035-W13,2035-03-19,Non-Holiday,Weekday
3368,2035-03-22,3368,111,Thursday,March,2035,2035-Mar,22,81,12,2035-W12,2035-03-18,13,2035-W13,2035-03-19,Non-Holiday,Weekday
3369,2035-03-23,3369,111,Friday,March,2035,2035-Mar,23,82,12,2035-W12,2035-03-18,13,2035-W13,2035-03-19,Non-Holiday,Weekday
3370,2035-03-24,3370,111,Saturday,March,2035,2035-Mar,24,83,12,2035-W12,2035-03-18,13,2035-W13,2035-03-19,Non-Holiday,Weekend
3371,2035-03-25,3371,111,Sunday,March,2035,2035-Mar,25,84,13,2035-W13,2035-03-18,13,2035-W13,2035-03-19,Non-Holiday,Weekend
3372,2035-03-26,3372,111,Monday,March,2035,2035-Mar,26,85,13,2035-W13,2035-03-25,14,2035-W14,2035-03-26,Non-Holiday,Weekday
3373,2035-03-27,3373,111,Tuesday,March,2035,2035-Mar,27,86,13,2035-W13,2035-03-25,14,2035-W14,2035-03-26,Non-Holiday,Weekday
3374,2035-03-28,3374,111,Wednesday,March,2035,2035-Mar,28,87,13,2035-W13,2035-03-25,14,2035-W14,2035-03-26,Non-Holiday,Weekday
3375,2035-03-29,3375,111,Thursday,March,2035,2035-Mar,29,88,13,2035-W13,2035-03-25,14,2035-W14,2035-03-26,Non-Holiday,Weekday
3376,2035-03-30,3376,111,Friday,March,2035,2035-Mar,30,89,13,2035-W13,2035-03-25,14,2035-W14,2035-03-26,Non-Holiday,Weekday
3377,2035-03-31,3377,111,Saturday,March,2035,2035-Mar,31,90,13,2035-W13,2035-03-25,14,2035-W14,2035-03-26,Non-Holiday,Weekend
3378,2035-04-01,3378,112,Sunday,April,2035,2035-Apr,1,91,14,2035-W14,2035-03-25,14,2035-W14,2035-03-26,Non-Holiday,Weekend
3379,2035-04-02,3379,112,Monday,April,2035,2035-Apr,2,92,14,2035-W14,2035-04-01,15,2035-W15,2035-04-02,Non-Holiday,Weekday
3380,2035-04-03,3380,112,Tuesday,April,2035,2035-Apr,3,93,14,2035-W14,2035-04-01,15,2035-W15,2035-04-02,Non-Holiday,Weekday
3381,2035-04-04,3381,112,Wednesday,April,2035,2035-Apr,4,94,14,2035-W14,2035-04-01,15,2035-W15,2035-04-02,Non-Holiday,Weekday
3382,2035-04-05,3382,112,Thursday,April,2035,2035-Apr,5,95,14,2035-W14,2035-04-01,15,2035-W15,2035-04-02,Non-Holiday,Weekday
3383,2035-04-06,3383,112,Friday,April,2035,2035-Apr,6,96,14,2035-W14,2035-04-01,15,2035-W15,2035-04-02,Non-Holiday,Weekday
3384,2035-04-07,3384,112,Saturday,April,2035,2035-Apr,7,97,14,2035-W14,2035-04-01,15,2035-W15,2035-04-02,Non-Holiday,Weekend
3385,2035-04-08,3385,112,Sunday,April,2035,2035-Apr,8,98,15,2035-W15,2035-04-01,15,2035-W15,2035-04-02,Non-Holiday,Weekend
3386,2035-04-09,3386,112,Monday,April,2035,2035-Apr,9,99,15,2035-W15,2035-04-08,16,2035-W16,2035-04-09,Non-Holiday,Weekday
3387,2035-04-10,3387,112,Tuesday,April,2035,2035-Apr,10,100,15,2035-W15,2035-04-08,16,2035-W16,2035-04-09,Non-Holiday,Weekday
3388,2035-04-11,3388,112,Wednesday,April,2035,2035-Apr,11,101,15,2035-W15,2035-04-08,16,2035-W16,2035-04-09,Non-Holiday,Weekday
3389,2035-04-12,3389,112,Thursday,April,2035,2035-Apr,12,102,15,2035-W15,2035-04-08,16,2035-W16,2035-04-09,Non-Holiday,Weekday
3390,2035-04-13,3390,112,Friday,April,2035,2035-Apr,13,103,15,2035-W15,2035-04-08,16,2035-W16,2035-04-09,Non-Holiday,Weekday
3391,2035-04-14,3391,112,Saturday,April,2035,2035-Apr,14,104,15,2035-W15,2035-04-08,16,2035-W16,2035-04-09,Non-Holiday,Weekend
3392,2035-04-15,3392,112,Sunday,April,2035,2035-Apr,15,105,16,2035-W16,2035-04-08,16,2035-W16,2035-04-09,Non-Holiday,Weekend
3393,2035-04-16,3393,112,Monday,April,2035,2035-Apr,16,106,16,2035-W16,2035-04-15,17,2035-W17,2035-04-16,Non-Holiday,Weekday
3394,2035-04-17,3394,112,Tuesday,April,2035,2035-Apr,17,107,16,2035-W16,2035-04-15,17,2035-W17,2035-04-16,Non-Holiday,Weekday
3395,2035-04-18,3395,112,Wednesday,April,2035,2035-Apr,18,108,16,2035-W16,2035-04-15,17,2035-W17,2035-04-16,Non-Holiday,Weekday
3396,2035-04-19,3396,112,Thursday,April,2035,2035-Apr,19,109,16,2035-W16,2035-04-15,17,2035-W17,2035-04-16,Non-Holiday,Weekday
3397,2035-04-20,3397,112,Friday,April,2035,2035-Apr,20,110,16,2035-W16,2035-04-15,17,2035-W17,2035-04-16,Non-Holiday,Weekday
3398,2035-04-21,3398,112,Saturday,April,2035,2035-Apr,21,111,16,2035-W16,2035-04-15,17,2035-W17,2035-04-16,Non-Holiday,Weekend
3399,2035-04-22,3399,112,Sunday,April,2035,2035-Apr,22,112,17,2035-W17,2035-04-15,17,2035-W17,2035-04-16,Non-Holiday,Weekend
3400,2035-04-23,3400,112,Monday,April,2035,2035-Apr,23,113,17,2035-W17,2035-04-22,18,2035-W18,2035-04-23,Non-Holiday,Weekday
3401,2035-04-24,3401,112,Tuesday,April,2035,2035-Apr,24,114,17,2035-W17,2035-04-22,18,2035-W18,2035-04-23,Non-Holiday,Weekday
3402,2035-04-25,3402,112,Wednesday,April,2035,2035-Apr,25,115,17,2035-W17,2035-04-22,18,2035-W18,2035-04-23,Non-Holiday,Weekday
3403,2035-04-26,3403,112,Thursday,April,2035,2035-Apr,26,116,17,2035-W17,2035-04-22,18,2035-W18,2035-04-23,Non-Holiday,Weekday
3404,2035-04-27,3404,112,Friday,April,2035,2035-Apr,27,117,17,2035-W17,2035-04-22,18,2035-W18,2035-04-23,Non-Holiday,Weekday
3405,2035-04-28,3405,112,Saturday,April,2035,2035-Apr,28,118,17,2035-W17,2035-04-22,18,2035-W18,2035-04-23,Non-Holiday,Weekend
3406,2035-04-29,3406,112,Sunday,April,2035,2035-Apr,29,119,18,2035-W18,2035-04-22,18,2035-W18,2035-04-23,Non-Holiday,Weekend
3407,2035-04-30,3407,112,Monday,April,2035,2035-Apr,30,120,18,2035-W18,2035-04-29,19,2035-W19,2035-04-30,Non-Holiday,Weekday
3408,2035-05-01,3408,113,Tuesday,May,2035,2035-May,1,121,18,2035-W18,2035-04-29,19,2035-W19,2035-04-30,Non-Holiday,Weekday
3409,2035-05-02,3409,113,Wednesday,May,2035,2035-May,2,122,18,2035-W18,2035-04-29,19,2035-W19,2035-04-30,Non-Holiday,Weekday
3410,2035-05-03,3410,113,Thursday,May,2035,2035-May,3,123,18,2035-W18,2035-04-29,19,2035-W19,2035-04-30,Non-Holiday,Weekday
3411,2035-05-04,3411,113,Friday,May,2035,2035-May,4,124,18,2035-W18,2035-04-29,19,2035-W19,2035-04-30,Non-Holiday,Weekday
3412,2035-05-05,3412,113,Saturday,May,2035,2035-May,5,125,18,2035-W18,2035-04-29,19,2035-W19,2035-04-30,Non-Holiday,Weekend
3413,2035-05-06,3413,113,Sunday,May,2035,2035-May,6,126,19,2035-W19,2035-04-29,19,2035-W19,2035-04-30,Non-Holiday,Weekend
3414,2035-05-07,3414,113,Monday,May,2035,2035-May,7,127,19,2035-W19,2035-05-06,20,2035-W20,2035-05-07,Non-Holiday,Weekday
3415,2035-05-08,3415,113,Tuesday,May,2035,2035-May,8,128,19,2035-W19,2035-05-06,20,2035-W20,2035-05-07,Non-Holiday,Weekday
3416,2035-05-09,3416,113,Wednesday,May,2035,2035-May,9,129,19,2035-W19,2035-05-06,20,2035-W20,2035-05-07,Non-Holiday,Weekday
3417,2035-05-10,3417,113,Thursday,May,2035,2035-May,10,130,19,2035-W19,2035-05-06,20,2035-W20,2035-05-07,Non-Holiday,Weekday
3418,2035-05-11,3418,113,Friday,May,2035,2035-May,11,131,19,2035-W19,2035-05-06,20,2035-W20,2035-05-07,Non-Holiday,Weekday
3419,2035-05-12,3419,113,Saturday,May,2035,2035-May,12,132,19,2035-W19,2035-05-06,20,2035-W20,2035-05-07,Non-Holiday,Weekend
3420,2035-05-13,3420,113,Sunday,May,2035,2035-May,13,133,20,2035-W20,2035-05-06,20,2035-W20,2035-05-07,Non-Holiday,Weekend
3421,2035-05-14,3421,113,Monday,May,2035,2035-May,14,134,20,2035-W20,2035-05-13,21,2035-W21,2035-05-14,Non-Holiday,Weekday
3422,2035-05-15,3422,113,Tuesday,May,2035,2035-May,15,135,20,2035-W20,2035-05-13,21,2035-W21,2035-05-14,Non-Holiday,Weekday
3423,2035-05-16,3423,113,Wednesday,May,2035,2035-May,16,136,20,2035-W20,2035-05-13,21,2035-W21,2035-05-14,Non-Holiday,Weekday
3424,2035-05-17,3424,113,Thursday,May,2035,2035-May,17,137,20,2035-W20,2035-05-13,21,2035-W21,2035-05-14,Non-Holiday,Weekday
3425,2035-05-18,3425,113,Friday,May,2035,2035-May,18,138,20,2035-W20,2035-05-13,21,2035-W21,2035-05-14,Non-Holiday,Weekday
3426,2035-05-19,3426,113,Saturday,May,2035,2035-May,19,139,20,2035-W20,2035-05-13,21,2035-W21,2035-05-14,Non-Holiday,Weekend
3427,2035-05-20,3427,113,Sunday,May,2035,2035-May,20,140,21,2035-W21,2035-05-13,21,2035-W21,2035-05-14,Non-Holiday,Weekend
3428,2035-05-21,3428,113,Monday,May,2035,2035-May,21,141,21,2035-W21,2035-05-20,22,2035-W22,2035-05-21,Non-Holiday,Weekday
3429,2035-05-22,3429,113,Tuesday,May,2035,2035-May,22,142,21,2035-W21,2035-05-20,22,2035-W22,2035-05-21,Non-Holiday,Weekday
3430,2035-05-23,3430,113,Wednesday,May,2035,2035-May,23,143,21,2035-W21,2035-05-20,22,2035-W22,2035-05-21,Non-Holiday,Weekday
3431,2035-05-24,3431,113,Thursday,May,2035,2035-May,24,144,21,2035-W21,2035-05-20,22,2035-W22,2035-05-21,Non-Holiday,Weekday
3432,2035-05-25,3432,113,Friday,May,2035,2035-May,25,145,21,2035-W21,2035-05-20,22,2035-W22,2035-05-21,Non-Holiday,Weekday
3433,2035-05-26,3433,113,Saturday,May,2035,2035-May,26,146,21,2035-W21,2035-05-20,22,2035-W22,2035-05-21,Non-Holiday,Weekend
3434,2035-05-27,3434,113,Sunday,May,2035,2035-May,27,147,22,2035-W22,2035-05-20,22,2035-W22,2035-05-21,Non-Holiday,Weekend
3435,2035-05-28,3435,113,Monday,May,2035,2035-May,28,148,22,2035-W22,2035-05-27,23,2035-W23,2035-05-28,Non-Holiday,Weekday
3436,2035-05-29,3436,113,Tuesday,May,2035,2035-May,29,149,22,2035-W22,2035-05-27,23,2035-W23,2035-05-28,Non-Holiday,Weekday
3437,2035-05-30,3437,113,Wednesday,May,2035,2035-May,30,150,22,2035-W22,2035-05-27,23,2035-W23,2035-05-28,Non-Holiday,Weekday
3438,2035-05-31,3438,113,Thursday,May,2035,2035-May,31,151,22,2035-W22,2035-05-27,23,2035-W23,2035-05-28,Non-Holiday,Weekday
3439,2035-06-01,3439,114,Friday,June,2035,2035-Jun,1,152,22,2035-W22,2035-05-27,23,2035-W23,2035-05-28,Non-Holiday,Weekday
3440,2035-06-02,3440,114,Saturday,June,2035,2035-Jun,2,153,22,2035-W22,2035-05-27,23,2035-W23,2035-05-28,Non-Holiday,Weekend
3441,2035-06-03,3441,114,Sunday,June,2035,2035-Jun,3,154,23,2035-W23,2035-05-27,23,2035-W23,2035-05-28,Non-Holiday,Weekend
3442,2035-06-04,3442,114,Monday,June,2035,2035-Jun,4,155,23,2035-W23,2035-06-03,24,2035-W24,2035-06-04,Non-Holiday,Weekday
3443,2035-06-05,3443,114,Tuesday,June,2035,2035-Jun,5,156,23,2035-W23,2035-06-03,24,2035-W24,2035-06-04,Non-Holiday,Weekday
3444,2035-06-06,3444,114,Wednesday,June,2035,2035-Jun,6,157,23,2035-W23,2035-06-03,24,2035-W24,2035-06-04,Non-Holiday,Weekday
3445,2035-06-07,3445,114,Thursday,June,2035,2035-Jun,7,158,23,2035-W23,2035-06-03,24,2035-W24,2035-06-04,Non-Holiday,Weekday
3446,2035-06-08,3446,114,Friday,June,2035,2035-Jun,8,159,23,2035-W23,2035-06-03,24,2035-W24,2035-06-04,Non-Holiday,Weekday
3447,2035-06-09,3447,114,Saturday,June,2035,2035-Jun,9,160,23,2035-W23,2035-06-03,24,2035-W24,2035-06-04,Non-Holiday,Weekend
3448,2035-06-10,3448,114,Sunday,June,2035,2035-Jun,10,161,24,2035-W24,2035-06-03,24,2035-W24,2035-06-04,Non-Holiday,Weekend
3449,2035-06-11,3449,114,Monday,June,2035,2035-Jun,11,162,24,2035-W24,2035-06-10,25,2035-W25,2035-06-11,Non-Holiday,Weekday
3450,2035-06-12,3450,114,Tuesday,June,2035,2035-Jun,12,163,24,2035-W24,2035-06-10,25,2035-W25,2035-06-11,Non-Holiday,Weekday
3451,2035-06-13,3451,114,Wednesday,June,2035,2035-Jun,13,164,24,2035-W24,2035-06-10,25,2035-W25,2035-06-11,Non-Holiday,Weekday
3452,2035-06-14,3452,114,Thursday,June,2035,2035-Jun,14,165,24,2035-W24,2035-06-10,25,2035-W25,2035-06-11,Non-Holiday,Weekday
3453,2035-06-15,3453,114,Friday,June,2035,2035-Jun,15,166,24,2035-W24,2035-06-10,25,2035-W25,2035-06-11,Non-Holiday,Weekday
3454,2035-06-16,3454,114,Saturday,June,2035,2035-Jun,16,167,24,2035-W24,2035-06-10,25,2035-W25,2035-06-11,Non-Holiday,Weekend
3455,2035-06-17,3455,114,Sunday,June,2035,2035-Jun,17,168,25,2035-W25,2035-06-10,25,2035-W25,2035-06-11,Non-Holiday,Weekend
3456,2035-06-18,3456,114,Monday,June,2035,2035-Jun,18,169,25,2035-W25,2035-06-17,26,2035-W26,2035-06-18,Non-Holiday,Weekday
3457,2035-06-19,3457,114,Tuesday,June,2035,2035-Jun,19,170,25,2035-W25,2035-06-17,26,2035-W26,2035-06-18,Non-Holiday,Weekday
3458,2035-06-20,3458,114,Wednesday,June,2035,2035-Jun,20,171,25,2035-W25,2035-06-17,26,2035-W26,2035-06-18,Non-Holiday,Weekday
3459,2035-06-21,3459,114,Thursday,June,2035,2035-Jun,21,172,25,2035-W25,2035-06-17,26,2035-W26,2035-06-18,Non-Holiday,Weekday
3460,2035-06-22,3460,114,Friday,June,2035,2035-Jun,22,173,25,2035-W25,2035-06-17,26,2035-W26,2035-06-18,Non-Holiday,Weekday
3461,2035-06-23,3461,114,Saturday,June,2035,2035-Jun,23,174,25,2035-W25,2035-06-17,26,2035-W26,2035-06-18,Non-Holiday,Weekend
3462,2035-06-24,3462,114,Sunday,June,2035,2035-Jun,24,175,26,2035-W26,2035-06-17,26,2035-W26,2035-06-18,Non-Holiday,Weekend
3463,2035-06-25,3463,114,Monday,June,2035,2035-Jun,25,176,26,2035-W26,2035-06-24,27,2035-W27,2035-06-25,Non-Holiday,Weekday
3464,2035-06-26,3464,114,Tuesday,June,2035,2035-Jun,26,177,26,2035-W26,2035-06-24,27,2035-W27,2035-06-25,Non-Holiday,Weekday
3465,2035-06-27,3465,114,Wednesday,June,2035,2035-Jun,27,178,26,2035-W26,2035-06-24,27,2035-W27,2035-06-25,Non-Holiday,Weekday
3466,2035-06-28,3466,114,Thursday,June,2035,2035-Jun,28,179,26,2035-W26,2035-06-24,27,2035-W27,2035-06-25,Non-Holiday,Weekday
3467,2035-06-29,3467,114,Friday,June,2035,2035-Jun,29,180,26,2035-W26,2035-06-24,27,2035-W27,2035-06-25,Non-Holiday,Weekday
3468,2035-06-30,3468,114,Saturday,June,2035,2035-Jun,30,181,26,2035-W26,2035-06-24,27,2035-W27,2035-06-25,Non-Holiday,Weekend
3469,2035-07-01,3469,115,Sunday,July,2035,2035-Jul,1,182,27,2035-W27,2035-06-24,27,2035-W27,2035-06-25,Non-Holiday,Weekend
3470,2035-07-02,3470,115,Monday,July,2035,2035-Jul,2,183,27,2035-W27,2035-07-01,28,2035-W28,2035-07-02,Non-Holiday,Weekday
3471,2035-07-03,3471,115,Tuesday,July,2035,2035-Jul,3,184,27,2035-W27,2035-07-01,28,2035-W28,2035-07-02,Non-Holiday,Weekday
3472,2035-07-04,3472,115,Wednesday,July,2035,2035-Jul,4,185,27,2035-W27,2035-07-01,28,2035-W28,2035-07-02,Non-Holiday,Weekday
3473,2035-07-05,3473,115,Thursday,July,2035,2035-Jul,5,186,27,2035-W27,2035-07-01,28,2035-W28,2035-07-02,Non-Holiday,Weekday
3474,2035-07-06,3474,115,Friday,July,2035,2035-Jul,6,187,27,2035-W27,2035-07-01,28,2035-W28,2035-07-02,Non-Holiday,Weekday
3475,2035-07-07,3475,115,Saturday,July,2035,2035-Jul,7,188,27,2035-W27,2035-07-01,28,2035-W28,2035-07-02,Non-Holiday,Weekend
3476,2035-07-08,3476,115,Sunday,July,2035,2035-Jul,8,189,28,2035-W28,2035-07-01,28,2035-W28,2035-07-02,Non-Holiday,Weekend
3477,2035-07-09,3477,115,Monday,July,2035,2035-Jul,9,190,28,2035-W28,2035-07-08,29,2035-W29,2035-07-09,Non-Holiday,Weekday
3478,2035-07-10,3478,115,Tuesday,July,2035,2035-Jul,10,191,28,2035-W28,2035-07-08,29,2035-W29,2035-07-09,Non-Holiday,Weekday
3479,2035-07-11,3479,115,Wednesday,July,2035,2035-Jul,11,192,28,2035-W28,2035-07-08,29,2035-W29,2035-07-09,Non-Holiday,Weekday
3480,2035-07-12,3480,115,Thursday,July,2035,2035-Jul,12,193,28,2035-W28,2035-07-08,29,2035-W29,2035-07-09,Non-Holiday,Weekday
3481,2035-07-13,3481,115,Friday,July,2035,2035-Jul,13,194,28,2035-W28,2035-07-08,29,2035-W29,2035-07-09,Non-Holiday,Weekday
3482,2035-07-14,3482,115,Saturday,July,2035,2035-Jul,14,195,28,2035-W28,2035-07-08,29,2035-W29,2035-07-09,Non-Holiday,Weekend
3483,2035-07-15,3483,115,Sunday,July,2035,2035-Jul,15,196,29,2035-W29,2035-07-08,29,2035-W29,2035-07-09,Non-Holiday,Weekend
3484,2035-07-16,3484,115,Monday,July,2035,2035-Jul,16,197,29,2035-W29,2035-07-15,30,2035-W30,2035-07-16,Non-Holiday,Weekday
3485,2035-07-17,3485,115,Tuesday,July,2035,2035-Jul,17,198,29,2035-W29,2035-07-15,30,2035-W30,2035-07-16,Non-Holiday,Weekday
3486,2035-07-18,3486,115,Wednesday,July,2035,2035-Jul,18,199,29,2035-W29,2035-07-15,30,2035-W30,2035-07-16,Non-Holiday,Weekday
3487,2035-07-19,3487,115,Thursday,July,2035,2035-Jul,19,200,29,2035-W29,2035-07-15,30,2035-W30,2035-07-16,Non-Holiday,Weekday
3488,2035-07-20,3488,115,Friday,July,2035,2035-Jul,20,201,29,2035-W29,2035-07-15,30,2035-W30,2035-07-16,Non-Holiday,Weekday
3489,2035-07-21,3489,115,Saturday,July,2035,2035-Jul,21,202,29,2035-W29,2035-07-15,30,2035-W30,2035-07-16,Non-Holiday,Weekend
3490,2035-07-22,3490,115,Sunday,July,2035,2035-Jul,22,203,30,2035-W30,2035-07-15,30,2035-W30,2035-07-16,Non-Holiday,Weekend
3491,2035-07-23,3491,115,Monday,July,2035,2035-Jul,23,204,30,2035-W30,2035-07-22,31,2035-W31,2035-07-23,Non-Holiday,Weekday
3492,2035-07-24,3492,115,Tuesday,July,2035,2035-Jul,24,205,30,2035-W30,2035-07-22,31,2035-W31,2035-07-23,Non-Holiday,Weekday
3493,2035-07-25,3493,115,Wednesday,July,2035,2035-Jul,25,206,30,2035-W30,2035-07-22,31,2035-W31,2035-07-23,Non-Holiday,Weekday
3494,2035-07-26,3494,115,Thursday,July,2035,2035-Jul,26,207,30,2035-W30,2035-07-22,31,2035-W31,2035-07-23,Non-Holiday,Weekday
3495,2035-07-27,3495,115,Friday,July,2035,2035-Jul,27,208,30,2035-W30,2035-07-22,31,2035-W31,2035-07-23,Non-Holiday,Weekday
3496,2035-07-28,3496,115,Saturday,July,2035,2035-Jul,28,209,30,2035-W30,2035-07-22,31,2035-W31,2035-07-23,Non-Holiday,Weekend
3497,2035-07-29,3497,115,Sunday,July,2035,2035-Jul,29,210,31,2035-W31,2035-07-22,31,2035-W31,2035-07-23,Non-Holiday,Weekend
3498,2035-07-30,3498,115,Monday,July,2035,2035-Jul,30,211,31,2035-W31,2035-07-29,32,2035-W32,2035-07-30,Non-Holiday,Weekday
3499,2035-07-31,3499,115,Tuesday,July,2035,2035-Jul,31,212,31,2035-W31,2035-07-29,32,2035-W32,2035-07-30,Non-Holiday,Weekday
3500,2035-08-01,3500,116,Wednesday,August,2035,2035-Aug,1,213,31,2035-W31,2035-07-29,32,2035-W32,2035-07-30,Non-Holiday,Weekday
3501,2035-08-02,3501,116,Thursday,August,2035,2035-Aug,2,214,31,2035-W31,2035-07-29,32,2035-W32,2035-07-30,Non-Holiday,Weekday
3502,2035-08-03,3502,116,Friday,August,2035,2035-Aug,3,215,31,2035-W31,2035-07-29,32,2035-W32,2035-07-30,Non-Holiday,Weekday
3503,2035-08-04,3503,116,Saturday,August,2035,2035-Aug,4,216,31,2035-W31,2035-07-29,32,2035-W32,2035-07-30,Non-Holiday,Weekend
3504,2035-08-05,3504,116,Sunday,August,2035,2035-Aug,5,217,32,2035-W32,2035-07-29,32,2035-W32,2035-07-30,Non-Holiday,Weekend
3505,2035-08-06,3505,116,Monday,August,2035,2035-Aug,6,218,32,2035-W32,2035-08-05,33,2035-W33,2035-08-06,Non-Holiday,Weekday
3506,2035-08-07,3506,116,Tuesday,August,2035,2035-Aug,7,219,32,2035-W32,2035-08-05,33,2035-W33,2035-08-06,Non-Holiday,Weekday
3507,2035-08-08,3507,116,Wednesday,August,2035,2035-Aug,8,220,32,2035-W32,2035-08-05,33,2035-W33,2035-08-06,Non-Holiday,Weekday
3508,2035-08-09,3508,116,Thursday,August,2035,2035-Aug,9,221,32,2035-W32,2035-08-05,33,2035-W33,2035-08-06,Non-Holiday,Weekday
3509,2035-08-10,3509,116,Friday,August,2035,2035-Aug,10,222,32,2035-W32,2035-08-05,33,2035-W33,2035-08-06,Non-Holiday,Weekday
3510,2035-08-11,3510,116,Saturday,August,2035,2035-Aug,11,223,32,2035-W32,2035-08-05,33,2035-W33,2035-08-06,Non-Holiday,Weekend
3511,2035-08-12,3511,116,Sunday,August,2035,2035-Aug,12,224,33,2035-W33,2035-08-05,33,2035-W33,2035-08-06,Non-Holiday,Weekend
3512,2035-08-13,3512,116,Monday,August,2035,2035-Aug,13,225,33,2035-W33,2035-08-12,34,2035-W34,2035-08-13,Non-Holiday,Weekday
3513,2035-08-14,3513,116,Tuesday,August,2035,2035-Aug,14,226,33,2035-W33,2035-08-12,34,2035-W34,2035-08-13,Non-Holiday,Weekday
3514,2035-08-15,3514,116,Wednesday,August,2035,2035-Aug,15,227,33,2035-W33,2035-08-12,34,2035-W34,2035-08-13,Non-Holiday,Weekday
3515,2035-08-16,3515,116,Thursday,August,2035,2035-Aug,16,228,33,2035-W33,2035-08-12,34,2035-W34,2035-08-13,Non-Holiday,Weekday
3516,2035-08-17,3516,116,Friday,August,2035,2035-Aug,17,229,33,2035-W33,2035-08-12,34,2035-W34,2035-08-13,Non-Holiday,Weekday
3517,2035-08-18,3517,116,Saturday,August,2035,2035-Aug,18,230,33,2035-W33,2035-08-12,34,2035-W34,2035-08-13,Non-Holiday,Weekend
3518,2035-08-19,3518,116,Sunday,August,2035,2035-Aug,19,231,34,2035-W34,2035-08-12,34,2035-W34,2035-08-13,Non-Holiday,Weekend
3519,2035-08-20,3519,116,Monday,August,2035,2035-Aug,20,232,34,2035-W34,2035-08-19,35,2035-W35,2035-08-20,Non-Holiday,Weekday
3520,2035-08-21,3520,116,Tuesday,August,2035,2035-Aug,21,233,34,2035-W34,2035-08-19,35,2035-W35,2035-08-20,Non-Holiday,Weekday
3521,2035-08-22,3521,116,Wednesday,August,2035,2035-Aug,22,234,34,2035-W34,2035-08-19,35,2035-W35,2035-08-20,Non-Holiday,Weekday
3522,2035-08-23,3522,116,Thursday,August,2035,2035-Aug,23,235,34,2035-W34,2035-08-19,35,2035-W35,2035-08-20,Non-Holiday,Weekday
3523,2035-08-24,3523,116,Friday,August,2035,2035-Aug,24,236,34,2035-W34,2035-08-19,35,2035-W35,2035-08-20,Non-Holiday,Weekday
3524,2035-08-25,3524,116,Saturday,August,2035,2035-Aug,25,237,34,2035-W34,2035-08-19,35,2035-W35,2035-08-20,Non-Holiday,Weekend
3525,2035-08-26,3525,116,Sunday,August,2035,2035-Aug,26,238,35,2035-W35,2035-08-19,35,2035-W35,2035-08-20,Non-Holiday,Weekend
3526,2035-08-27,3526,116,Monday,August,2035,2035-Aug,27,239,35,2035-W35,2035-08-26,36,2035-W36,2035-08-27,Non-Holiday,Weekday
3527,2035-08-28,3527,116,Tuesday,August,2035,2035-Aug,28,240,35,2035-W35,2035-08-26,36,2035-W36,2035-08-27,Non-Holiday,Weekday
3528,2035-08-29,3528,116,Wednesday,August,2035,2035-Aug,29,241,35,2035-W35,2035-08-26,36,2035-W36,2035-08-27,Non-Holiday,Weekday
3529,2035-08-30,3529,116,Thursday,August,2035,2035-Aug,30,242,35,2035-W35,2035-08-26,36,2035-W36,2035-08-27,Non-Holiday,Weekday
3530,2035-08-31,3530,116,Friday,August,2035,2035-Aug,31,243,35,2035-W35,2035-08-26,36,2035-W36,2035-08-27,Non-Holiday,Weekday
3531,2035-09-01,3531,117,Saturday,September,2035,2035-Sep,1,244,35,2035-W35,2035-08-26,36,2035-W36,2035-08-27,Non-Holiday,Weekend
3532,2035-09-02,3532,117,Sunday,September,2035,2035-Sep,2,245,36,2035-W36,2035-08-26,36,2035-W36,2035-08-27,Non-Holiday,Weekend
3533,2035-09-03,3533,117,Monday,September,2035,2035-Sep,3,246,36,2035-W36,2035-09-02,37,2035-W37,2035-09-03,Non-Holiday,Weekday
3534,2035-09-04,3534,117,Tuesday,September,2035,2035-Sep,4,247,36,2035-W36,2035-09-02,37,2035-W37,2035-09-03,Non-Holiday,Weekday
3535,2035-09-05,3535,117,Wednesday,September,2035,2035-Sep,5,248,36,2035-W36,2035-09-02,37,2035-W37,2035-09-03,Non-Holiday,Weekday
3536,2035-09-06,3536,117,Thursday,September,2035,2035-Sep,6,249,36,2035-W36,2035-09-02,37,2035-W37,2035-09-03,Non-Holiday,Weekday
3537,2035-09-07,3537,117,Friday,September,2035,2035-Sep,7,250,36,2035-W36,2035-09-02,37,2035-W37,2035-09-03,Non-Holiday,Weekday
3538,2035-09-08,3538,117,Saturday,September,2035,2035-Sep,8,251,36,2035-W36,2035-09-02,37,2035-W37,2035-09-03,Non-Holiday,Weekend
3539,2035-09-09,3539,117,Sunday,September,2035,2035-Sep,9,252,37,2035-W37,2035-09-02,37,2035-W37,2035-09-03,Non-Holiday,Weekend
3540,2035-09-10,3540,117,Monday,September,2035,2035-Sep,10,253,37,2035-W37,2035-09-09,38,2035-W38,2035-09-10,Non-Holiday,Weekday
3541,2035-09-11,3541,117,Tuesday,September,2035,2035-Sep,11,254,37,2035-W37,2035-09-09,38,2035-W38,2035-09-10,Non-Holiday,Weekday
3542,2035-09-12,3542,117,Wednesday,September,2035,2035-Sep,12,255,37,2035-W37,2035-09-09,38,2035-W38,2035-09-10,Non-Holiday,Weekday
3543,2035-09-13,3543,117,Thursday,September,2035,2035-Sep,13,256,37,2035-W37,2035-09-09,38,2035-W38,2035-09-10,Non-Holiday,Weekday
3544,2035-09-14,3544,117,Friday,September,2035,2035-Sep,14,257,37,2035-W37,2035-09-09,38,2035-W38,2035-09-10,Non-Holiday,Weekday
3545,2035-09-15,3545,117,Saturday,September,2035,2035-Sep,15,258,37,2035-W37,2035-09-09,38,2035-W38,2035-09-10,Non-Holiday,Weekend
3546,2035-09-16,3546,117,Sunday,September,2035,2035-Sep,16,259,38,2035-W38,2035-09-09,38,2035-W38,2035-09-10,Non-Holiday,Weekend
3547,2035-09-17,3547,117,Monday,September,2035,2035-Sep,17,260,38,2035-W38,2035-09-16,39,2035-W39,2035-09-17,Non-Holiday,Weekday
3548,2035-09-18,3548,117,Tuesday,September,2035,2035-Sep,18,261,38,2035-W38,2035-09-16,39,2035-W39,2035-09-17,Non-Holiday,Weekday
3549,2035-09-19,3549,117,Wednesday,September,2035,2035-Sep,19,262,38,2035-W38,2035-09-16,39,2035-W39,2035-09-17,Non-Holiday,Weekday
3550,2035-09-20,3550,117,Thursday,September,2035,2035-Sep,20,263,38,2035-W38,2035-09-16,39,2035-W39,2035-09-17,Non-Holiday,Weekday
3551,2035-09-21,3551,117,Friday,September,2035,2035-Sep,21,264,38,2035-W38,2035-09-16,39,2035-W39,2035-09-17,Non-Holiday,Weekday
3552,2035-09-22,3552,117,Saturday,September,2035,2035-Sep,22,265,38,2035-W38,2035-09-16,39,2035-W39,2035-09-17,Non-Holiday,Weekend
3553,2035-09-23,3553,117,Sunday,September,2035,2035-Sep,23,266,39,2035-W39,2035-09-16,39,2035-W39,2035-09-17,Non-Holiday,Weekend
3554,2035-09-24,3554,117,Monday,September,2035,2035-Sep,24,267,39,2035-W39,2035-09-23,40,2035-W40,2035-09-24,Non-Holiday,Weekday
3555,2035-09-25,3555,117,Tuesday,September,2035,2035-Sep,25,268,39,2035-W39,2035-09-23,40,2035-W40,2035-09-24,Non-Holiday,Weekday
3556,2035-09-26,3556,117,Wednesday,September,2035,2035-Sep,26,269,39,2035-W39,2035-09-23,40,2035-W40,2035-09-24,Non-Holiday,Weekday
3557,2035-09-27,3557,117,Thursday,September,2035,2035-Sep,27,270,39,2035-W39,2035-09-23,40,2035-W40,2035-09-24,Non-Holiday,Weekday
3558,2035-09-28,3558,117,Friday,September,2035,2035-Sep,28,271,39,2035-W39,2035-09-23,40,2035-W40,2035-09-24,Non-Holiday,Weekday
3559,2035-09-29,3559,117,Saturday,September,2035,2035-Sep,29,272,39,2035-W39,2035-09-23,40,2035-W40,2035-09-24,Non-Holiday,Weekend
3560,2035-09-30,3560,117,Sunday,September,2035,2035-Sep,30,273,40,2035-W40,2035-09-23,40,2035-W40,2035-09-24,Non-Holiday,Weekend
3561,2035-10-01,3561,118,Monday,October,2035,2035-Oct,1,274,40,2035-W40,2035-09-30,41,2035-W41,2035-10-01,Non-Holiday,Weekday
3562,2035-10-02,3562,118,Tuesday,October,2035,2035-Oct,2,275,40,2035-W40,2035-09-30,41,2035-W41,2035-10-01,Non-Holiday,Weekday
3563,2035-10-03,3563,118,Wednesday,October,2035,2035-Oct,3,276,40,2035-W40,2035-09-30,41,2035-W41,2035-10-01,Non-Holiday,Weekday
3564,2035-10-04,3564,118,Thursday,October,2035,2035-Oct,4,277,40,2035-W40,2035-09-30,41,2035-W41,2035-10-01,Non-Holiday,Weekday
3565,2035-10-05,3565,118,Friday,October,2035,2035-Oct,5,278,40,2035-W40,2035-09-30,41,2035-W41,2035-10-01,Non-Holiday,Weekday
3566,2035-10-06,3566,118,Saturday,October,2035,2035-Oct,6,279,40,2035-W40,2035-09-30,41,2035-W41,2035-10-01,Non-Holiday,Weekend
3567,2035-10-07,3567,118,Sunday,October,2035,2035-Oct,7,280,41,2035-W41,2035-09-30,41,2035-W41,2035-10-01,Non-Holiday,Weekend
3568,2035-10-08,3568,118,Monday,October,2035,2035-Oct,8,281,41,2035-W41,2035-10-07,42,2035-W42,2035-10-08,Non-Holiday,Weekday
3569,2035-10-09,3569,118,Tuesday,October,2035,2035-Oct,9,282,41,2035-W41,2035-10-07,42,2035-W42,2035-10-08,Non-Holiday,Weekday
3570,2035-10-10,3570,118,Wednesday,October,2035,2035-Oct,10,283,41,2035-W41,2035-10-07,42,2035-W42,2035-10-08,Non-Holiday,Weekday
3571,2035-10-11,3571,118,Thursday,October,2035,2035-Oct,11,284,41,2035-W41,2035-10-07,42,2035-W42,2035-10-08,Non-Holiday,Weekday
3572,2035-10-12,3572,118,Friday,October,2035,2035-Oct,12,285,41,2035-W41,2035-10-07,42,2035-W42,2035-10-08,Non-Holiday,Weekday
3573,2035-10-13,3573,118,Saturday,October,2035,2035-Oct,13,286,41,2035-W41,2035-10-07,42,2035-W42,2035-10-08,Non-Holiday,Weekend
3574,2035-10-14,3574,118,Sunday,October,2035,2035-Oct,14,287,42,2035-W42,2035-10-07,42,2035-W42,2035-10-08,Non-Holiday,Weekend
3575,2035-10-15,3575,118,Monday,October,2035,2035-Oct,15,288,42,2035-W42,2035-10-14,43,2035-W43,2035-10-15,Non-Holiday,Weekday
3576,2035-10-16,3576,118,Tuesday,October,2035,2035-Oct,16,289,42,2035-W42,2035-10-14,43,2035-W43,2035-10-15,Non-Holiday,Weekday
3577,2035-10-17,3577,118,Wednesday,October,2035,2035-Oct,17,290,42,2035-W42,2035-10-14,43,2035-W43,2035-10-15,Non-Holiday,Weekday
3578,2035-10-18,3578,118,Thursday,October,2035,2035-Oct,18,291,42,2035-W42,2035-10-14,43,2035-W43,2035-10-15,Non-Holiday,Weekday
3579,2035-10-19,3579,118,Friday,October,2035,2035-Oct,19,292,42,2035-W42,2035-10-14,43,2035-W43,2035-10-15,Non-Holiday,Weekday
3580,2035-10-20,3580,118,Saturday,October,2035,2035-Oct,20,293,42,2035-W42,2035-10-14,43,2035-W43,2035-10-15,Non-Holiday,Weekend
3581,2035-10-21,3581,118,Sunday,October,2035,2035-Oct,21,294,43,2035-W43,2035-10-14,43,2035-W43,2035-10-15,Non-Holiday,Weekend
3582,2035-10-22,3582,118,Monday,October,2035,2035-Oct,22,295,43,2035-W43,2035-10-21,44,2035-W44,2035-10-22,Non-Holiday,Weekday
3583,2035-10-23,3583,118,Tuesday,October,2035,2035-Oct,23,296,43,2035-W43,2035-10-21,44,2035-W44,2035-10-22,Non-Holiday,Weekday
3584,2035-10-24,3584,118,Wednesday,October,2035,2035-Oct,24,297,43,2035-W43,2035-10-21,44,2035-W44,2035-10-22,Non-Holiday,Weekday
3585,2035-10-25,3585,118,Thursday,October,2035,2035-Oct,25,298,43,2035-W43,2035-10-21,44,2035-W44,2035-10-22,Non-Holiday,Weekday
3586,2035-10-26,3586,118,Friday,October,2035,2035-Oct,26,299,43,2035-W43,2035-10-21,44,2035-W44,2035-10-22,Non-Holiday,Weekday
3587,2035-10-27,3587,118,Saturday,October,2035,2035-Oct,27,300,43,2035-W43,2035-10-21,44,2035-W44,2035-10-22,Non-Holiday,Weekend
3588,2035-10-28,3588,118,Sunday,October,2035,2035-Oct,28,301,44,2035-W44,2035-10-21,44,2035-W44,2035-10-22,Non-Holiday,Weekend
3589,2035-10-29,3589,118,Monday,October,2035,2035-Oct,29,302,44,2035-W44,2035-10-28,45,2035-W45,2035-10-29,Non-Holiday,Weekday
3590,2035-10-30,3590,118,Tuesday,October,2035,2035-Oct,30,303,44,2035-W44,2035-10-28,45,2035-W45,2035-10-29,Non-Holiday,Weekday
3591,2035-10-31,3591,118,Wednesday,October,2035,2035-Oct,31,304,44,2035-W44,2035-10-28,45,2035-W45,2035-10-29,Non-Holiday,Weekday
3592,2035-11-01,3592,119,Thursday,November,2035,2035-Nov,1,305,44,2035-W44,2035-10-28,45,2035-W45,2035-10-29,Non-Holiday,Weekday
3593,2035-11-02,3593,119,Friday,November,2035,2035-Nov,2,306,44,2035-W44,2035-10-28,45,2035-W45,2035-10-29,Non-Holiday,Weekday
3594,2035-11-03,3594,119,Saturday,November,2035,2035-Nov,3,307,44,2035-W44,2035-10-28,45,2035-W45,2035-10-29,Non-Holiday,Weekend
3595,2035-11-04,3595,119,Sunday,November,2035,2035-Nov,4,308,45,2035-W45,2035-10-28,45,2035-W45,2035-10-29,Non-Holiday,Weekend
3596,2035-11-05,3596,119,Monday,November,2035,2035-Nov,5,309,45,2035-W45,2035-11-04,46,2035-W46,2035-11-05,Non-Holiday,Weekday
3597,2035-11-06,3597,119,Tuesday,November,2035,2035-Nov,6,310,45,2035-W45,2035-11-04,46,2035-W46,2035-11-05,Non-Holiday,Weekday
3598,2035-11-07,3598,119,Wednesday,November,2035,2035-Nov,7,311,45,2035-W45,2035-11-04,46,2035-W46,2035-11-05,Non-Holiday,Weekday
3599,2035-11-08,3599,119,Thursday,November,2035,2035-Nov,8,312,45,2035-W45,2035-11-04,46,2035-W46,2035-11-05,Non-Holiday,Weekday
3600,2035-11-09,3600,119,Friday,November,2035,2035-Nov,9,313,45,2035-W45,2035-11-04,46,2035-W46,2035-11-05,Non-Holiday,Weekday
3601,2035-11-10,3601,119,Saturday,November,2035,2035-Nov,10,314,45,2035-W45,2035-11-04,46,2035-W46,2035-11-05,Non-Holiday,Weekend
3602,2035-11-11,3602,119,Sunday,November,2035,2035-Nov,11,315,46,2035-W46,2035-11-04,46,2035-W46,2035-11-05,Non-Holiday,Weekend
3603,2035-11-12,3603,119,Monday,November,2035,2035-Nov,12,316,46,2035-W46,2035-11-11,47,2035-W47,2035-11-12,Non-Holiday,Weekday
3604,2035-11-13,3604,119,Tuesday,November,2035,2035-Nov,13,317,46,2035-W46,2035-11-11,47,2035-W47,2035-11-12,Non-Holiday,Weekday
3605,2035-11-14,3605,119,Wednesday,November,2035,2035-Nov,14,318,46,2035-W46,2035-11-11,47,2035-W47,2035-11-12,Non-Holiday,Weekday
3606,2035-11-15,3606,119,Thursday,November,2035,2035-Nov,15,319,46,2035-W46,2035-11-11,47,2035-W47,2035-11-12,Non-Holiday,Weekday
3607,2035-11-16,3607,119,Friday,November,2035,2035-Nov,16,320,46,2035-W46,2035-11-11,47,2035-W47,2035-11-12,Non-Holiday,Weekday
3608,2035-11-17,3608,119,Saturday,November,2035,2035-Nov,17,321,46,2035-W46,2035-11-11,47,2035-W47,2035-11-12,Non-Holiday,Weekend
3609,2035-11-18,3609,119,Sunday,November,2035,2035-Nov,18,322,47,2035-W47,2035-11-11,47,2035-W47,2035-11-12,Non-Holiday,Weekend
3610,2035-11-19,3610,119,Monday,November,2035,2035-Nov,19,323,47,2035-W47,2035-11-18,48,2035-W48,2035-11-19,Non-Holiday,Weekday
3611,2035-11-20,3611,119,Tuesday,November,2035,2035-Nov,20,324,47,2035-W47,2035-11-18,48,2035-W48,2035-11-19,Non-Holiday,Weekday
3612,2035-11-21,3612,119,Wednesday,November,2035,2035-Nov,21,325,47,2035-W47,2035-11-18,48,2035-W48,2035-11-19,Non-Holiday,Weekday
3613,2035-11-22,3613,119,Thursday,November,2035,2035-Nov,22,326,47,2035-W47,2035-11-18,48,2035-W48,2035-11-19,Non-Holiday,Weekday
3614,2035-11-23,3614,119,Friday,November,2035,2035-Nov,23,327,47,2035-W47,2035-11-18,48,2035-W48,2035-11-19,Non-Holiday,Weekday
3615,2035-11-24,3615,119,Saturday,November,2035,2035-Nov,24,328,47,2035-W47,2035-11-18,48,2035-W48,2035-11-19,Non-Holiday,Weekend
3616,2035-11-25,3616,119,Sunday,November,2035,2035-Nov,25,329,48,2035-W48,2035-11-18,48,2035-W48,2035-11-19,Non-Holiday,Weekend
3617,2035-11-26,3617,119,Monday,November,2035,2035-Nov,26,330,48,2035-W48,2035-11-25,49,2035-W49,2035-11-26,Non-Holiday,Weekday
3618,2035-11-27,3618,119,Tuesday,November,2035,2035-Nov,27,331,48,2035-W48,2035-11-25,49,2035-W49,2035-11-26,Non-Holiday,Weekday
3619,2035-11-28,3619,119,Wednesday,November,2035,2035-Nov,28,332,48,2035-W48,2035-11-25,49,2035-W49,2035-11-26,Non-Holiday,Weekday
3620,2035-11-29,3620,119,Thursday,November,2035,2035-Nov,29,333,48,2035-W48,2035-11-25,49,2035-W49,2035-11-26,Non-Holiday,Weekday
3621,2035-11-30,3621,119,Friday,November,2035,2035-Nov,30,334,48,2035-W48,2035-11-25,49,2035-W49,2035-11-26,Non-Holiday,Weekday
3622,2035-12-01,3622,120,Saturday,December,2035,2035-Dec,1,335,48,2035-W48,2035-11-25,49,2035-W49,2035-11-26,Non-Holiday,Weekend
3623,2035-12-02,3623,120,Sunday,December,2035,2035-Dec,2,336,49,2035-W49,2035-11-25,49,2035-W49,2035-11-26,Non-Holiday,Weekend
3624,2035-12-03,3624,120,Monday,December,2035,2035-Dec,3,337,49,2035-W49,2035-12-02,50,2035-W50,2035-12-03,Non-Holiday,Weekday
3625,2035-12-04,3625,120,Tuesday,December,2035,2035-Dec,4,338,49,2035-W49,2035-12-02,50,2035-W50,2035-12-03,Non-Holiday,Weekday
3626,2035-12-05,3626,120,Wednesday,December,2035,2035-Dec,5,339,49,2035-W49,2035-12-02,50,2035-W50,2035-12-03,Non-Holiday,Weekday
3627,2035-12-06,3627,120,Thursday,December,2035,2035-Dec,6,340,49,2035-W49,2035-12-02,50,2035-W50,2035-12-03,Non-Holiday,Weekday
3628,2035-12-07,3628,120,Friday,December,2035,2035-Dec,7,341,49,2035-W49,2035-12-02,50,2035-W50,2035-12-03,Non-Holiday,Weekday
3629,2035-12-08,3629,120,Saturday,December,2035,2035-Dec,8,342,49,2035-W49,2035-12-02,50,2035-W50,2035-12-03,Non-Holiday,Weekend
3630,2035-12-09,3630,120,Sunday,December,2035,2035-Dec,9,343,50,2035-W50,2035-12-02,50,2035-W50,2035-12-03,Non-Holiday,Weekend
3631,2035-12-10,3631,120,Monday,December,2035,2035-Dec,10,344,50,2035-W50,2035-12-09,51,2035-W51,2035-12-10,Non-Holiday,Weekday
3632,2035-12-11,3632,120,Tuesday,December,2035,2035-Dec,11,345,50,2035-W50,2035-12-09,51,2035-W51,2035-12-10,Non-Holiday,Weekday
3633,2035-12-12,3633,120,Wednesday,December,2035,2035-Dec,12,346,50,2035-W50,2035-12-09,51,2035-W51,2035-12-10,Non-Holiday,Weekday
3634,2035-12-13,3634,120,Thursday,December,2035,2035-Dec,13,347,50,2035-W50,2035-12-09,51,2035-W51,2035-12-10,Non-Holiday,Weekday
3635,2035-12-14,3635,120,Friday,December,2035,2035-Dec,14,348,50,2035-W50,2035-12-09,51,2035-W51,2035-12-10,Non-Holiday,Weekday
3636,2035-12-15,3636,120,Saturday,December,2035,2035-Dec,15,349,50,2035-W50,2035-12-09,51,2035-W51,2035-12-10,Non-Holiday,Weekend
3637,2035-12-16,3637,120,Sunday,December,2035,2035-Dec,16,350,51,2035-W51,2035-12-09,51,2035-W51,2035-12-10,Non-Holiday,Weekend
3638,2035-12-17,3638,120,Monday,December,2035,2035-Dec,17,351,51,2035-W51,2035-12-16,52,2035-W52,2035-12-17,Non-Holiday,Weekday
3639,2035-12-18,3639,120,Tuesday,December,2035,2035-Dec,18,352,51,2035-W51,2035-12-16,52,2035-W52,2035-12-17,Non-Holiday,Weekday
3640,2035-12-19,3640,120,Wednesday,December,2035,2035-Dec,19,353,51,2035-W51,2035-12-16,52,2035-W52,2035-12-17,Non-Holiday,Weekday
3641,2035-12-20,3641,120,Thursday,December,2035,2035-Dec,20,354,51,2035-W51,2035-12-16,52,2035-W52,2035-12-17,Non-Holiday,Weekday
3642,2035-12-21,3642,120,Friday,December,2035,2035-Dec,21,355,51,2035-W51,2035-12-16,52,2035-W52,2035-12-17,Non-Holiday,Weekday
3643,2035-12-22,3643,120,Saturday,December,2035,2035-Dec,22,356,51,2035-W51,2035-12-16,52,2035-W52,2035-12-17,Non-Holiday,Weekend
3644,2035-12-23,3644,120,Sunday,December,2035,2035-Dec,23,357,52,2035-W52,2035-12-16,52,2035-W52,2035-12-17,Non-Holiday,Weekend
3645,2035-12-24,3645,120,Monday,December,2035,2035-Dec,24,358,52,2035-W52,2035-12-23,53,2035-W53,2035-12-24,Non-Holiday,Weekday
3646,2035-12-25,3646,120,Tuesday,December,2035,2035-Dec,25,359,52,2035-W52,2035-12-23,53,2035-W53,2035-12-24,Non-Holiday,Weekday
3647,2035-12-26,3647,120,Wednesday,December,2035,2035-Dec,26,360,52,2035-W52,2035-12-23,53,2035-W53,2035-12-24,Non-Holiday,Weekday
3648,2035-12-27,3648,120,Thursday,December,2035,2035-Dec,27,361,52,2035-W52,2035-12-23,53,2035-W53,2035-12-24,Non-Holiday,Weekday
3649,2035-12-28,3649,120,Friday,December,2035,2035-Dec,28,362,52,2035-W52,2035-12-23,53,2035-W53,2035-12-24,Non-Holiday,Weekday
3650,2035-12-29,3650,120,Saturday,December,2035,2035-Dec,29,363,52,2035-W52,2035-12-23,53,2035-W53,2035-12-24,Non-Holiday,Weekend
3651,2035-12-30,3651,120,Sunday,December,2035,2035-Dec,30,364,53,2035-W53,2035-12-23,53,2035-W53,2035-12-24,Non-Holiday,Weekend
3652,2035-12-31,3652,120,Monday,December,2035,2035-Dec,31,365,53,2035-W53,2035-12-30,54,2035-W54,2035-12-31,Non-Holiday,Weekday
3653,2036-01-01,3653,121,Tuesday,January,2036,2036-Jan,1,1,1,2036-W01,2035-12-30,1,2036-W01,2035-12-31,Non-Holiday,Weekday
3654,2036-01-02,3654,121,Wednesday,January,2036,2036-Jan,2,2,1,2036-W01,2035-12-30,1,2036-W01,2035-12-31,Non-Holiday,Weekday
3655,2036-01-03,3655,121,Thursday,January,2036,2036-Jan,3,3,1,2036-W01,2035-12-30,1,2036-W01,2035-12-31,Non-Holiday,Weekday
3656,2036-01-04,3656,121,Friday,January,2036,2036-Jan,4,4,1,2036-W01,2035-12-30,1,2036-W01,2035-12-31,Non-Holiday,Weekday
3657,2036-01-05,3657,121,Saturday,January,2036,2036-Jan,5,5,1,2036-W01,2035-12-30,1,2036-W01,2035-12-31,Non-Holiday,Weekend
3658,2036-01-06,3658,121,Sunday,January,2036,2036-Jan,6,6,2,2036-W02,2035-12-30,1,2036-W01,2035-12-31,Non-Holiday,Weekend
3659,2036-01-07,3659,121,Monday,January,2036,2036-Jan,7,7,2,2036-W02,2036-01-06,2,2036-W02,2036-01-07,Non-Holiday,Weekday
3660,2036-01-08,3660,121,Tuesday,January,2036,2036-Jan,8,8,2,2036-W02,2036-01-06,2,2036-W02,2036-01-07,Non-Holiday,Weekday
3661,2036-01-09,3661,121,Wednesday,January,2036,2036-Jan,9,9,2,2036-W02,2036-01-06,2,2036-W02,2036-01-07,Non-Holiday,Weekday
3662,2036-01-10,3662,121,Thursday,January,2036,2036-Jan,10,10,2,2036-W02,2036-01-06,2,2036-W02,2036-01-07,Non-Holiday,Weekday
3663,2036-01-11,3663,121,Friday,January,2036,2036-Jan,11,11,2,2036-W02,2036-01-06,2,2036-W02,2036-01-07,Non-Holiday,Weekday
3664,2036-01-12,3664,121,Saturday,January,2036,2036-Jan,12,12,2,2036-W02,2036-01-06,2,2036-W02,2036-01-07,Non-Holiday,Weekend
3665,2036-01-13,3665,121,Sunday,January,2036,2036-Jan,13,13,3,2036-W03,2036-01-06,2,2036-W02,2036-01-07,Non-Holiday,Weekend
3666,2036-01-14,3666,121,Monday,January,2036,2036-Jan,14,14,3,2036-W03,2036-01-13,3,2036-W03,2036-01-14,Non-Holiday,Weekday
3667,2036-01-15,3667,121,Tuesday,January,2036,2036-Jan,15,15,3,2036-W03,2036-01-13,3,2036-W03,2036-01-14,Non-Holiday,Weekday
3668,2036-01-16,3668,121,Wednesday,January,2036,2036-Jan,16,16,3,2036-W03,2036-01-13,3,2036-W03,2036-01-14,Non-Holiday,Weekday
3669,2036-01-17,3669,121,Thursday,January,2036,2036-Jan,17,17,3,2036-W03,2036-01-13,3,2036-W03,2036-01-14,Non-Holiday,Weekday
3670,2036-01-18,3670,121,Friday,January,2036,2036-Jan,18,18,3,2036-W03,2036-01-13,3,2036-W03,2036-01-14,Non-Holiday,Weekday
3671,2036-01-19,3671,121,Saturday,January,2036,2036-Jan,19,19,3,2036-W03,2036-01-13,3,2036-W03,2036-01-14,Non-Holiday,Weekend
3672,2036-01-20,3672,121,Sunday,January,2036,2036-Jan,20,20,4,2036-W04,2036-01-13,3,2036-W03,2036-01-14,Non-Holiday,Weekend
3673,2036-01-21,3673,121,Monday,January,2036,2036-Jan,21,21,4,2036-W04,2036-01-20,4,2036-W04,2036-01-21,Non-Holiday,Weekday
3674,2036-01-22,3674,121,Tuesday,January,2036,2036-Jan,22,22,4,2036-W04,2036-01-20,4,2036-W04,2036-01-21,Non-Holiday,Weekday
3675,2036-01-23,3675,121,Wednesday,January,2036,2036-Jan,23,23,4,2036-W04,2036-01-20,4,2036-W04,2036-01-21,Non-Holiday,Weekday
3676,2036-01-24,3676,121,Thursday,January,2036,2036-Jan,24,24,4,2036-W04,2036-01-20,4,2036-W04,2036-01-21,Non-Holiday,Weekday
3677,2036-01-25,3677,121,Friday,January,2036,2036-Jan,25,25,4,2036-W04,2036-01-20,4,2036-W04,2036-01-21,Non-Holiday,Weekday
3678,2036-01-26,3678,121,Saturday,January,2036,2036-Jan,26,26,4,2036-W04,2036-01-20,4,2036-W04,2036-01-21,Non-Holiday,Weekend
3679,2036-01-27,3679,121,Sunday,January,2036,2036-Jan,27,27,5,2036-W05,2036-01-20,4,2036-W04,2036-01-21,Non-Holiday,Weekend
3680,2036-01-28,3680,121,Monday,January,2036,2036-Jan,28,28,5,2036-W05,2036-01-27,5,2036-W05,2036-01-28,Non-Holiday,Weekday
3681,2036-01-29,3681,121,Tuesday,January,2036,2036-Jan,29,29,5,2036-W05,2036-01-27,5,2036-W05,2036-01-28,Non-Holiday,Weekday
3682,2036-01-30,3682,121,Wednesday,January,2036,2036-Jan,30,30,5,2036-W05,2036-01-27,5,2036-W05,2036-01-28,Non-Holiday,Weekday
3683,2036-01-31,3683,121,Thursday,January,2036,2036-Jan,31,31,5,2036-W05,2036-01-27,5,2036-W05,2036-01-28,Non-Holiday,Weekday
3684,2036-02-01,3684,122,Friday,February,2036,2036-Feb,1,32,5,2036-W05,2036-01-27,5,2036-W05,2036-01-28,Non-Holiday,Weekday
3685,2036-02-02,3685,122,Saturday,February,2036,2036-Feb,2,33,5,2036-W05,2036-01-27,5,2036-W05,2036-01-28,Non-Holiday,Weekend
3686,2036-02-03,3686,122,Sunday,February,2036,2036-Feb,3,34,6,2036-W06,2036-01-27,5,2036-W05,2036-01-28,Non-Holiday,Weekend
3687,2036-02-04,3687,122,Monday,February,2036,2036-Feb,4,35,6,2036-W06,2036-02-03,6,2036-W06,2036-02-04,Non-Holiday,Weekday
3688,2036-02-05,3688,122,Tuesday,February,2036,2036-Feb,5,36,6,2036-W06,2036-02-03,6,2036-W06,2036-02-04,Non-Holiday,Weekday
3689,2036-02-06,3689,122,Wednesday,February,2036,2036-Feb,6,37,6,2036-W06,2036-02-03,6,2036-W06,2036-02-04,Non-Holiday,Weekday
3690,2036-02-07,3690,122,Thursday,February,2036,2036-Feb,7,38,6,2036-W06,2036-02-03,6,2036-W06,2036-02-04,Non-Holiday,Weekday
3691,2036-02-08,3691,122,Friday,February,2036,2036-Feb,8,39,6,2036-W06,2036-02-03,6,2036-W06,2036-02-04,Non-Holiday,Weekday
3692,2036-02-09,3692,122,Saturday,February,2036,2036-Feb,9,40,6,2036-W06,2036-02-03,6,2036-W06,2036-02-04,Non-Holiday,Weekend
3693,2036-02-10,3693,122,Sunday,February,2036,2036-Feb,10,41,7,2036-W07,2036-02-03,6,2036-W06,2036-02-04,Non-Holiday,Weekend
3694,2036-02-11,3694,122,Monday,February,2036,2036-Feb,11,42,7,2036-W07,2036-02-10,7,2036-W07,2036-02-11,Non-Holiday,Weekday
3695,2036-02-12,3695,122,Tuesday,February,2036,2036-Feb,12,43,7,2036-W07,2036-02-10,7,2036-W07,2036-02-11,Non-Holiday,Weekday
3696,2036-02-13,3696,122,Wednesday,February,2036,2036-Feb,13,44,7,2036-W07,2036-02-10,7,2036-W07,2036-02-11,Non-Holiday,Weekday
3697,2036-02-14,3697,122,Thursday,February,2036,2036-Feb,14,45,7,2036-W07,2036-02-10,7,2036-W07,2036-02-11,Non-Holiday,Weekday
3698,2036-02-15,3698,122,Friday,February,2036,2036-Feb,15,46,7,2036-W07,2036-02-10,7,2036-W07,2036-02-11,Non-Holiday,Weekday
3699,2036-02-16,3699,122,Saturday,February,2036,2036-Feb,16,47,7,2036-W07,2036-02-10,7,2036-W07,2036-02-11,Non-Holiday,Weekend
3700,2036-02-17,3700,122,Sunday,February,2036,2036-Feb,17,48,8,2036-W08,2036-02-10,7,2036-W07,2036-02-11,Non-Holiday,Weekend
3701,2036-02-18,3701,122,Monday,February,2036,2036-Feb,18,49,8,2036-W08,2036-02-17,8,2036-W08,2036-02-18,Non-Holiday,Weekday
3702,2036-02-19,3702,122,Tuesday,February,2036,2036-Feb,19,50,8,2036-W08,2036-02-17,8,2036-W08,2036-02-18,Non-Holiday,Weekday
3703,2036-02-20,3703,122,Wednesday,February,2036,2036-Feb,20,51,8,2036-W08,2036-02-17,8,2036-W08,2036-02-18,Non-Holiday,Weekday
3704,2036-02-21,3704,122,Thursday,February,2036,2036-Feb,21,52,8,2036-W08,2036-02-17,8,2036-W08,2036-02-18,Non-Holiday,Weekday
3705,2036-02-22,3705,122,Friday,February,2036,2036-Feb,22,53,8,2036-W08,2036-02-17,8,2036-W08,2036-02-18,Non-Holiday,Weekday
3706,2036-02-23,3706,122,Saturday,February,2036,2036-Feb,23,54,8,2036-W08,2036-02-17,8,2036-W08,2036-02-18,Non-Holiday,Weekend
3707,2036-02-24,3707,122,Sunday,February,2036,2036-Feb,24,55,9,2036-W09,2036-02-17,8,2036-W08,2036-02-18,Non-Holiday,Weekend
3708,2036-02-25,3708,122,Monday,February,2036,2036-Feb,25,56,9,2036-W09,2036-02-24,9,2036-W09,2036-02-25,Non-Holiday,Weekday
3709,2036-02-26,3709,122,Tuesday,February,2036,2036-Feb,26,57,9,2036-W09,2036-02-24,9,2036-W09,2036-02-25,Non-Holiday,Weekday
3710,2036-02-27,3710,122,Wednesday,February,2036,2036-Feb,27,58,9,2036-W09,2036-02-24,9,2036-W09,2036-02-25,Non-Holiday,Weekday
3711,2036-02-28,3711,122,Thursday,February,2036,2036-Feb,28,59,9,2036-W09,2036-02-24,9,2036-W09,2036-02-25,Non-Holiday,Weekday
3712,2036-02-29,3712,122,Friday,February,2036,2036-Feb,29,60,9,2036-W09,2036-02-24,9,2036-W09,2036-02-25,Non-Holiday,Weekday
3713,2036-03-01,3713,123,Saturday,March,2036,2036-Mar,1,61,9,2036-W09,2036-02-24,9,2036-W09,2036-02-25,Non-Holiday,Weekend
3714,2036-03-02,3714,123,Sunday,March,2036,2036-Mar,2,62,10,2036-W10,2036-02-24,9,2036-W09,2036-02-25,Non-Holiday,Weekend
3715,2036-03-03,3715,123,Monday,March,2036,2036-Mar,3,63,10,2036-W10,2036-03-02,10,2036-W10,2036-03-03,Non-Holiday,Weekday
3716,2036-03-04,3716,123,Tuesday,March,2036,2036-Mar,4,64,10,2036-W10,2036-03-02,10,2036-W10,2036-03-03,Non-Holiday,Weekday
3717,2036-03-05,3717,123,Wednesday,March,2036,2036-Mar,5,65,10,2036-W10,2036-03-02,10,2036-W10,2036-03-03,Non-Holiday,Weekday
3718,2036-03-06,3718,123,Thursday,March,2036,2036-Mar,6,66,10,2036-W10,2036-03-02,10,2036-W10,2036-03-03,Non-Holiday,Weekday
3719,2036-03-07,3719,123,Friday,March,2036,2036-Mar,7,67,10,2036-W10,2036-03-02,10,2036-W10,2036-03-03,Non-Holiday,Weekday
3720,2036-03-08,3720,123,Saturday,March,2036,2036-Mar,8,68,10,2036-W10,2036-03-02,10,2036-W10,2036-03-03,Non-Holiday,Weekend
3721,2036-03-09,3721,123,Sunday,March,2036,2036-Mar,9,69,11,2036-W11,2036-03-02,10,2036-W10,2036-03-03,Non-Holiday,Weekend
3722,2036-03-10,3722,123,Monday,March,2036,2036-Mar,10,70,11,2036-W11,2036-03-09,11,2036-W11,2036-03-10,Non-Holiday,Weekday
3723,2036-03-11,3723,123,Tuesday,March,2036,2036-Mar,11,71,11,2036-W11,2036-03-09,11,2036-W11,2036-03-10,Non-Holiday,Weekday
3724,2036-03-12,3724,123,Wednesday,March,2036,2036-Mar,12,72,11,2036-W11,2036-03-09,11,2036-W11,2036-03-10,Non-Holiday,Weekday
3725,2036-03-13,3725,123,Thursday,March,2036,2036-Mar,13,73,11,2036-W11,2036-03-09,11,2036-W11,2036-03-10,Non-Holiday,Weekday
3726,2036-03-14,3726,123,Friday,March,2036,2036-Mar,14,74,11,2036-W11,2036-03-09,11,2036-W11,2036-03-10,Non-Holiday,Weekday
3727,2036-03-15,3727,123,Saturday,March,2036,2036-Mar,15,75,11,2036-W11,2036-03-09,11,2036-W11,2036-03-10,Non-Holiday,Weekend
3728,2036-03-16,3728,123,Sunday,March,2036,2036-Mar,16,76,12,2036-W12,2036-03-09,11,2036-W11,2036-03-10,Non-Holiday,Weekend
3729,2036-03-17,3729,123,Monday,March,2036,2036-Mar,17,77,12,2036-W12,2036-03-16,12,2036-W12,2036-03-17,Non-Holiday,Weekday
3730,2036-03-18,3730,123,Tuesday,March,2036,2036-Mar,18,78,12,2036-W12,2036-03-16,12,2036-W12,2036-03-17,Non-Holiday,Weekday
3731,2036-03-19,3731,123,Wednesday,March,2036,2036-Mar,19,79,12,2036-W12,2036-03-16,12,2036-W12,2036-03-17,Non-Holiday,Weekday
3732,2036-03-20,3732,123,Thursday,March,2036,2036-Mar,20,80,12,2036-W12,2036-03-16,12,2036-W12,2036-03-17,Non-Holiday,Weekday
3733,2036-03-21,3733,123,Friday,March,2036,2036-Mar,21,81,12,2036-W12,2036-03-16,12,2036-W12,2036-03-17,Non-Holiday,Weekday
3734,2036-03-22,3734,123,Saturday,March,2036,2036-Mar,22,82,12,2036-W12,2036-03-16,12,2036-W12,2036-03-17,Non-Holiday,Weekend
3735,2036-03-23,3735,123,Sunday,March,2036,2036-Mar,23,83,13,2036-W13,2036-03-16,12,2036-W12,2036-03-17,Non-Holiday,Weekend
3736,2036-03-24,3736,123,Monday,March,2036,2036-Mar,24,84,13,2036-W13,2036-03-23,13,2036-W13,2036-03-24,Non-Holiday,Weekday
3737,2036-03-25,3737,123,Tuesday,March,2036,2036-Mar,25,85,13,2036-W13,2036-03-23,13,2036-W13,2036-03-24,Non-Holiday,Weekday
3738,2036-03-26,3738,123,Wednesday,March,2036,2036-Mar,26,86,13,2036-W13,2036-03-23,13,2036-W13,2036-03-24,Non-Holiday,Weekday
3739,2036-03-27,3739,123,Thursday,March,2036,2036-Mar,27,87,13,2036-W13,2036-03-23,13,2036-W13,2036-03-24,Non-Holiday,Weekday
3740,2036-03-28,3740,123,Friday,March,2036,2036-Mar,28,88,13,2036-W13,2036-03-23,13,2036-W13,2036-03-24,Non-Holiday,Weekday
3741,2036-03-29,3741,123,Saturday,March,2036,2036-Mar,29,89,13,2036-W13,2036-03-23,13,2036-W13,2036-03-24,Non-Holiday,Weekend
3742,2036-03-30,3742,123,Sunday,March,2036,2036-Mar,30,90,14,2036-W14,2036-03-23,13,2036-W13,2036-03-24,Non-Holiday,Weekend
3743,2036-03-31,3743,123,Monday,March,2036,2036-Mar,31,91,14,2036-W14,2036-03-30,14,2036-W14,2036-03-31,Non-Holiday,Weekday
3744,2036-04-01,3744,124,Tuesday,April,2036,2036-Apr,1,92,14,2036-W14,2036-03-30,14,2036-W14,2036-03-31,Non-Holiday,Weekday
3745,2036-04-02,3745,124,Wednesday,April,2036,2036-Apr,2,93,14,2036-W14,2036-03-30,14,2036-W14,2036-03-31,Non-Holiday,Weekday
3746,2036-04-03,3746,124,Thursday,April,2036,2036-Apr,3,94,14,2036-W14,2036-03-30,14,2036-W14,2036-03-31,Non-Holiday,Weekday
3747,2036-04-04,3747,124,Friday,April,2036,2036-Apr,4,95,14,2036-W14,2036-03-30,14,2036-W14,2036-03-31,Non-Holiday,Weekday
3748,2036-04-05,3748,124,Saturday,April,2036,2036-Apr,5,96,14,2036-W14,2036-03-30,14,2036-W14,2036-03-31,Non-Holiday,Weekend
3749,2036-04-06,3749,124,Sunday,April,2036,2036-Apr,6,97,15,2036-W15,2036-03-30,14,2036-W14,2036-03-31,Non-Holiday,Weekend
3750,2036-04-07,3750,124,Monday,April,2036,2036-Apr,7,98,15,2036-W15,2036-04-06,15,2036-W15,2036-04-07,Non-Holiday,Weekday
3751,2036-04-08,3751,124,Tuesday,April,2036,2036-Apr,8,99,15,2036-W15,2036-04-06,15,2036-W15,2036-04-07,Non-Holiday,Weekday
3752,2036-04-09,3752,124,Wednesday,April,2036,2036-Apr,9,100,15,2036-W15,2036-04-06,15,2036-W15,2036-04-07,Non-Holiday,Weekday
3753,2036-04-10,3753,124,Thursday,April,2036,2036-Apr,10,101,15,2036-W15,2036-04-06,15,2036-W15,2036-04-07,Non-Holiday,Weekday
3754,2036-04-11,3754,124,Friday,April,2036,2036-Apr,11,102,15,2036-W15,2036-04-06,15,2036-W15,2036-04-07,Non-Holiday,Weekday
3755,2036-04-12,3755,124,Saturday,April,2036,2036-Apr,12,103,15,2036-W15,2036-04-06,15,2036-W15,2036-04-07,Non-Holiday,Weekend
3756,2036-04-13,3756,124,Sunday,April,2036,2036-Apr,13,104,16,2036-W16,2036-04-06,15,2036-W15,2036-04-07,Non-Holiday,Weekend
3757,2036-04-14,3757,124,Monday,April,2036,2036-Apr,14,105,16,2036-W16,2036-04-13,16,2036-W16,2036-04-14,Non-Holiday,Weekday
3758,2036-04-15,3758,124,Tuesday,April,2036,2036-Apr,15,106,16,2036-W16,2036-04-13,16,2036-W16,2036-04-14,Non-Holiday,Weekday
3759,2036-04-16,3759,124,Wednesday,April,2036,2036-Apr,16,107,16,2036-W16,2036-04-13,16,2036-W16,2036-04-14,Non-Holiday,Weekday
3760,2036-04-17,3760,124,Thursday,April,2036,2036-Apr,17,108,16,2036-W16,2036-04-13,16,2036-W16,2036-04-14,Non-Holiday,Weekday
3761,2036-04-18,3761,124,Friday,April,2036,2036-Apr,18,109,16,2036-W16,2036-04-13,16,2036-W16,2036-04-14,Non-Holiday,Weekday
3762,2036-04-19,3762,124,Saturday,April,2036,2036-Apr,19,110,16,2036-W16,2036-04-13,16,2036-W16,2036-04-14,Non-Holiday,Weekend
3763,2036-04-20,3763,124,Sunday,April,2036,2036-Apr,20,111,17,2036-W17,2036-04-13,16,2036-W16,2036-04-14,Non-Holiday,Weekend
3764,2036-04-21,3764,124,Monday,April,2036,2036-Apr,21,112,17,2036-W17,2036-04-20,17,2036-W17,2036-04-21,Non-Holiday,Weekday
3765,2036-04-22,3765,124,Tuesday,April,2036,2036-Apr,22,113,17,2036-W17,2036-04-20,17,2036-W17,2036-04-21,Non-Holiday,Weekday
3766,2036-04-23,3766,124,Wednesday,April,2036,2036-Apr,23,114,17,2036-W17,2036-04-20,17,2036-W17,2036-04-21,Non-Holiday,Weekday
3767,2036-04-24,3767,124,Thursday,April,2036,2036-Apr,24,115,17,2036-W17,2036-04-20,17,2036-W17,2036-04-21,Non-Holiday,Weekday
3768,2036-04-25,3768,124,Friday,April,2036,2036-Apr,25,116,17,2036-W17,2036-04-20,17,2036-W17,2036-04-21,Non-Holiday,Weekday
3769,2036-04-26,3769,124,Saturday,April,2036,2036-Apr,26,117,17,2036-W17,2036-04-20,17,2036-W17,2036-04-21,Non-Holiday,Weekend
3770,2036-04-27,3770,124,Sunday,April,2036,2036-Apr,27,118,18,2036-W18,2036-04-20,17,2036-W17,2036-04-21,Non-Holiday,Weekend
3771,2036-04-28,3771,124,Monday,April,2036,2036-Apr,28,119,18,2036-W18,2036-04-27,18,2036-W18,2036-04-28,Non-Holiday,Weekday
3772,2036-04-29,3772,124,Tuesday,April,2036,2036-Apr,29,120,18,2036-W18,2036-04-27,18,2036-W18,2036-04-28,Non-Holiday,Weekday
3773,2036-04-30,3773,124,Wednesday,April,2036,2036-Apr,30,121,18,2036-W18,2036-04-27,18,2036-W18,2036-04-28,Non-Holiday,Weekday
3774,2036-05-01,3774,125,Thursday,May,2036,2036-May,1,122,18,2036-W18,2036-04-27,18,2036-W18,2036-04-28,Non-Holiday,Weekday
3775,2036-05-02,3775,125,Friday,May,2036,2036-May,2,123,18,2036-W18,2036-04-27,18,2036-W18,2036-04-28,Non-Holiday,Weekday
3776,2036-05-03,3776,125,Saturday,May,2036,2036-May,3,124,18,2036-W18,2036-04-27,18,2036-W18,2036-04-28,Non-Holiday,Weekend
3777,2036-05-04,3777,125,Sunday,May,2036,2036-May,4,125,19,2036-W19,2036-04-27,18,2036-W18,2036-04-28,Non-Holiday,Weekend
3778,2036-05-05,3778,125,Monday,May,2036,2036-May,5,126,19,2036-W19,2036-05-04,19,2036-W19,2036-05-05,Non-Holiday,Weekday
3779,2036-05-06,3779,125,Tuesday,May,2036,2036-May,6,127,19,2036-W19,2036-05-04,19,2036-W19,2036-05-05,Non-Holiday,Weekday
3780,2036-05-07,3780,125,Wednesday,May,2036,2036-May,7,128,19,2036-W19,2036-05-04,19,2036-W19,2036-05-05,Non-Holiday,Weekday
3781,2036-05-08,3781,125,Thursday,May,2036,2036-May,8,129,19,2036-W19,2036-05-04,19,2036-W19,2036-05-05,Non-Holiday,Weekday
3782,2036-05-09,3782,125,Friday,May,2036,2036-May,9,130,19,2036-W19,2036-05-04,19,2036-W19,2036-05-05,Non-Holiday,Weekday
3783,2036-05-10,3783,125,Saturday,May,2036,2036-May,10,131,19,2036-W19,2036-05-04,19,2036-W19,2036-05-05,Non-Holiday,Weekend
3784,2036-05-11,3784,125,Sunday,May,2036,2036-May,11,132,20,2036-W20,2036-05-04,19,2036-W19,2036-05-05,Non-Holiday,Weekend
3785,2036-05-12,3785,125,Monday,May,2036,2036-May,12,133,20,2036-W20,2036-05-11,20,2036-W20,2036-05-12,Non-Holiday,Weekday
3786,2036-05-13,3786,125,Tuesday,May,2036,2036-May,13,134,20,2036-W20,2036-05-11,20,2036-W20,2036-05-12,Non-Holiday,Weekday
3787,2036-05-14,3787,125,Wednesday,May,2036,2036-May,14,135,20,2036-W20,2036-05-11,20,2036-W20,2036-05-12,Non-Holiday,Weekday
3788,2036-05-15,3788,125,Thursday,May,2036,2036-May,15,136,20,2036-W20,2036-05-11,20,2036-W20,2036-05-12,Non-Holiday,Weekday
3789,2036-05-16,3789,125,Friday,May,2036,2036-May,16,137,20,2036-W20,2036-05-11,20,2036-W20,2036-05-12,Non-Holiday,Weekday
3790,2036-05-17,3790,125,Saturday,May,2036,2036-May,17,138,20,2036-W20,2036-05-11,20,2036-W20,2036-05-12,Non-Holiday,Weekend
3791,2036-05-18,3791,125,Sunday,May,2036,2036-May,18,139,21,2036-W21,2036-05-11,20,2036-W20,2036-05-12,Non-Holiday,Weekend
3792,2036-05-19,3792,125,Monday,May,2036,2036-May,19,140,21,2036-W21,2036-05-18,21,2036-W21,2036-05-19,Non-Holiday,Weekday
3793,2036-05-20,3793,125,Tuesday,May,2036,2036-May,20,141,21,2036-W21,2036-05-18,21,2036-W21,2036-05-19,Non-Holiday,Weekday
3794,2036-05-21,3794,125,Wednesday,May,2036,2036-May,21,142,21,2036-W21,2036-05-18,21,2036-W21,2036-05-19,Non-Holiday,Weekday
3795,2036-05-22,3795,125,Thursday,May,2036,2036-May,22,143,21,2036-W21,2036-05-18,21,2036-W21,2036-05-19,Non-Holiday,Weekday
3796,2036-05-23,3796,125,Friday,May,2036,2036-May,23,144,21,2036-W21,2036-05-18,21,2036-W21,2036-05-19,Non-Holiday,Weekday
3797,2036-05-24,3797,125,Saturday,May,2036,2036-May,24,145,21,2036-W21,2036-05-18,21,2036-W21,2036-05-19,Non-Holiday,Weekend
3798,2036-05-25,3798,125,Sunday,May,2036,2036-May,25,146,22,2036-W22,2036-05-18,21,2036-W21,2036-05-19,Non-Holiday,Weekend
3799,2036-05-26,3799,125,Monday,May,2036,2036-May,26,147,22,2036-W22,2036-05-25,22,2036-W22,2036-05-26,Non-Holiday,Weekday
3800,2036-05-27,3800,125,Tuesday,May,2036,2036-May,27,148,22,2036-W22,2036-05-25,22,2036-W22,2036-05-26,Non-Holiday,Weekday
3801,2036-05-28,3801,125,Wednesday,May,2036,2036-May,28,149,22,2036-W22,2036-05-25,22,2036-W22,2036-05-26,Non-Holiday,Weekday
3802,2036-05-29,3802,125,Thursday,May,2036,2036-May,29,150,22,2036-W22,2036-05-25,22,2036-W22,2036-05-26,Non-Holiday,Weekday
3803,2036-05-30,3803,125,Friday,May,2036,2036-May,30,151,22,2036-W22,2036-05-25,22,2036-W22,2036-05-26,Non-Holiday,Weekday
3804,2036-05-31,3804,125,Saturday,May,2036,2036-May,31,152,22,2036-W22,2036-05-25,22,2036-W22,2036-05-26,Non-Holiday,Weekend
3805,2036-06-01,3805,126,Sunday,June,2036,2036-Jun,1,153,23,2036-W23,2036-05-25,22,2036-W22,2036-05-26,Non-Holiday,Weekend
3806,2036-06-02,3806,126,Monday,June,2036,2036-Jun,2,154,23,2036-W23,2036-06-01,23,2036-W23,2036-06-02,Non-Holiday,Weekday
3807,2036-06-03,3807,126,Tuesday,June,2036,2036-Jun,3,155,23,2036-W23,2036-06-01,23,2036-W23,2036-06-02,Non-Holiday,Weekday
3808,2036-06-04,3808,126,Wednesday,June,2036,2036-Jun,4,156,23,2036-W23,2036-06-01,23,2036-W23,2036-06-02,Non-Holiday,Weekday
3809,2036-06-05,3809,126,Thursday,June,2036,2036-Jun,5,157,23,2036-W23,2036-06-01,23,2036-W23,2036-06-02,Non-Holiday,Weekday
3810,2036-06-06,3810,126,Friday,June,2036,2036-Jun,6,158,23,2036-W23,2036-06-01,23,2036-W23,2036-06-02,Non-Holiday,Weekday
3811,2036-06-07,3811,126,Saturday,June,2036,2036-Jun,7,159,23,2036-W23,2036-06-01,23,2036-W23,2036-06-02,Non-Holiday,Weekend
3812,2036-06-08,3812,126,Sunday,June,2036,2036-Jun,8,160,24,2036-W24,2036-06-01,23,2036-W23,2036-06-02,Non-Holiday,Weekend
3813,2036-06-09,3813,126,Monday,June,2036,2036-Jun,9,161,24,2036-W24,2036-06-08,24,2036-W24,2036-06-09,Non-Holiday,Weekday
3814,2036-06-10,3814,126,Tuesday,June,2036,2036-Jun,10,162,24,2036-W24,2036-06-08,24,2036-W24,2036-06-09,Non-Holiday,Weekday
3815,2036-06-11,3815,126,Wednesday,June,2036,2036-Jun,11,163,24,2036-W24,2036-06-08,24,2036-W24,2036-06-09,Non-Holiday,Weekday
3816,2036-06-12,3816,126,Thursday,June,2036,2036-Jun,12,164,24,2036-W24,2036-06-08,24,2036-W24,2036-06-09,Non-Holiday,Weekday
3817,2036-06-13,3817,126,Friday,June,2036,2036-Jun,13,165,24,2036-W24,2036-06-08,24,2036-W24,2036-06-09,Non-Holiday,Weekday
3818,2036-06-14,3818,126,Saturday,June,2036,2036-Jun,14,166,24,2036-W24,2036-06-08,24,2036-W24,2036-06-09,Non-Holiday,Weekend
3819,2036-06-15,3819,126,Sunday,June,2036,2036-Jun,15,167,25,2036-W25,2036-06-08,24,2036-W24,2036-06-09,Non-Holiday,Weekend
3820,2036-06-16,3820,126,Monday,June,2036,2036-Jun,16,168,25,2036-W25,2036-06-15,25,2036-W25,2036-06-16,Non-Holiday,Weekday
3821,2036-06-17,3821,126,Tuesday,June,2036,2036-Jun,17,169,25,2036-W25,2036-06-15,25,2036-W25,2036-06-16,Non-Holiday,Weekday
3822,2036-06-18,3822,126,Wednesday,June,2036,2036-Jun,18,170,25,2036-W25,2036-06-15,25,2036-W25,2036-06-16,Non-Holiday,Weekday
3823,2036-06-19,3823,126,Thursday,June,2036,2036-Jun,19,171,25,2036-W25,2036-06-15,25,2036-W25,2036-06-16,Non-Holiday,Weekday
3824,2036-06-20,3824,126,Friday,June,2036,2036-Jun,20,172,25,2036-W25,2036-06-15,25,2036-W25,2036-06-16,Non-Holiday,Weekday
3825,2036-06-21,3825,126,Saturday,June,2036,2036-Jun,21,173,25,2036-W25,2036-06-15,25,2036-W25,2036-06-16,Non-Holiday,Weekend
3826,2036-06-22,3826,126,Sunday,June,2036,2036-Jun,22,174,26,2036-W26,2036-06-15,25,2036-W25,2036-06-16,Non-Holiday,Weekend
3827,2036-06-23,3827,126,Monday,June,2036,2036-Jun,23,175,26,2036-W26,2036-06-22,26,2036-W26,2036-06-23,Non-Holiday,Weekday
3828,2036-06-24,3828,126,Tuesday,June,2036,2036-Jun,24,176,26,2036-W26,2036-06-22,26,2036-W26,2036-06-23,Non-Holiday,Weekday
3829,2036-06-25,3829,126,Wednesday,June,2036,2036-Jun,25,177,26,2036-W26,2036-06-22,26,2036-W26,2036-06-23,Non-Holiday,Weekday
3830,2036-06-26,3830,126,Thursday,June,2036,2036-Jun,26,178,26,2036-W26,2036-06-22,26,2036-W26,2036-06-23,Non-Holiday,Weekday
3831,2036-06-27,3831,126,Friday,June,2036,2036-Jun,27,179,26,2036-W26,2036-06-22,26,2036-W26,2036-06-23,Non-Holiday,Weekday
3832,2036-06-28,3832,126,Saturday,June,2036,2036-Jun,28,180,26,2036-W26,2036-06-22,26,2036-W26,2036-06-23,Non-Holiday,Weekend
3833,2036-06-29,3833,126,Sunday,June,2036,2036-Jun,29,181,27,2036-W27,2036-06-22,26,2036-W26,2036-06-23,Non-Holiday,Weekend
3834,2036-06-30,3834,126,Monday,June,2036,2036-Jun,30,182,27,2036-W27,2036-06-29,27,2036-W27,2036-06-30,Non-Holiday,Weekday
3835,2036-07-01,3835,127,Tuesday,July,2036,2036-Jul,1,183,27,2036-W27,2036-06-29,27,2036-W27,2036-06-30,Non-Holiday,Weekday
3836,2036-07-02,3836,127,Wednesday,July,2036,2036-Jul,2,184,27,2036-W27,2036-06-29,27,2036-W27,2036-06-30,Non-Holiday,Weekday
3837,2036-07-03,3837,127,Thursday,July,2036,2036-Jul,3,185,27,2036-W27,2036-06-29,27,2036-W27,2036-06-30,Non-Holiday,Weekday
3838,2036-07-04,3838,127,Friday,July,2036,2036-Jul,4,186,27,2036-W27,2036-06-29,27,2036-W27,2036-06-30,Non-Holiday,Weekday
3839,2036-07-05,3839,127,Saturday,July,2036,2036-Jul,5,187,27,2036-W27,2036-06-29,27,2036-W27,2036-06-30,Non-Holiday,Weekend
3840,2036-07-06,3840,127,Sunday,July,2036,2036-Jul,6,188,28,2036-W28,2036-06-29,27,2036-W27,2036-06-30,Non-Holiday,Weekend
3841,2036-07-07,3841,127,Monday,July,2036,2036-Jul,7,189,28,2036-W28,2036-07-06,28,2036-W28,2036-07-07,Non-Holiday,Weekday
3842,2036-07-08,3842,127,Tuesday,July,2036,2036-Jul,8,190,28,2036-W28,2036-07-06,28,2036-W28,2036-07-07,Non-Holiday,Weekday
3843,2036-07-09,3843,127,Wednesday,July,2036,2036-Jul,9,191,28,2036-W28,2036-07-06,28,2036-W28,2036-07-07,Non-Holiday,Weekday
3844,2036-07-10,3844,127,Thursday,July,2036,2036-Jul,10,192,28,2036-W28,2036-07-06,28,2036-W28,2036-07-07,Non-Holiday,Weekday
3845,2036-07-11,3845,127,Friday,July,2036,2036-Jul,11,193,28,2036-W28,2036-07-06,28,2036-W28,2036-07-07,Non-Holiday,Weekday
3846,2036-07-12,3846,127,Saturday,July,2036,2036-Jul,12,194,28,2036-W28,2036-07-06,28,2036-W28,2036-07-07,Non-Holiday,Weekend
3847,2036-07-13,3847,127,Sunday,July,2036,2036-Jul,13,195,29,2036-W29,2036-07-06,28,2036-W28,2036-07-07,Non-Holiday,Weekend
3848,2036-07-14,3848,127,Monday,July,2036,2036-Jul,14,196,29,2036-W29,2036-07-13,29,2036-W29,2036-07-14,Non-Holiday,Weekday
3849,2036-07-15,3849,127,Tuesday,July,2036,2036-Jul,15,197,29,2036-W29,2036-07-13,29,2036-W29,2036-07-14,Non-Holiday,Weekday
3850,2036-07-16,3850,127,Wednesday,July,2036,2036-Jul,16,198,29,2036-W29,2036-07-13,29,2036-W29,2036-07-14,Non-Holiday,Weekday
3851,2036-07-17,3851,127,Thursday,July,2036,2036-Jul,17,199,29,2036-W29,2036-07-13,29,2036-W29,2036-07-14,Non-Holiday,Weekday
3852,2036-07-18,3852,127,Friday,July,2036,2036-Jul,18,200,29,2036-W29,2036-07-13,29,2036-W29,2036-07-14,Non-Holiday,Weekday
3853,2036-07-19,3853,127,Saturday,July,2036,2036-Jul,19,201,29,2036-W29,2036-07-13,29,2036-W29,2036-07-14,Non-Holiday,Weekend
3854,2036-07-20,3854,127,Sunday,July,2036,2036-Jul,20,202,30,2036-W30,2036-07-13,29,2036-W29,2036-07-14,Non-Holiday,Weekend
3855,2036-07-21,3855,127,Monday,July,2036,2036-Jul,21,203,30,2036-W30,2036-07-20,30,2036-W30,2036-07-21,Non-Holiday,Weekday
3856,2036-07-22,3856,127,Tuesday,July,2036,2036-Jul,22,204,30,2036-W30,2036-07-20,30,2036-W30,2036-07-21,Non-Holiday,Weekday
3857,2036-07-23,3857,127,Wednesday,July,2036,2036-Jul,23,205,30,2036-W30,2036-07-20,30,2036-W30,2036-07-21,Non-Holiday,Weekday
3858,2036-07-24,3858,127,Thursday,July,2036,2036-Jul,24,206,30,2036-W30,2036-07-20,30,2036-W30,2036-07-21,Non-Holiday,Weekday
3859,2036-07-25,3859,127,Friday,July,2036,2036-Jul,25,207,30,2036-W30,2036-07-20,30,2036-W30,2036-07-21,Non-Holiday,Weekday
3860,2036-07-26,3860,127,Saturday,July,2036,2036-Jul,26,208,30,2036-W30,2036-07-20,30,2036-W30,2036-07-21,Non-Holiday,Weekend
3861,2036-07-27,3861,127,Sunday,July,2036,2036-Jul,27,209,31,2036-W31,2036-07-20,30,2036-W30,2036-07-21,Non-Holiday,Weekend
3862,2036-07-28,3862,127,Monday,July,2036,2036-Jul,28,210,31,2036-W31,2036-07-27,31,2036-W31,2036-07-28,Non-Holiday,Weekday
3863,2036-07-29,3863,127,Tuesday,July,2036,2036-Jul,29,211,31,2036-W31,2036-07-27,31,2036-W31,2036-07-28,Non-Holiday,Weekday
3864,2036-07-30,3864,127,Wednesday,July,2036,2036-Jul,30,212,31,2036-W31,2036-07-27,31,2036-W31,2036-07-28,Non-Holiday,Weekday
3865,2036-07-31,3865,127,Thursday,July,2036,2036-Jul,31,213,31,2036-W31,2036-07-27,31,2036-W31,2036-07-28,Non-Holiday,Weekday
3866,2036-08-01,3866,128,Friday,August,2036,2036-Aug,1,214,31,2036-W31,2036-07-27,31,2036-W31,2036-07-28,Non-Holiday,Weekday
3867,2036-08-02,3867,128,Saturday,August,2036,2036-Aug,2,215,31,2036-W31,2036-07-27,31,2036-W31,2036-07-28,Non-Holiday,Weekend
3868,2036-08-03,3868,128,Sunday,August,2036,2036-Aug,3,216,32,2036-W32,2036-07-27,31,2036-W31,2036-07-28,Non-Holiday,Weekend
3869,2036-08-04,3869,128,Monday,August,2036,2036-Aug,4,217,32,2036-W32,2036-08-03,32,2036-W32,2036-08-04,Non-Holiday,Weekday
3870,2036-08-05,3870,128,Tuesday,August,2036,2036-Aug,5,218,32,2036-W32,2036-08-03,32,2036-W32,2036-08-04,Non-Holiday,Weekday
3871,2036-08-06,3871,128,Wednesday,August,2036,2036-Aug,6,219,32,2036-W32,2036-08-03,32,2036-W32,2036-08-04,Non-Holiday,Weekday
3872,2036-08-07,3872,128,Thursday,August,2036,2036-Aug,7,220,32,2036-W32,2036-08-03,32,2036-W32,2036-08-04,Non-Holiday,Weekday
3873,2036-08-08,3873,128,Friday,August,2036,2036-Aug,8,221,32,2036-W32,2036-08-03,32,2036-W32,2036-08-04,Non-Holiday,Weekday
3874,2036-08-09,3874,128,Saturday,August,2036,2036-Aug,9,222,32,2036-W32,2036-08-03,32,2036-W32,2036-08-04,Non-Holiday,Weekend
3875,2036-08-10,3875,128,Sunday,August,2036,2036-Aug,10,223,33,2036-W33,2036-08-03,32,2036-W32,2036-08-04,Non-Holiday,Weekend
3876,2036-08-11,3876,128,Monday,August,2036,2036-Aug,11,224,33,2036-W33,2036-08-10,33,2036-W33,2036-08-11,Non-Holiday,Weekday
3877,2036-08-12,3877,128,Tuesday,August,2036,2036-Aug,12,225,33,2036-W33,2036-08-10,33,2036-W33,2036-08-11,Non-Holiday,Weekday
3878,2036-08-13,3878,128,Wednesday,August,2036,2036-Aug,13,226,33,2036-W33,2036-08-10,33,2036-W33,2036-08-11,Non-Holiday,Weekday
3879,2036-08-14,3879,128,Thursday,August,2036,2036-Aug,14,227,33,2036-W33,2036-08-10,33,2036-W33,2036-08-11,Non-Holiday,Weekday
3880,2036-08-15,3880,128,Friday,August,2036,2036-Aug,15,228,33,2036-W33,2036-08-10,33,2036-W33,2036-08-11,Non-Holiday,Weekday
3881,2036-08-16,3881,128,Saturday,August,2036,2036-Aug,16,229,33,2036-W33,2036-08-10,33,2036-W33,2036-08-11,Non-Holiday,Weekend
3882,2036-08-17,3882,128,Sunday,August,2036,2036-Aug,17,230,34,2036-W34,2036-08-10,33,2036-W33,2036-08-11,Non-Holiday,Weekend
3883,2036-08-18,3883,128,Monday,August,2036,2036-Aug,18,231,34,2036-W34,2036-08-17,34,2036-W34,2036-08-18,Non-Holiday,Weekday
3884,2036-08-19,3884,128,Tuesday,August,2036,2036-Aug,19,232,34,2036-W34,2036-08-17,34,2036-W34,2036-08-18,Non-Holiday,Weekday
3885,2036-08-20,3885,128,Wednesday,August,2036,2036-Aug,20,233,34,2036-W34,2036-08-17,34,2036-W34,2036-08-18,Non-Holiday,Weekday
3886,2036-08-21,3886,128,Thursday,August,2036,2036-Aug,21,234,34,2036-W34,2036-08-17,34,2036-W34,2036-08-18,Non-Holiday,Weekday
3887,2036-08-22,3887,128,Friday,August,2036,2036-Aug,22,235,34,2036-W34,2036-08-17,34,2036-W34,2036-08-18,Non-Holiday,Weekday
3888,2036-08-23,3888,128,Saturday,August,2036,2036-Aug,23,236,34,2036-W34,2036-08-17,34,2036-W34,2036-08-18,Non-Holiday,Weekend
3889,2036-08-24,3889,128,Sunday,August,2036,2036-Aug,24,237,35,2036-W35,2036-08-17,34,2036-W34,2036-08-18,Non-Holiday,Weekend
3890,2036-08-25,3890,128,Monday,August,2036,2036-Aug,25,238,35,2036-W35,2036-08-24,35,2036-W35,2036-08-25,Non-Holiday,Weekday
3891,2036-08-26,3891,128,Tuesday,August,2036,2036-Aug,26,239,35,2036-W35,2036-08-24,35,2036-W35,2036-08-25,Non-Holiday,Weekday
3892,2036-08-27,3892,128,Wednesday,August,2036,2036-Aug,27,240,35,2036-W35,2036-08-24,35,2036-W35,2036-08-25,Non-Holiday,Weekday
3893,2036-08-28,3893,128,Thursday,August,2036,2036-Aug,28,241,35,2036-W35,2036-08-24,35,2036-W35,2036-08-25,Non-Holiday,Weekday
3894,2036-08-29,3894,128,Friday,August,2036,2036-Aug,29,242,35,2036-W35,2036-08-24,35,2036-W35,2036-08-25,Non-Holiday,Weekday
3895,2036-08-30,3895,128,Saturday,August,2036,2036-Aug,30,243,35,2036-W35,2036-08-24,35,2036-W35,2036-08-25,Non-Holiday,Weekend
3896,2036-08-31,3896,128,Sunday,August,2036,2036-Aug,31,244,36,2036-W36,2036-08-24,35,2036-W35,2036-08-25,Non-Holiday,Weekend
3897,2036-09-01,3897,129,Monday,September,2036,2036-Sep,1,245,36,2036-W36,2036-08-31,36,2036-W36,2036-09-01,Non-Holiday,Weekday
3898,2036-09-02,3898,129,Tuesday,September,2036,2036-Sep,2,246,36,2036-W36,2036-08-31,36,2036-W36,2036-09-01,Non-Holiday,Weekday
3899,2036-09-03,3899,129,Wednesday,September,2036,2036-Sep,3,247,36,2036-W36,2036-08-31,36,2036-W36,2036-09-01,Non-Holiday,Weekday
3900,2036-09-04,3900,129,Thursday,September,2036,2036-Sep,4,248,36,2036-W36,2036-08-31,36,2036-W36,2036-09-01,Non-Holiday,Weekday
3901,2036-09-05,3901,129,Friday,September,2036,2036-Sep,5,249,36,2036-W36,2036-08-31,36,2036-W36,2036-09-01,Non-Holiday,Weekday
3902,2036-09-06,3902,129,Saturday,September,2036,2036-Sep,6,250,36,2036-W36,2036-08-31,36,2036-W36,2036-09-01,Non-Holiday,Weekend
3903,2036-09-07,3903,129,Sunday,September,2036,2036-Sep,7,251,37,2036-W37,2036-08-31,36,2036-W36,2036-09-01,Non-Holiday,Weekend
3904,2036-09-08,3904,129,Monday,September,2036,2036-Sep,8,252,37,2036-W37,2036-09-07,37,2036-W37,2036-09-08,Non-Holiday,Weekday
3905,2036-09-09,3905,129,Tuesday,September,2036,2036-Sep,9,253,37,2036-W37,2036-09-07,37,2036-W37,2036-09-08,Non-Holiday,Weekday
3906,2036-09-10,3906,129,Wednesday,September,2036,2036-Sep,10,254,37,2036-W37,2036-09-07,37,2036-W37,2036-09-08,Non-Holiday,Weekday
3907,2036-09-11,3907,129,Thursday,September,2036,2036-Sep,11,255,37,2036-W37,2036-09-07,37,2036-W37,2036-09-08,Non-Holiday,Weekday
3908,2036-09-12,3908,129,Friday,September,2036,2036-Sep,12,256,37,2036-W37,2036-09-07,37,2036-W37,2036-09-08,Non-Holiday,Weekday
3909,2036-09-13,3909,129,Saturday,September,2036,2036-Sep,13,257,37,2036-W37,2036-09-07,37,2036-W37,2036-09-08,Non-Holiday,Weekend
3910,2036-09-14,3910,129,Sunday,September,2036,2036-Sep,14,258,38,2036-W38,2036-09-07,37,2036-W37,2036-09-08,Non-Holiday,Weekend
3911,2036-09-15,3911,129,Monday,September,2036,2036-Sep,15,259,38,2036-W38,2036-09-14,38,2036-W38,2036-09-15,Non-Holiday,Weekday
3912,2036-09-16,3912,129,Tuesday,September,2036,2036-Sep,16,260,38,2036-W38,2036-09-14,38,2036-W38,2036-09-15,Non-Holiday,Weekday
3913,2036-09-17,3913,129,Wednesday,September,2036,2036-Sep,17,261,38,2036-W38,2036-09-14,38,2036-W38,2036-09-15,Non-Holiday,Weekday
3914,2036-09-18,3914,129,Thursday,September,2036,2036-Sep,18,262,38,2036-W38,2036-09-14,38,2036-W38,2036-09-15,Non-Holiday,Weekday
3915,2036-09-19,3915,129,Friday,September,2036,2036-Sep,19,263,38,2036-W38,2036-09-14,38,2036-W38,2036-09-15,Non-Holiday,Weekday
3916,2036-09-20,3916,129,Saturday,September,2036,2036-Sep,20,264,38,2036-W38,2036-09-14,38,2036-W38,2036-09-15,Non-Holiday,Weekend
3917,2036-09-21,3917,129,Sunday,September,2036,2036-Sep,21,265,39,2036-W39,2036-09-14,38,2036-W38,2036-09-15,Non-Holiday,Weekend
3918,2036-09-22,3918,129,Monday,September,2036,2036-Sep,22,266,39,2036-W39,2036-09-21,39,2036-W39,2036-09-22,Non-Holiday,Weekday
3919,2036-09-23,3919,129,Tuesday,September,2036,2036-Sep,23,267,39,2036-W39,2036-09-21,39,2036-W39,2036-09-22,Non-Holiday,Weekday
3920,2036-09-24,3920,129,Wednesday,September,2036,2036-Sep,24,268,39,2036-W39,2036-09-21,39,2036-W39,2036-09-22,Non-Holiday,Weekday
3921,2036-09-25,3921,129,Thursday,September,2036,2036-Sep,25,269,39,2036-W39,2036-09-21,39,2036-W39,2036-09-22,Non-Holiday,Weekday
3922,2036-09-26,3922,129,Friday,September,2036,2036-Sep,26,270,39,2036-W39,2036-09-21,39,2036-W39,2036-09-22,Non-Holiday,Weekday
3923,2036-09-27,3923,129,Saturday,September,2036,2036-Sep,27,271,39,2036-W39,2036-09-21,39,2036-W39,2036-09-22,Non-Holiday,Weekend
3924,2036-09-28,3924,129,Sunday,September,2036,2036-Sep,28,272,40,2036-W40,2036-09-21,39,2036-W39,2036-09-22,Non-Holiday,Weekend
3925,2036-09-29,3925,129,Monday,September,2036,2036-Sep,29,273,40,2036-W40,2036-09-28,40,2036-W40,2036-09-29,Non-Holiday,Weekday
3926,2036-09-30,3926,129,Tuesday,September,2036,2036-Sep,30,274,40,2036-W40,2036-09-28,40,2036-W40,2036-09-29,Non-Holiday,Weekday
3927,2036-10-01,3927,130,Wednesday,October,2036,2036-Oct,1,275,40,2036-W40,2036-09-28,40,2036-W40,2036-09-29,Non-Holiday,Weekday
3928,2036-10-02,3928,130,Thursday,October,2036,2036-Oct,2,276,40,2036-W40,2036-09-28,40,2036-W40,2036-09-29,Non-Holiday,Weekday
3929,2036-10-03,3929,130,Friday,October,2036,2036-Oct,3,277,40,2036-W40,2036-09-28,40,2036-W40,2036-09-29,Non-Holiday,Weekday
3930,2036-10-04,3930,130,Saturday,October,2036,2036-Oct,4,278,40,2036-W40,2036-09-28,40,2036-W40,2036-09-29,Non-Holiday,Weekend
3931,2036-10-05,3931,130,Sunday,October,2036,2036-Oct,5,279,41,2036-W41,2036-09-28,40,2036-W40,2036-09-29,Non-Holiday,Weekend
3932,2036-10-06,3932,130,Monday,October,2036,2036-Oct,6,280,41,2036-W41,2036-10-05,41,2036-W41,2036-10-06,Non-Holiday,Weekday
3933,2036-10-07,3933,130,Tuesday,October,2036,2036-Oct,7,281,41,2036-W41,2036-10-05,41,2036-W41,2036-10-06,Non-Holiday,Weekday
3934,2036-10-08,3934,130,Wednesday,October,2036,2036-Oct,8,282,41,2036-W41,2036-10-05,41,2036-W41,2036-10-06,Non-Holiday,Weekday
3935,2036-10-09,3935,130,Thursday,October,2036,2036-Oct,9,283,41,2036-W41,2036-10-05,41,2036-W41,2036-10-06,Non-Holiday,Weekday
3936,2036-10-10,3936,130,Friday,October,2036,2036-Oct,10,284,41,2036-W41,2036-10-05,41,2036-W41,2036-10-06,Non-Holiday,Weekday
3937,2036-10-11,3937,130,Saturday,October,2036,2036-Oct,11,285,41,2036-W41,2036-10-05,41,2036-W41,2036-10-06,Non-Holiday,Weekend
3938,2036-10-12,3938,130,Sunday,October,2036,2036-Oct,12,286,42,2036-W42,2036-10-05,41,2036-W41,2036-10-06,Non-Holiday,Weekend
3939,2036-10-13,3939,130,Monday,October,2036,2036-Oct,13,287,42,2036-W42,2036-10-12,42,2036-W42,2036-10-13,Non-Holiday,Weekday
3940,2036-10-14,3940,130,Tuesday,October,2036,2036-Oct,14,288,42,2036-W42,2036-10-12,42,2036-W42,2036-10-13,Non-Holiday,Weekday
3941,2036-10-15,3941,130,Wednesday,October,2036,2036-Oct,15,289,42,2036-W42,2036-10-12,42,2036-W42,2036-10-13,Non-Holiday,Weekday
3942,2036-10-16,3942,130,Thursday,October,2036,2036-Oct,16,290,42,2036-W42,2036-10-12,42,2036-W42,2036-10-13,Non-Holiday,Weekday
3943,2036-10-17,3943,130,Friday,October,2036,2036-Oct,17,291,42,2036-W42,2036-10-12,42,2036-W42,2036-10-13,Non-Holiday,Weekday
3944,2036-10-18,3944,130,Saturday,October,2036,2036-Oct,18,292,42,2036-W42,2036-10-12,42,2036-W42,2036-10-13,Non-Holiday,Weekend
3945,2036-10-19,3945,130,Sunday,October,2036,2036-Oct,19,293,43,2036-W43,2036-10-12,42,2036-W42,2036-10-13,Non-Holiday,Weekend
3946,2036-10-20,3946,130,Monday,October,2036,2036-Oct,20,294,43,2036-W43,2036-10-19,43,2036-W43,2036-10-20,Non-Holiday,Weekday
3947,2036-10-21,3947,130,Tuesday,October,2036,2036-Oct,21,295,43,2036-W43,2036-10-19,43,2036-W43,2036-10-20,Non-Holiday,Weekday
3948,2036-10-22,3948,130,Wednesday,October,2036,2036-Oct,22,296,43,2036-W43,2036-10-19,43,2036-W43,2036-10-20,Non-Holiday,Weekday
3949,2036-10-23,3949,130,Thursday,October,2036,2036-Oct,23,297,43,2036-W43,2036-10-19,43,2036-W43,2036-10-20,Non-Holiday,Weekday
3950,2036-10-24,3950,130,Friday,October,2036,2036-Oct,24,298,43,2036-W43,2036-10-19,43,2036-W43,2036-10-20,Non-Holiday,Weekday
3951,2036-10-25,3951,130,Saturday,October,2036,2036-Oct,25,299,43,2036-W43,2036-10-19,43,2036-W43,2036-10-20,Non-Holiday,Weekend
3952,2036-10-26,3952,130,Sunday,October,2036,2036-Oct,26,300,44,2036-W44,2036-10-19,43,2036-W43,2036-10-20,Non-Holiday,Weekend
3953,2036-10-27,3953,130,Monday,October,2036,2036-Oct,27,301,44,2036-W44,2036-10-26,44,2036-W44,2036-10-27,Non-Holiday,Weekday
3954,2036-10-28,3954,130,Tuesday,October,2036,2036-Oct,28,302,44,2036-W44,2036-10-26,44,2036-W44,2036-10-27,Non-Holiday,Weekday
3955,2036-10-29,3955,130,Wednesday,October,2036,2036-Oct,29,303,44,2036-W44,2036-10-26,44,2036-W44,2036-10-27,Non-Holiday,Weekday
3956,2036-10-30,3956,130,Thursday,October,2036,2036-Oct,30,304,44,2036-W44,2036-10-26,44,2036-W44,2036-10-27,Non-Holiday,Weekday
3957,2036-10-31,3957,130,Friday,October,2036,2036-Oct,31,305,44,2036-W44,2036-10-26,44,2036-W44,2036-10-27,Non-Holiday,Weekday
3958,2036-11-01,3958,131,Saturday,November,2036,2036-Nov,1,306,44,2036-W44,2036-10-26,44,2036-W44,2036-10-27,Non-Holiday,Weekend
3959,2036-11-02,3959,131,Sunday,November,2036,2036-Nov,2,307,45,2036-W45,2036-10-26,44,2036-W44,2036-10-27,Non-Holiday,Weekend
3960,2036-11-03,3960,131,Monday,November,2036,2036-Nov,3,308,45,2036-W45,2036-11-02,45,2036-W45,2036-11-03,Non-Holiday,Weekday
3961,2036-11-04,3961,131,Tuesday,November,2036,2036-Nov,4,309,45,2036-W45,2036-11-02,45,2036-W45,2036-11-03,Non-Holiday,Weekday
3962,2036-11-05,3962,131,Wednesday,November,2036,2036-Nov,5,310,45,2036-W45,2036-11-02,45,2036-W45,2036-11-03,Non-Holiday,Weekday
3963,2036-11-06,3963,131,Thursday,November,2036,2036-Nov,6,311,45,2036-W45,2036-11-02,45,2036-W45,2036-11-03,Non-Holiday,Weekday
3964,2036-11-07,3964,131,Friday,November,2036,2036-Nov,7,312,45,2036-W45,2036-11-02,45,2036-W45,2036-11-03,Non-Holiday,Weekday
3965,2036-11-08,3965,131,Saturday,November,2036,2036-Nov,8,313,45,2036-W45,2036-11-02,45,2036-W45,2036-11-03,Non-Holiday,Weekend
3966,2036-11-09,3966,131,Sunday,November,2036,2036-Nov,9,314,46,2036-W46,2036-11-02,45,2036-W45,2036-11-03,Non-Holiday,Weekend
3967,2036-11-10,3967,131,Monday,November,2036,2036-Nov,10,315,46,2036-W46,2036-11-09,46,2036-W46,2036-11-10,Non-Holiday,Weekday
3968,2036-11-11,3968,131,Tuesday,November,2036,2036-Nov,11,316,46,2036-W46,2036-11-09,46,2036-W46,2036-11-10,Non-Holiday,Weekday
3969,2036-11-12,3969,131,Wednesday,November,2036,2036-Nov,12,317,46,2036-W46,2036-11-09,46,2036-W46,2036-11-10,Non-Holiday,Weekday
3970,2036-11-13,3970,131,Thursday,November,2036,2036-Nov,13,318,46,2036-W46,2036-11-09,46,2036-W46,2036-11-10,Non-Holiday,Weekday
3971,2036-11-14,3971,131,Friday,November,2036,2036-Nov,14,319,46,2036-W46,2036-11-09,46,2036-W46,2036-11-10,Non-Holiday,Weekday
3972,2036-11-15,3972,131,Saturday,November,2036,2036-Nov,15,320,46,2036-W46,2036-11-09,46,2036-W46,2036-11-10,Non-Holiday,Weekend
3973,2036-11-16,3973,131,Sunday,November,2036,2036-Nov,16,321,47,2036-W47,2036-11-09,46,2036-W46,2036-11-10,Non-Holiday,Weekend
3974,2036-11-17,3974,131,Monday,November,2036,2036-Nov,17,322,47,2036-W47,2036-11-16,47,2036-W47,2036-11-17,Non-Holiday,Weekday
3975,2036-11-18,3975,131,Tuesday,November,2036,2036-Nov,18,323,47,2036-W47,2036-11-16,47,2036-W47,2036-11-17,Non-Holiday,Weekday
3976,2036-11-19,3976,131,Wednesday,November,2036,2036-Nov,19,324,47,2036-W47,2036-11-16,47,2036-W47,2036-11-17,Non-Holiday,Weekday
3977,2036-11-20,3977,131,Thursday,November,2036,2036-Nov,20,325,47,2036-W47,2036-11-16,47,2036-W47,2036-11-17,Non-Holiday,Weekday
3978,2036-11-21,3978,131,Friday,November,2036,2036-Nov,21,326,47,2036-W47,2036-11-16,47,2036-W47,2036-11-17,Non-Holiday,Weekday
3979,2036-11-22,3979,131,Saturday,November,2036,2036-Nov,22,327,47,2036-W47,2036-11-16,47,2036-W47,2036-11-17,Non-Holiday,Weekend
3980,2036-11-23,3980,131,Sunday,November,2036,2036-Nov,23,328,48,2036-W48,2036-11-16,47,2036-W47,2036-11-17,Non-Holiday,Weekend
3981,2036-11-24,3981,131,Monday,November,2036,2036-Nov,24,329,48,2036-W48,2036-11-23,48,2036-W48,2036-11-24,Non-Holiday,Weekday
3982,2036-11-25,3982,131,Tuesday,November,2036,2036-Nov,25,330,48,2036-W48,2036-11-23,48,2036-W48,2036-11-24,Non-Holiday,Weekday
3983,2036-11-26,3983,131,Wednesday,November,2036,2036-Nov,26,331,48,2036-W48,2036-11-23,48,2036-W48,2036-11-24,Non-Holiday,Weekday
3984,2036-11-27,3984,131,Thursday,November,2036,2036-Nov,27,332,48,2036-W48,2036-11-23,48,2036-W48,2036-11-24,Non-Holiday,Weekday
3985,2036-11-28,3985,131,Friday,November,2036,2036-Nov,28,333,48,2036-W48,2036-11-23,48,2036-W48,2036-11-24,Non-Holiday,Weekday
3986,2036-11-29,3986,131,Saturday,November,2036,2036-Nov,29,334,48,2036-W48,2036-11-23,48,2036-W48,2036-11-24,Non-Holiday,Weekend
3987,2036-11-30,3987,131,Sunday,November,2036,2036-Nov,30,335,49,2036-W49,2036-11-23,48,2036-W48,2036-11-24,Non-Holiday,Weekend
3988,2036-12-01,3988,132,Monday,December,2036,2036-Dec,1,336,49,2036-W49,2036-11-30,49,2036-W49,2036-12-01,Non-Holiday,Weekday
3989,2036-12-02,3989,132,Tuesday,December,2036,2036-Dec,2,337,49,2036-W49,2036-11-30,49,2036-W49,2036-12-01,Non-Holiday,Weekday
3990,2036-12-03,3990,132,Wednesday,December,2036,2036-Dec,3,338,49,2036-W49,2036-11-30,49,2036-W49,2036-12-01,Non-Holiday,Weekday
3991,2036-12-04,3991,132,Thursday,December,2036,2036-Dec,4,339,49,2036-W49,2036-11-30,49,2036-W49,2036-12-01,Non-Holiday,Weekday
3992,2036-12-05,3992,132,Friday,December,2036,2036-Dec,5,340,49,2036-W49,2036-11-30,49,2036-W49,2036-12-01,Non-Holiday,Weekday
3993,2036-12-06,3993,132,Saturday,December,2036,2036-Dec,6,341,49,2036-W49,2036-11-30,49,2036-W49,2036-12-01,Non-Holiday,Weekend
3994,2036-12-07,3994,132,Sunday,December,2036,2036-Dec,7,342,50,2036-W50,2036-11-30,49,2036-W49,2036-12-01,Non-Holiday,Weekend
3995,2036-12-08,3995,132,Monday,December,2036,2036-Dec,8,343,50,2036-W50,2036-12-07,50,2036-W50,2036-12-08,Non-Holiday,Weekday
3996,2036-12-09,3996,132,Tuesday,December,2036,2036-Dec,9,344,50,2036-W50,2036-12-07,50,2036-W50,2036-12-08,Non-Holiday,Weekday
3997,2036-12-10,3997,132,Wednesday,December,2036,2036-Dec,10,345,50,2036-W50,2036-12-07,50,2036-W50,2036-12-08,Non-Holiday,Weekday
3998,2036-12-11,3998,132,Thursday,December,2036,2036-Dec,11,346,50,2036-W50,2036-12-07,50,2036-W50,2036-12-08,Non-Holiday,Weekday
3999,2036-12-12,3999,132,Friday,December,2036,2036-Dec,12,347,50,2036-W50,2036-12-07,50,2036-W50,2036-12-08,Non-Holiday,Weekday
4000,2036-12-13,4000,132,Saturday,December,2036,2036-Dec,13,348,50,2036-W50,2036-12-07,50,2036-W50,2036-12-08,Non-Holiday,Weekend
4001,2036-12-14,4001,132,Sunday,December,2036,2036-Dec,14,349,51,2036-W51,2036-12-07,50,2036-W50,2036-12-08,Non-Holiday,Weekend
4002,2036-12-15,4002,132,Monday,December,2036,2036-Dec,15,350,51,2036-W51,2036-12-14,51,2036-W51,2036-12-15,Non-Holiday,Weekday
4003,2036-12-16,4003,132,Tuesday,December,2036,2036-Dec,16,351,51,2036-W51,2036-12-14,51,2036-W51,2036-12-15,Non-Holiday,Weekday
4004,2036-12-17,4004,132,Wednesday,December,2036,2036-Dec,17,352,51,2036-W51,2036-12-14,51,2036-W51,2036-12-15,Non-Holiday,Weekday
4005,2036-12-18,4005,132,Thursday,December,2036,2036-Dec,18,353,51,2036-W51,2036-12-14,51,2036-W51,2036-12-15,Non-Holiday,Weekday
4006,2036-12-19,4006,132,Friday,December,2036,2036-Dec,19,354,51,2036-W51,2036-12-14,51,2036-W51,2036-12-15,Non-Holiday,Weekday
4007,2036-12-20,4007,132,Saturday,December,2036,2036-Dec,20,355,51,2036-W51,2036-12-14,51,2036-W51,2036-12-15,Non-Holiday,Weekend
4008,2036-12-21,4008,132,Sunday,December,2036,2036-Dec,21,356,52,2036-W52,2036-12-14,51,2036-W51,2036-12-15,Non-Holiday,Weekend
4009,2036-12-22,4009,132,Monday,December,2036,2036-Dec,22,357,52,2036-W52,2036-12-21,52,2036-W52,2036-12-22,Non-Holiday,Weekday
4010,2036-12-23,4010,132,Tuesday,December,2036,2036-Dec,23,358,52,2036-W52,2036-12-21,52,2036-W52,2036-12-22,Non-Holiday,Weekday
4011,2036-12-24,4011,132,Wednesday,December,2036,2036-Dec,24,359,52,2036-W52,2036-12-21,52,2036-W52,2036-12-22,Non-Holiday,Weekday
4012,2036-12-25,4012,132,Thursday,December,2036,2036-Dec,25,360,52,2036-W52,2036-12-21,52,2036-W52,2036-12-22,Non-Holiday,Weekday
4013,2036-12-26,4013,132,Friday,December,2036,2036-Dec,26,361,52,2036-W52,2036-12-21,52,2036-W52,2036-12-22,Non-Holiday,Weekday
4014,2036-12-27,4014,132,Saturday,December,2036,2036-Dec,27,362,52,2036-W52,2036-12-21,52,2036-W52,2036-12-22,Non-Holiday,Weekend
4015,2036-12-28,4015,132,Sunday,December,2036,2036-Dec,28,363,53,2036-W53,2036-12-21,52,2036-W52,2036-12-22,Non-Holiday,Weekend
4016,2036-12-29,4016,132,Monday,December,2036,2036-Dec,29,364,53,2036-W53,2036-12-28,53,2036-W53,2036-12-29,Non-Holiday,Weekday
4017,2036-12-30,4017,132,Tuesday,December,2036,2036-Dec,30,365,53,2036-W53,2036-12-28,53,2036-W53,2036-12-29,Non-Holiday,Weekday
4018,2036-12-31,4018,132,Wednesday,December,2036,2036-Dec,31,366,53,2036-W53,2036-12-28,53,2036-W53,2036-12-29,Non-Holiday,Weekday
4019,2037-01-01,4019,133,Thursday,January,2037,2037-Jan,1,1,1,2037-W01,2036-12-28,1,2037-W01,2036-12-29,Non-Holiday,Weekday
4020,2037-01-02,4020,133,Friday,January,2037,2037-Jan,2,2,1,2037-W01,2036-12-28,1,2037-W01,2036-12-29,Non-Holiday,Weekday
4021,2037-01-03,4021,133,Saturday,January,2037,2037-Jan,3,3,1,2037-W01,2036-12-28,1,2037-W01,2036-12-29,Non-Holiday,Weekend
4022,2037-01-04,4022,133,Sunday,January,2037,2037-Jan,4,4,2,2037-W02,2036-12-28,1,2037-W01,2036-12-29,Non-Holiday,Weekend
4023,2037-01-05,4023,133,Monday,January,2037,2037-Jan,5,5,2,2037-W02,2037-01-04,2,2037-W02,2037-01-05,Non-Holiday,Weekday
4024,2037-01-06,4024,133,Tuesday,January,2037,2037-Jan,6,6,2,2037-W02,2037-01-04,2,2037-W02,2037-01-05,Non-Holiday,Weekday
4025,2037-01-07,4025,133,Wednesday,January,2037,2037-Jan,7,7,2,2037-W02,2037-01-04,2,2037-W02,2037-01-05,Non-Holiday,Weekday
4026,2037-01-08,4026,133,Thursday,January,2037,2037-Jan,8,8,2,2037-W02,2037-01-04,2,2037-W02,2037-01-05,Non-Holiday,Weekday
4027,2037-01-09,4027,133,Friday,January,2037,2037-Jan,9,9,2,2037-W02,2037-01-04,2,2037-W02,2037-01-05,Non-Holiday,Weekday
4028,2037-01-10,4028,133,Saturday,January,2037,2037-Jan,10,10,2,2037-W02,2037-01-04,2,2037-W02,2037-01-05,Non-Holiday,Weekend
4029,2037-01-11,4029,133,Sunday,January,2037,2037-Jan,11,11,3,2037-W03,2037-01-04,2,2037-W02,2037-01-05,Non-Holiday,Weekend
4030,2037-01-12,4030,133,Monday,January,2037,2037-Jan,12,12,3,2037-W03,2037-01-11,3,2037-W03,2037-01-12,Non-Holiday,Weekday
4031,2037-01-13,4031,133,Tuesday,January,2037,2037-Jan,13,13,3,2037-W03,2037-01-11,3,2037-W03,2037-01-12,Non-Holiday,Weekday
4032,2037-01-14,4032,133,Wednesday,January,2037,2037-Jan,14,14,3,2037-W03,2037-01-11,3,2037-W03,2037-01-12,Non-Holiday,Weekday
4033,2037-01-15,4033,133,Thursday,January,2037,2037-Jan,15,15,3,2037-W03,2037-01-11,3,2037-W03,2037-01-12,Non-Holiday,Weekday
4034,2037-01-16,4034,133,Friday,January,2037,2037-Jan,16,16,3,2037-W03,2037-01-11,3,2037-W03,2037-01-12,Non-Holiday,Weekday
4035,2037-01-17,4035,133,Saturday,January,2037,2037-Jan,17,17,3,2037-W03,2037-01-11,3,2037-W03,2037-01-12,Non-Holiday,Weekend
4036,2037-01-18,4036,133,Sunday,January,2037,2037-Jan,18,18,4,2037-W04,2037-01-11,3,2037-W03,2037-01-12,Non-Holiday,Weekend
4037,2037-01-19,4037,133,Monday,January,2037,2037-Jan,19,19,4,2037-W04,2037-01-18,4,2037-W04,2037-01-19,Non-Holiday,Weekday
4038,2037-01-20,4038,133,Tuesday,January,2037,2037-Jan,20,20,4,2037-W04,2037-01-18,4,2037-W04,2037-01-19,Non-Holiday,Weekday
4039,2037-01-21,4039,133,Wednesday,January,2037,2037-Jan,21,21,4,2037-W04,2037-01-18,4,2037-W04,2037-01-19,Non-Holiday,Weekday
4040,2037-01-22,4040,133,Thursday,January,2037,2037-Jan,22,22,4,2037-W04,2037-01-18,4,2037-W04,2037-01-19,Non-Holiday,Weekday
4041,2037-01-23,4041,133,Friday,January,2037,2037-Jan,23,23,4,2037-W04,2037-01-18,4,2037-W04,2037-01-19,Non-Holiday,Weekday
4042,2037-01-24,4042,133,Saturday,January,2037,2037-Jan,24,24,4,2037-W04,2037-01-18,4,2037-W04,2037-01-19,Non-Holiday,Weekend
4043,2037-01-25,4043,133,Sunday,January,2037,2037-Jan,25,25,5,2037-W05,2037-01-18,4,2037-W04,2037-01-19,Non-Holiday,Weekend
4044,2037-01-26,4044,133,Monday,January,2037,2037-Jan,26,26,5,2037-W05,2037-01-25,5,2037-W05,2037-01-26,Non-Holiday,Weekday
4045,2037-01-27,4045,133,Tuesday,January,2037,2037-Jan,27,27,5,2037-W05,2037-01-25,5,2037-W05,2037-01-26,Non-Holiday,Weekday
4046,2037-01-28,4046,133,Wednesday,January,2037,2037-Jan,28,28,5,2037-W05,2037-01-25,5,2037-W05,2037-01-26,Non-Holiday,Weekday
4047,2037-01-29,4047,133,Thursday,January,2037,2037-Jan,29,29,5,2037-W05,2037-01-25,5,2037-W05,2037-01-26,Non-Holiday,Weekday
4048,2037-01-30,4048,133,Friday,January,2037,2037-Jan,30,30,5,2037-W05,2037-01-25,5,2037-W05,2037-01-26,Non-Holiday,Weekday
4049,2037-01-31,4049,133,Saturday,January,2037,2037-Jan,31,31,5,2037-W05,2037-01-25,5,2037-W05,2037-01-26,Non-Holiday,Weekend
4050,2037-02-01,4050,134,Sunday,February,2037,2037-Feb,1,32,6,2037-W06,2037-01-25,5,2037-W05,2037-01-26,Non-Holiday,Weekend
4051,2037-02-02,4051,134,Monday,February,2037,2037-Feb,2,33,6,2037-W06,2037-02-01,6,2037-W06,2037-02-02,Non-Holiday,Weekday
4052,2037-02-03,4052,134,Tuesday,February,2037,2037-Feb,3,34,6,2037-W06,2037-02-01,6,2037-W06,2037-02-02,Non-Holiday,Weekday
4053,2037-02-04,4053,134,Wednesday,February,2037,2037-Feb,4,35,6,2037-W06,2037-02-01,6,2037-W06,2037-02-02,Non-Holiday,Weekday
4054,2037-02-05,4054,134,Thursday,February,2037,2037-Feb,5,36,6,2037-W06,2037-02-01,6,2037-W06,2037-02-02,Non-Holiday,Weekday
4055,2037-02-06,4055,134,Friday,February,2037,2037-Feb,6,37,6,2037-W06,2037-02-01,6,2037-W06,2037-02-02,Non-Holiday,Weekday
4056,2037-02-07,4056,134,Saturday,February,2037,2037-Feb,7,38,6,2037-W06,2037-02-01,6,2037-W06,2037-02-02,Non-Holiday,Weekend
4057,2037-02-08,4057,134,Sunday,February,2037,2037-Feb,8,39,7,2037-W07,2037-02-01,6,2037-W06,2037-02-02,Non-Holiday,Weekend
4058,2037-02-09,4058,134,Monday,February,2037,2037-Feb,9,40,7,2037-W07,2037-02-08,7,2037-W07,2037-02-09,Non-Holiday,Weekday
4059,2037-02-10,4059,134,Tuesday,February,2037,2037-Feb,10,41,7,2037-W07,2037-02-08,7,2037-W07,2037-02-09,Non-Holiday,Weekday
4060,2037-02-11,4060,134,Wednesday,February,2037,2037-Feb,11,42,7,2037-W07,2037-02-08,7,2037-W07,2037-02-09,Non-Holiday,Weekday
4061,2037-02-12,4061,134,Thursday,February,2037,2037-Feb,12,43,7,2037-W07,2037-02-08,7,2037-W07,2037-02-09,Non-Holiday,Weekday
4062,2037-02-13,4062,134,Friday,February,2037,2037-Feb,13,44,7,2037-W07,2037-02-08,7,2037-W07,2037-02-09,Non-Holiday,Weekday
4063,2037-02-14,4063,134,Saturday,February,2037,2037-Feb,14,45,7,2037-W07,2037-02-08,7,2037-W07,2037-02-09,Non-Holiday,Weekend
4064,2037-02-15,4064,134,Sunday,February,2037,2037-Feb,15,46,8,2037-W08,2037-02-08,7,2037-W07,2037-02-09,Non-Holiday,Weekend
4065,2037-02-16,4065,134,Monday,February,2037,2037-Feb,16,47,8,2037-W08,2037-02-15,8,2037-W08,2037-02-16,Non-Holiday,Weekday
4066,2037-02-17,4066,134,Tuesday,February,2037,2037-Feb,17,48,8,2037-W08,2037-02-15,8,2037-W08,2037-02-16,Non-Holiday,Weekday
4067,2037-02-18,4067,134,Wednesday,February,2037,2037-Feb,18,49,8,2037-W08,2037-02-15,8,2037-W08,2037-02-16,Non-Holiday,Weekday
4068,2037-02-19,4068,134,Thursday,February,2037,2037-Feb,19,50,8,2037-W08,2037-02-15,8,2037-W08,2037-02-16,Non-Holiday,Weekday
4069,2037-02-20,4069,134,Friday,February,2037,2037-Feb,20,51,8,2037-W08,2037-02-15,8,2037-W08,2037-02-16,Non-Holiday,Weekday
4070,2037-02-21,4070,134,Saturday,February,2037,2037-Feb,21,52,8,2037-W08,2037-02-15,8,2037-W08,2037-02-16,Non-Holiday,Weekend
4071,2037-02-22,4071,134,Sunday,February,2037,2037-Feb,22,53,9,2037-W09,2037-02-15,8,2037-W08,2037-02-16,Non-Holiday,Weekend
4072,2037-02-23,4072,134,Monday,February,2037,2037-Feb,23,54,9,2037-W09,2037-02-22,9,2037-W09,2037-02-23,Non-Holiday,Weekday
4073,2037-02-24,4073,134,Tuesday,February,2037,2037-Feb,24,55,9,2037-W09,2037-02-22,9,2037-W09,2037-02-23,Non-Holiday,Weekday
4074,2037-02-25,4074,134,Wednesday,February,2037,2037-Feb,25,56,9,2037-W09,2037-02-22,9,2037-W09,2037-02-23,Non-Holiday,Weekday
4075,2037-02-26,4075,134,Thursday,February,2037,2037-Feb,26,57,9,2037-W09,2037-02-22,9,2037-W09,2037-02-23,Non-Holiday,Weekday
4076,2037-02-27,4076,134,Friday,February,2037,2037-Feb,27,58,9,2037-W09,2037-02-22,9,2037-W09,2037-02-23,Non-Holiday,Weekday
4077,2037-02-28,4077,134,Saturday,February,2037,2037-Feb,28,59,9,2037-W09,2037-02-22,9,2037-W09,2037-02-23,Non-Holiday,Weekend
4078,2037-03-01,4078,135,Sunday,March,2037,2037-Mar,1,60,10,2037-W10,2037-02-22,9,2037-W09,2037-02-23,Non-Holiday,Weekend
4079,2037-03-02,4079,135,Monday,March,2037,2037-Mar,2,61,10,2037-W10,2037-03-01,10,2037-W10,2037-03-02,Non-Holiday,Weekday
4080,2037-03-03,4080,135,Tuesday,March,2037,2037-Mar,3,62,10,2037-W10,2037-03-01,10,2037-W10,2037-03-02,Non-Holiday,Weekday
4081,2037-03-04,4081,135,Wednesday,March,2037,2037-Mar,4,63,10,2037-W10,2037-03-01,10,2037-W10,2037-03-02,Non-Holiday,Weekday
4082,2037-03-05,4082,135,Thursday,March,2037,2037-Mar,5,64,10,2037-W10,2037-03-01,10,2037-W10,2037-03-02,Non-Holiday,Weekday
4083,2037-03-06,4083,135,Friday,March,2037,2037-Mar,6,65,10,2037-W10,2037-03-01,10,2037-W10,2037-03-02,Non-Holiday,Weekday
4084,2037-03-07,4084,135,Saturday,March,2037,2037-Mar,7,66,10,2037-W10,2037-03-01,10,2037-W10,2037-03-02,Non-Holiday,Weekend
4085,2037-03-08,4085,135,Sunday,March,2037,2037-Mar,8,67,11,2037-W11,2037-03-01,10,2037-W10,2037-03-02,Non-Holiday,Weekend
4086,2037-03-09,4086,135,Monday,March,2037,2037-Mar,9,68,11,2037-W11,2037-03-08,11,2037-W11,2037-03-09,Non-Holiday,Weekday
4087,2037-03-10,4087,135,Tuesday,March,2037,2037-Mar,10,69,11,2037-W11,2037-03-08,11,2037-W11,2037-03-09,Non-Holiday,Weekday
4088,2037-03-11,4088,135,Wednesday,March,2037,2037-Mar,11,70,11,2037-W11,2037-03-08,11,2037-W11,2037-03-09,Non-Holiday,Weekday
4089,2037-03-12,4089,135,Thursday,March,2037,2037-Mar,12,71,11,2037-W11,2037-03-08,11,2037-W11,2037-03-09,Non-Holiday,Weekday
4090,2037-03-13,4090,135,Friday,March,2037,2037-Mar,13,72,11,2037-W11,2037-03-08,11,2037-W11,2037-03-09,Non-Holiday,Weekday
4091,2037-03-14,4091,135,Saturday,March,2037,2037-Mar,14,73,11,2037-W11,2037-03-08,11,2037-W11,2037-03-09,Non-Holiday,Weekend
4092,2037-03-15,4092,135,Sunday,March,2037,2037-Mar,15,74,12,2037-W12,2037-03-08,11,2037-W11,2037-03-09,Non-Holiday,Weekend
4093,2037-03-16,4093,135,Monday,March,2037,2037-Mar,16,75,12,2037-W12,2037-03-15,12,2037-W12,2037-03-16,Non-Holiday,Weekday
4094,2037-03-17,4094,135,Tuesday,March,2037,2037-Mar,17,76,12,2037-W12,2037-03-15,12,2037-W12,2037-03-16,Non-Holiday,Weekday
4095,2037-03-18,4095,135,Wednesday,March,2037,2037-Mar,18,77,12,2037-W12,2037-03-15,12,2037-W12,2037-03-16,Non-Holiday,Weekday
4096,2037-03-19,4096,135,Thursday,March,2037,2037-Mar,19,78,12,2037-W12,2037-03-15,12,2037-W12,2037-03-16,Non-Holiday,Weekday
4097,2037-03-20,4097,135,Friday,March,2037,2037-Mar,20,79,12,2037-W12,2037-03-15,12,2037-W12,2037-03-16,Non-Holiday,Weekday
4098,2037-03-21,4098,135,Saturday,March,2037,2037-Mar,21,80,12,2037-W12,2037-03-15,12,2037-W12,2037-03-16,Non-Holiday,Weekend
4099,2037-03-22,4099,135,Sunday,March,2037,2037-Mar,22,81,13,2037-W13,2037-03-15,12,2037-W12,2037-03-16,Non-Holiday,Weekend
4100,2037-03-23,4100,135,Monday,March,2037,2037-Mar,23,82,13,2037-W13,2037-03-22,13,2037-W13,2037-03-23,Non-Holiday,Weekday
4101,2037-03-24,4101,135,Tuesday,March,2037,2037-Mar,24,83,13,2037-W13,2037-03-22,13,2037-W13,2037-03-23,Non-Holiday,Weekday
4102,2037-03-25,4102,135,Wednesday,March,2037,2037-Mar,25,84,13,2037-W13,2037-03-22,13,2037-W13,2037-03-23,Non-Holiday,Weekday
4103,2037-03-26,4103,135,Thursday,March,2037,2037-Mar,26,85,13,2037-W13,2037-03-22,13,2037-W13,2037-03-23,Non-Holiday,Weekday
4104,2037-03-27,4104,135,Friday,March,2037,2037-Mar,27,86,13,2037-W13,2037-03-22,13,2037-W13,2037-03-23,Non-Holiday,Weekday
4105,2037-03-28,4105,135,Saturday,March,2037,2037-Mar,28,87,13,2037-W13,2037-03-22,13,2037-W13,2037-03-23,Non-Holiday,Weekend
4106,2037-03-29,4106,135,Sunday,March,2037,2037-Mar,29,88,14,2037-W14,2037-03-22,13,2037-W13,2037-03-23,Non-Holiday,Weekend
4107,2037-03-30,4107,135,Monday,March,2037,2037-Mar,30,89,14,2037-W14,2037-03-29,14,2037-W14,2037-03-30,Non-Holiday,Weekday
4108,2037-03-31,4108,135,Tuesday,March,2037,2037-Mar,31,90,14,2037-W14,2037-03-29,14,2037-W14,2037-03-30,Non-Holiday,Weekday
4109,2037-04-01,4109,136,Wednesday,April,2037,2037-Apr,1,91,14,2037-W14,2037-03-29,14,2037-W14,2037-03-30,Non-Holiday,Weekday
4110,2037-04-02,4110,136,Thursday,April,2037,2037-Apr,2,92,14,2037-W14,2037-03-29,14,2037-W14,2037-03-30,Non-Holiday,Weekday
4111,2037-04-03,4111,136,Friday,April,2037,2037-Apr,3,93,14,2037-W14,2037-03-29,14,2037-W14,2037-03-30,Non-Holiday,Weekday
4112,2037-04-04,4112,136,Saturday,April,2037,2037-Apr,4,94,14,2037-W14,2037-03-29,14,2037-W14,2037-03-30,Non-Holiday,Weekend
4113,2037-04-05,4113,136,Sunday,April,2037,2037-Apr,5,95,15,2037-W15,2037-03-29,14,2037-W14,2037-03-30,Non-Holiday,Weekend
4114,2037-04-06,4114,136,Monday,April,2037,2037-Apr,6,96,15,2037-W15,2037-04-05,15,2037-W15,2037-04-06,Non-Holiday,Weekday
4115,2037-04-07,4115,136,Tuesday,April,2037,2037-Apr,7,97,15,2037-W15,2037-04-05,15,2037-W15,2037-04-06,Non-Holiday,Weekday
4116,2037-04-08,4116,136,Wednesday,April,2037,2037-Apr,8,98,15,2037-W15,2037-04-05,15,2037-W15,2037-04-06,Non-Holiday,Weekday
4117,2037-04-09,4117,136,Thursday,April,2037,2037-Apr,9,99,15,2037-W15,2037-04-05,15,2037-W15,2037-04-06,Non-Holiday,Weekday
4118,2037-04-10,4118,136,Friday,April,2037,2037-Apr,10,100,15,2037-W15,2037-04-05,15,2037-W15,2037-04-06,Non-Holiday,Weekday
4119,2037-04-11,4119,136,Saturday,April,2037,2037-Apr,11,101,15,2037-W15,2037-04-05,15,2037-W15,2037-04-06,Non-Holiday,Weekend
4120,2037-04-12,4120,136,Sunday,April,2037,2037-Apr,12,102,16,2037-W16,2037-04-05,15,2037-W15,2037-04-06,Non-Holiday,Weekend
4121,2037-04-13,4121,136,Monday,April,2037,2037-Apr,13,103,16,2037-W16,2037-04-12,16,2037-W16,2037-04-13,Non-Holiday,Weekday
4122,2037-04-14,4122,136,Tuesday,April,2037,2037-Apr,14,104,16,2037-W16,2037-04-12,16,2037-W16,2037-04-13,Non-Holiday,Weekday
4123,2037-04-15,4123,136,Wednesday,April,2037,2037-Apr,15,105,16,2037-W16,2037-04-12,16,2037-W16,2037-04-13,Non-Holiday,Weekday
4124,2037-04-16,4124,136,Thursday,April,2037,2037-Apr,16,106,16,2037-W16,2037-04-12,16,2037-W16,2037-04-13,Non-Holiday,Weekday
4125,2037-04-17,4125,136,Friday,April,2037,2037-Apr,17,107,16,2037-W16,2037-04-12,16,2037-W16,2037-04-13,Non-Holiday,Weekday
4126,2037-04-18,4126,136,Saturday,April,2037,2037-Apr,18,108,16,2037-W16,2037-04-12,16,2037-W16,2037-04-13,Non-Holiday,Weekend
4127,2037-04-19,4127,136,Sunday,April,2037,2037-Apr,19,109,17,2037-W17,2037-04-12,16,2037-W16,2037-04-13,Non-Holiday,Weekend
4128,2037-04-20,4128,136,Monday,April,2037,2037-Apr,20,110,17,2037-W17,2037-04-19,17,2037-W17,2037-04-20,Non-Holiday,Weekday
4129,2037-04-21,4129,136,Tuesday,April,2037,2037-Apr,21,111,17,2037-W17,2037-04-19,17,2037-W17,2037-04-20,Non-Holiday,Weekday
4130,2037-04-22,4130,136,Wednesday,April,2037,2037-Apr,22,112,17,2037-W17,2037-04-19,17,2037-W17,2037-04-20,Non-Holiday,Weekday
4131,2037-04-23,4131,136,Thursday,April,2037,2037-Apr,23,113,17,2037-W17,2037-04-19,17,2037-W17,2037-04-20,Non-Holiday,Weekday
4132,2037-04-24,4132,136,Friday,April,2037,2037-Apr,24,114,17,2037-W17,2037-04-19,17,2037-W17,2037-04-20,Non-Holiday,Weekday
4133,2037-04-25,4133,136,Saturday,April,2037,2037-Apr,25,115,17,2037-W17,2037-04-19,17,2037-W17,2037-04-20,Non-Holiday,Weekend
4134,2037-04-26,4134,136,Sunday,April,2037,2037-Apr,26,116,18,2037-W18,2037-04-19,17,2037-W17,2037-04-20,Non-Holiday,Weekend
4135,2037-04-27,4135,136,Monday,April,2037,2037-Apr,27,117,18,2037-W18,2037-04-26,18,2037-W18,2037-04-27,Non-Holiday,Weekday
4136,2037-04-28,4136,136,Tuesday,April,2037,2037-Apr,28,118,18,2037-W18,2037-04-26,18,2037-W18,2037-04-27,Non-Holiday,Weekday
4137,2037-04-29,4137,136,Wednesday,April,2037,2037-Apr,29,119,18,2037-W18,2037-04-26,18,2037-W18,2037-04-27,Non-Holiday,Weekday
4138,2037-04-30,4138,136,Thursday,April,2037,2037-Apr,30,120,18,2037-W18,2037-04-26,18,2037-W18,2037-04-27,Non-Holiday,Weekday
4139,2037-05-01,4139,137,Friday,May,2037,2037-May,1,121,18,2037-W18,2037-04-26,18,2037-W18,2037-04-27,Non-Holiday,Weekday
4140,2037-05-02,4140,137,Saturday,May,2037,2037-May,2,122,18,2037-W18,2037-04-26,18,2037-W18,2037-04-27,Non-Holiday,Weekend
4141,2037-05-03,4141,137,Sunday,May,2037,2037-May,3,123,19,2037-W19,2037-04-26,18,2037-W18,2037-04-27,Non-Holiday,Weekend
4142,2037-05-04,4142,137,Monday,May,2037,2037-May,4,124,19,2037-W19,2037-05-03,19,2037-W19,2037-05-04,Non-Holiday,Weekday
4143,2037-05-05,4143,137,Tuesday,May,2037,2037-May,5,125,19,2037-W19,2037-05-03,19,2037-W19,2037-05-04,Non-Holiday,Weekday
4144,2037-05-06,4144,137,Wednesday,May,2037,2037-May,6,126,19,2037-W19,2037-05-03,19,2037-W19,2037-05-04,Non-Holiday,Weekday
4145,2037-05-07,4145,137,Thursday,May,2037,2037-May,7,127,19,2037-W19,2037-05-03,19,2037-W19,2037-05-04,Non-Holiday,Weekday
4146,2037-05-08,4146,137,Friday,May,2037,2037-May,8,128,19,2037-W19,2037-05-03,19,2037-W19,2037-05-04,Non-Holiday,Weekday
4147,2037-05-09,4147,137,Saturday,May,2037,2037-May,9,129,19,2037-W19,2037-05-03,19,2037-W19,2037-05-04,Non-Holiday,Weekend
4148,2037-05-10,4148,137,Sunday,May,2037,2037-May,10,130,20,2037-W20,2037-05-03,19,2037-W19,2037-05-04,Non-Holiday,Weekend
4149,2037-05-11,4149,137,Monday,May,2037,2037-May,11,131,20,2037-W20,2037-05-10,20,2037-W20,2037-05-11,Non-Holiday,Weekday
4150,2037-05-12,4150,137,Tuesday,May,2037,2037-May,12,132,20,2037-W20,2037-05-10,20,2037-W20,2037-05-11,Non-Holiday,Weekday
4151,2037-05-13,4151,137,Wednesday,May,2037,2037-May,13,133,20,2037-W20,2037-05-10,20,2037-W20,2037-05-11,Non-Holiday,Weekday
4152,2037-05-14,4152,137,Thursday,May,2037,2037-May,14,134,20,2037-W20,2037-05-10,20,2037-W20,2037-05-11,Non-Holiday,Weekday
4153,2037-05-15,4153,137,Friday,May,2037,2037-May,15,135,20,2037-W20,2037-05-10,20,2037-W20,2037-05-11,Non-Holiday,Weekday
4154,2037-05-16,4154,137,Saturday,May,2037,2037-May,16,136,20,2037-W20,2037-05-10,20,2037-W20,2037-05-11,Non-Holiday,Weekend
4155,2037-05-17,4155,137,Sunday,May,2037,2037-May,17,137,21,2037-W21,2037-05-10,20,2037-W20,2037-05-11,Non-Holiday,Weekend
4156,2037-05-18,4156,137,Monday,May,2037,2037-May,18,138,21,2037-W21,2037-05-17,21,2037-W21,2037-05-18,Non-Holiday,Weekday
4157,2037-05-19,4157,137,Tuesday,May,2037,2037-May,19,139,21,2037-W21,2037-05-17,21,2037-W21,2037-05-18,Non-Holiday,Weekday
4158,2037-05-20,4158,137,Wednesday,May,2037,2037-May,20,140,21,2037-W21,2037-05-17,21,2037-W21,2037-05-18,Non-Holiday,Weekday
4159,2037-05-21,4159,137,Thursday,May,2037,2037-May,21,141,21,2037-W21,2037-05-17,21,2037-W21,2037-05-18,Non-Holiday,Weekday
4160,2037-05-22,4160,137,Friday,May,2037,2037-May,22,142,21,2037-W21,2037-05-17,21,2037-W21,2037-05-18,Non-Holiday,Weekday
4161,2037-05-23,4161,137,Saturday,May,2037,2037-May,23,143,21,2037-W21,2037-05-17,21,2037-W21,2037-05-18,Non-Holiday,Weekend
4162,2037-05-24,4162,137,Sunday,May,2037,2037-May,24,144,22,2037-W22,2037-05-17,21,2037-W21,2037-05-18,Non-Holiday,Weekend
4163,2037-05-25,4163,137,Monday,May,2037,2037-May,25,145,22,2037-W22,2037-05-24,22,2037-W22,2037-05-25,Non-Holiday,Weekday
4164,2037-05-26,4164,137,Tuesday,May,2037,2037-May,26,146,22,2037-W22,2037-05-24,22,2037-W22,2037-05-25,Non-Holiday,Weekday
4165,2037-05-27,4165,137,Wednesday,May,2037,2037-May,27,147,22,2037-W22,2037-05-24,22,2037-W22,2037-05-25,Non-Holiday,Weekday
4166,2037-05-28,4166,137,Thursday,May,2037,2037-May,28,148,22,2037-W22,2037-05-24,22,2037-W22,2037-05-25,Non-Holiday,Weekday
4167,2037-05-29,4167,137,Friday,May,2037,2037-May,29,149,22,2037-W22,2037-05-24,22,2037-W22,2037-05-25,Non-Holiday,Weekday
4168,2037-05-30,4168,137,Saturday,May,2037,2037-May,30,150,22,2037-W22,2037-05-24,22,2037-W22,2037-05-25,Non-Holiday,Weekend
4169,2037-05-31,4169,137,Sunday,May,2037,2037-May,31,151,23,2037-W23,2037-05-24,22,2037-W22,2037-05-25,Non-Holiday,Weekend
4170,2037-06-01,4170,138,Monday,June,2037,2037-Jun,1,152,23,2037-W23,2037-05-31,23,2037-W23,2037-06-01,Non-Holiday,Weekday
4171,2037-06-02,4171,138,Tuesday,June,2037,2037-Jun,2,153,23,2037-W23,2037-05-31,23,2037-W23,2037-06-01,Non-Holiday,Weekday
4172,2037-06-03,4172,138,Wednesday,June,2037,2037-Jun,3,154,23,2037-W23,2037-05-31,23,2037-W23,2037-06-01,Non-Holiday,Weekday
4173,2037-06-04,4173,138,Thursday,June,2037,2037-Jun,4,155,23,2037-W23,2037-05-31,23,2037-W23,2037-06-01,Non-Holiday,Weekday
4174,2037-06-05,4174,138,Friday,June,2037,2037-Jun,5,156,23,2037-W23,2037-05-31,23,2037-W23,2037-06-01,Non-Holiday,Weekday
4175,2037-06-06,4175,138,Saturday,June,2037,2037-Jun,6,157,23,2037-W23,2037-05-31,23,2037-W23,2037-06-01,Non-Holiday,Weekend
4176,2037-06-07,4176,138,Sunday,June,2037,2037-Jun,7,158,24,2037-W24,2037-05-31,23,2037-W23,2037-06-01,Non-Holiday,Weekend
4177,2037-06-08,4177,138,Monday,June,2037,2037-Jun,8,159,24,2037-W24,2037-06-07,24,2037-W24,2037-06-08,Non-Holiday,Weekday
4178,2037-06-09,4178,138,Tuesday,June,2037,2037-Jun,9,160,24,2037-W24,2037-06-07,24,2037-W24,2037-06-08,Non-Holiday,Weekday
4179,2037-06-10,4179,138,Wednesday,June,2037,2037-Jun,10,161,24,2037-W24,2037-06-07,24,2037-W24,2037-06-08,Non-Holiday,Weekday
4180,2037-06-11,4180,138,Thursday,June,2037,2037-Jun,11,162,24,2037-W24,2037-06-07,24,2037-W24,2037-06-08,Non-Holiday,Weekday
4181,2037-06-12,4181,138,Friday,June,2037,2037-Jun,12,163,24,2037-W24,2037-06-07,24,2037-W24,2037-06-08,Non-Holiday,Weekday
4182,2037-06-13,4182,138,Saturday,June,2037,2037-Jun,13,164,24,2037-W24,2037-06-07,24,2037-W24,2037-06-08,Non-Holiday,Weekend
4183,2037-06-14,4183,138,Sunday,June,2037,2037-Jun,14,165,25,2037-W25,2037-06-07,24,2037-W24,2037-06-08,Non-Holiday,Weekend
4184,2037-06-15,4184,138,Monday,June,2037,2037-Jun,15,166,25,2037-W25,2037-06-14,25,2037-W25,2037-06-15,Non-Holiday,Weekday
4185,2037-06-16,4185,138,Tuesday,June,2037,2037-Jun,16,167,25,2037-W25,2037-06-14,25,2037-W25,2037-06-15,Non-Holiday,Weekday
4186,2037-06-17,4186,138,Wednesday,June,2037,2037-Jun,17,168,25,2037-W25,2037-06-14,25,2037-W25,2037-06-15,Non-Holiday,Weekday
4187,2037-06-18,4187,138,Thursday,June,2037,2037-Jun,18,169,25,2037-W25,2037-06-14,25,2037-W25,2037-06-15,Non-Holiday,Weekday
4188,2037-06-19,4188,138,Friday,June,2037,2037-Jun,19,170,25,2037-W25,2037-06-14,25,2037-W25,2037-06-15,Non-Holiday,Weekday
4189,2037-06-20,4189,138,Saturday,June,2037,2037-Jun,20,171,25,2037-W25,2037-06-14,25,2037-W25,2037-06-15,Non-Holiday,Weekend
4190,2037-06-21,4190,138,Sunday,June,2037,2037-Jun,21,172,26,2037-W26,2037-06-14,25,2037-W25,2037-06-15,Non-Holiday,Weekend
4191,2037-06-22,4191,138,Monday,June,2037,2037-Jun,22,173,26,2037-W26,2037-06-21,26,2037-W26,2037-06-22,Non-Holiday,Weekday
4192,2037-06-23,4192,138,Tuesday,June,2037,2037-Jun,23,174,26,2037-W26,2037-06-21,26,2037-W26,2037-06-22,Non-Holiday,Weekday
4193,2037-06-24,4193,138,Wednesday,June,2037,2037-Jun,24,175,26,2037-W26,2037-06-21,26,2037-W26,2037-06-22,Non-Holiday,Weekday
4194,2037-06-25,4194,138,Thursday,June,2037,2037-Jun,25,176,26,2037-W26,2037-06-21,26,2037-W26,2037-06-22,Non-Holiday,Weekday
4195,2037-06-26,4195,138,Friday,June,2037,2037-Jun,26,177,26,2037-W26,2037-06-21,26,2037-W26,2037-06-22,Non-Holiday,Weekday
4196,2037-06-27,4196,138,Saturday,June,2037,2037-Jun,27,178,26,2037-W26,2037-06-21,26,2037-W26,2037-06-22,Non-Holiday,Weekend
4197,2037-06-28,4197,138,Sunday,June,2037,2037-Jun,28,179,27,2037-W27,2037-06-21,26,2037-W26,2037-06-22,Non-Holiday,Weekend
4198,2037-06-29,4198,138,Monday,June,2037,2037-Jun,29,180,27,2037-W27,2037-06-28,27,2037-W27,2037-06-29,Non-Holiday,Weekday
4199,2037-06-30,4199,138,Tuesday,June,2037,2037-Jun,30,181,27,2037-W27,2037-06-28,27,2037-W27,2037-06-29,Non-Holiday,Weekday
4200,2037-07-01,4200,139,Wednesday,July,2037,2037-Jul,1,182,27,2037-W27,2037-06-28,27,2037-W27,2037-06-29,Non-Holiday,Weekday
4201,2037-07-02,4201,139,Thursday,July,2037,2037-Jul,2,183,27,2037-W27,2037-06-28,27,2037-W27,2037-06-29,Non-Holiday,Weekday
4202,2037-07-03,4202,139,Friday,July,2037,2037-Jul,3,184,27,2037-W27,2037-06-28,27,2037-W27,2037-06-29,Non-Holiday,Weekday
4203,2037-07-04,4203,139,Saturday,July,2037,2037-Jul,4,185,27,2037-W27,2037-06-28,27,2037-W27,2037-06-29,Non-Holiday,Weekend
4204,2037-07-05,4204,139,Sunday,July,2037,2037-Jul,5,186,28,2037-W28,2037-06-28,27,2037-W27,2037-06-29,Non-Holiday,Weekend
4205,2037-07-06,4205,139,Monday,July,2037,2037-Jul,6,187,28,2037-W28,2037-07-05,28,2037-W28,2037-07-06,Non-Holiday,Weekday
4206,2037-07-07,4206,139,Tuesday,July,2037,2037-Jul,7,188,28,2037-W28,2037-07-05,28,2037-W28,2037-07-06,Non-Holiday,Weekday
4207,2037-07-08,4207,139,Wednesday,July,2037,2037-Jul,8,189,28,2037-W28,2037-07-05,28,2037-W28,2037-07-06,Non-Holiday,Weekday
4208,2037-07-09,4208,139,Thursday,July,2037,2037-Jul,9,190,28,2037-W28,2037-07-05,28,2037-W28,2037-07-06,Non-Holiday,Weekday
4209,2037-07-10,4209,139,Friday,July,2037,2037-Jul,10,191,28,2037-W28,2037-07-05,28,2037-W28,2037-07-06,Non-Holiday,Weekday
4210,2037-07-11,4210,139,Saturday,July,2037,2037-Jul,11,192,28,2037-W28,2037-07-05,28,2037-W28,2037-07-06,Non-Holiday,Weekend
4211,2037-07-12,4211,139,Sunday,July,2037,2037-Jul,12,193,29,2037-W29,2037-07-05,28,2037-W28,2037-07-06,Non-Holiday,Weekend
4212,2037-07-13,4212,139,Monday,July,2037,2037-Jul,13,194,29,2037-W29,2037-07-12,29,2037-W29,2037-07-13,Non-Holiday,Weekday
4213,2037-07-14,4213,139,Tuesday,July,2037,2037-Jul,14,195,29,2037-W29,2037-07-12,29,2037-W29,2037-07-13,Non-Holiday,Weekday
4214,2037-07-15,4214,139,Wednesday,July,2037,2037-Jul,15,196,29,2037-W29,2037-07-12,29,2037-W29,2037-07-13,Non-Holiday,Weekday
4215,2037-07-16,4215,139,Thursday,July,2037,2037-Jul,16,197,29,2037-W29,2037-07-12,29,2037-W29,2037-07-13,Non-Holiday,Weekday
4216,2037-07-17,4216,139,Friday,July,2037,2037-Jul,17,198,29,2037-W29,2037-07-12,29,2037-W29,2037-07-13,Non-Holiday,Weekday
4217,2037-07-18,4217,139,Saturday,July,2037,2037-Jul,18,199,29,2037-W29,2037-07-12,29,2037-W29,2037-07-13,Non-Holiday,Weekend
4218,2037-07-19,4218,139,Sunday,July,2037,2037-Jul,19,200,30,2037-W30,2037-07-12,29,2037-W29,2037-07-13,Non-Holiday,Weekend
4219,2037-07-20,4219,139,Monday,July,2037,2037-Jul,20,201,30,2037-W30,2037-07-19,30,2037-W30,2037-07-20,Non-Holiday,Weekday
4220,2037-07-21,4220,139,Tuesday,July,2037,2037-Jul,21,202,30,2037-W30,2037-07-19,30,2037-W30,2037-07-20,Non-Holiday,Weekday
4221,2037-07-22,4221,139,Wednesday,July,2037,2037-Jul,22,203,30,2037-W30,2037-07-19,30,2037-W30,2037-07-20,Non-Holiday,Weekday
4222,2037-07-23,4222,139,Thursday,July,2037,2037-Jul,23,204,30,2037-W30,2037-07-19,30,2037-W30,2037-07-20,Non-Holiday,Weekday
4223,2037-07-24,4223,139,Friday,July,2037,2037-Jul,24,205,30,2037-W30,2037-07-19,30,2037-W30,2037-07-20,Non-Holiday,Weekday
4224,2037-07-25,4224,139,Saturday,July,2037,2037-Jul,25,206,30,2037-W30,2037-07-19,30,2037-W30,2037-07-20,Non-Holiday,Weekend
4225,2037-07-26,4225,139,Sunday,July,2037,2037-Jul,26,207,31,2037-W31,2037-07-19,30,2037-W30,2037-07-20,Non-Holiday,Weekend
4226,2037-07-27,4226,139,Monday,July,2037,2037-Jul,27,208,31,2037-W31,2037-07-26,31,2037-W31,2037-07-27,Non-Holiday,Weekday
4227,2037-07-28,4227,139,Tuesday,July,2037,2037-Jul,28,209,31,2037-W31,2037-07-26,31,2037-W31,2037-07-27,Non-Holiday,Weekday
4228,2037-07-29,4228,139,Wednesday,July,2037,2037-Jul,29,210,31,2037-W31,2037-07-26,31,2037-W31,2037-07-27,Non-Holiday,Weekday
4229,2037-07-30,4229,139,Thursday,July,2037,2037-Jul,30,211,31,2037-W31,2037-07-26,31,2037-W31,2037-07-27,Non-Holiday,Weekday
4230,2037-07-31,4230,139,Friday,July,2037,2037-Jul,31,212,31,2037-W31,2037-07-26,31,2037-W31,2037-07-27,Non-Holiday,Weekday
4231,2037-08-01,4231,140,Saturday,August,2037,2037-Aug,1,213,31,2037-W31,2037-07-26,31,2037-W31,2037-07-27,Non-Holiday,Weekend
4232,2037-08-02,4232,140,Sunday,August,2037,2037-Aug,2,214,32,2037-W32,2037-07-26,31,2037-W31,2037-07-27,Non-Holiday,Weekend
4233,2037-08-03,4233,140,Monday,August,2037,2037-Aug,3,215,32,2037-W32,2037-08-02,32,2037-W32,2037-08-03,Non-Holiday,Weekday
4234,2037-08-04,4234,140,Tuesday,August,2037,2037-Aug,4,216,32,2037-W32,2037-08-02,32,2037-W32,2037-08-03,Non-Holiday,Weekday
4235,2037-08-05,4235,140,Wednesday,August,2037,2037-Aug,5,217,32,2037-W32,2037-08-02,32,2037-W32,2037-08-03,Non-Holiday,Weekday
4236,2037-08-06,4236,140,Thursday,August,2037,2037-Aug,6,218,32,2037-W32,2037-08-02,32,2037-W32,2037-08-03,Non-Holiday,Weekday
4237,2037-08-07,4237,140,Friday,August,2037,2037-Aug,7,219,32,2037-W32,2037-08-02,32,2037-W32,2037-08-03,Non-Holiday,Weekday
4238,2037-08-08,4238,140,Saturday,August,2037,2037-Aug,8,220,32,2037-W32,2037-08-02,32,2037-W32,2037-08-03,Non-Holiday,Weekend
4239,2037-08-09,4239,140,Sunday,August,2037,2037-Aug,9,221,33,2037-W33,2037-08-02,32,2037-W32,2037-08-03,Non-Holiday,Weekend
4240,2037-08-10,4240,140,Monday,August,2037,2037-Aug,10,222,33,2037-W33,2037-08-09,33,2037-W33,2037-08-10,Non-Holiday,Weekday
4241,2037-08-11,4241,140,Tuesday,August,2037,2037-Aug,11,223,33,2037-W33,2037-08-09,33,2037-W33,2037-08-10,Non-Holiday,Weekday
4242,2037-08-12,4242,140,Wednesday,August,2037,2037-Aug,12,224,33,2037-W33,2037-08-09,33,2037-W33,2037-08-10,Non-Holiday,Weekday
4243,2037-08-13,4243,140,Thursday,August,2037,2037-Aug,13,225,33,2037-W33,2037-08-09,33,2037-W33,2037-08-10,Non-Holiday,Weekday
4244,2037-08-14,4244,140,Friday,August,2037,2037-Aug,14,226,33,2037-W33,2037-08-09,33,2037-W33,2037-08-10,Non-Holiday,Weekday
4245,2037-08-15,4245,140,Saturday,August,2037,2037-Aug,15,227,33,2037-W33,2037-08-09,33,2037-W33,2037-08-10,Non-Holiday,Weekend
4246,2037-08-16,4246,140,Sunday,August,2037,2037-Aug,16,228,34,2037-W34,2037-08-09,33,2037-W33,2037-08-10,Non-Holiday,Weekend
4247,2037-08-17,4247,140,Monday,August,2037,2037-Aug,17,229,34,2037-W34,2037-08-16,34,2037-W34,2037-08-17,Non-Holiday,Weekday
4248,2037-08-18,4248,140,Tuesday,August,2037,2037-Aug,18,230,34,2037-W34,2037-08-16,34,2037-W34,2037-08-17,Non-Holiday,Weekday
4249,2037-08-19,4249,140,Wednesday,August,2037,2037-Aug,19,231,34,2037-W34,2037-08-16,34,2037-W34,2037-08-17,Non-Holiday,Weekday
4250,2037-08-20,4250,140,Thursday,August,2037,2037-Aug,20,232,34,2037-W34,2037-08-16,34,2037-W34,2037-08-17,Non-Holiday,Weekday
4251,2037-08-21,4251,140,Friday,August,2037,2037-Aug,21,233,34,2037-W34,2037-08-16,34,2037-W34,2037-08-17,Non-Holiday,Weekday
4252,2037-08-22,4252,140,Saturday,August,2037,2037-Aug,22,234,34,2037-W34,2037-08-16,34,2037-W34,2037-08-17,Non-Holiday,Weekend
4253,2037-08-23,4253,140,Sunday,August,2037,2037-Aug,23,235,35,2037-W35,2037-08-16,34,2037-W34,2037-08-17,Non-Holiday,Weekend
4254,2037-08-24,4254,140,Monday,August,2037,2037-Aug,24,236,35,2037-W35,2037-08-23,35,2037-W35,2037-08-24,Non-Holiday,Weekday
4255,2037-08-25,4255,140,Tuesday,August,2037,2037-Aug,25,237,35,2037-W35,2037-08-23,35,2037-W35,2037-08-24,Non-Holiday,Weekday
4256,2037-08-26,4256,140,Wednesday,August,2037,2037-Aug,26,238,35,2037-W35,2037-08-23,35,2037-W35,2037-08-24,Non-Holiday,Weekday
4257,2037-08-27,4257,140,Thursday,August,2037,2037-Aug,27,239,35,2037-W35,2037-08-23,35,2037-W35,2037-08-24,Non-Holiday,Weekday
4258,2037-08-28,4258,140,Friday,August,2037,2037-Aug,28,240,35,2037-W35,2037-08-23,35,2037-W35,2037-08-24,Non-Holiday,Weekday
4259,2037-08-29,4259,140,Saturday,August,2037,2037-Aug,29,241,35,2037-W35,2037-08-23,35,2037-W35,2037-08-24,Non-Holiday,Weekend
4260,2037-08-30,4260,140,Sunday,August,2037,2037-Aug,30,242,36,2037-W36,2037-08-23,35,2037-W35,2037-08-24,Non-Holiday,Weekend
4261,2037-08-31,4261,140,Monday,August,2037,2037-Aug,31,243,36,2037-W36,2037-08-30,36,2037-W36,2037-08-31,Non-Holiday,Weekday
4262,2037-09-01,4262,141,Tuesday,September,2037,2037-Sep,1,244,36,2037-W36,2037-08-30,36,2037-W36,2037-08-31,Non-Holiday,Weekday
4263,2037-09-02,4263,141,Wednesday,September,2037,2037-Sep,2,245,36,2037-W36,2037-08-30,36,2037-W36,2037-08-31,Non-Holiday,Weekday
4264,2037-09-03,4264,141,Thursday,September,2037,2037-Sep,3,246,36,2037-W36,2037-08-30,36,2037-W36,2037-08-31,Non-Holiday,Weekday
4265,2037-09-04,4265,141,Friday,September,2037,2037-Sep,4,247,36,2037-W36,2037-08-30,36,2037-W36,2037-08-31,Non-Holiday,Weekday
4266,2037-09-05,4266,141,Saturday,September,2037,2037-Sep,5,248,36,2037-W36,2037-08-30,36,2037-W36,2037-08-31,Non-Holiday,Weekend
4267,2037-09-06,4267,141,Sunday,September,2037,2037-Sep,6,249,37,2037-W37,2037-08-30,36,2037-W36,2037-08-31,Non-Holiday,Weekend
4268,2037-09-07,4268,141,Monday,September,2037,2037-Sep,7,250,37,2037-W37,2037-09-06,37,2037-W37,2037-09-07,Non-Holiday,Weekday
4269,2037-09-08,4269,141,Tuesday,September,2037,2037-Sep,8,251,37,2037-W37,2037-09-06,37,2037-W37,2037-09-07,Non-Holiday,Weekday
4270,2037-09-09,4270,141,Wednesday,September,2037,2037-Sep,9,252,37,2037-W37,2037-09-06,37,2037-W37,2037-09-07,Non-Holiday,Weekday
4271,2037-09-10,4271,141,Thursday,September,2037,2037-Sep,10,253,37,2037-W37,2037-09-06,37,2037-W37,2037-09-07,Non-Holiday,Weekday
4272,2037-09-11,4272,141,Friday,September,2037,2037-Sep,11,254,37,2037-W37,2037-09-06,37,2037-W37,2037-09-07,Non-Holiday,Weekday
4273,2037-09-12,4273,141,Saturday,September,2037,2037-Sep,12,255,37,2037-W37,2037-09-06,37,2037-W37,2037-09-07,Non-Holiday,Weekend
4274,2037-09-13,4274,141,Sunday,September,2037,2037-Sep,13,256,38,2037-W38,2037-09-06,37,2037-W37,2037-09-07,Non-Holiday,Weekend
4275,2037-09-14,4275,141,Monday,September,2037,2037-Sep,14,257,38,2037-W38,2037-09-13,38,2037-W38,2037-09-14,Non-Holiday,Weekday
4276,2037-09-15,4276,141,Tuesday,September,2037,2037-Sep,15,258,38,2037-W38,2037-09-13,38,2037-W38,2037-09-14,Non-Holiday,Weekday
4277,2037-09-16,4277,141,Wednesday,September,2037,2037-Sep,16,259,38,2037-W38,2037-09-13,38,2037-W38,2037-09-14,Non-Holiday,Weekday
4278,2037-09-17,4278,141,Thursday,September,2037,2037-Sep,17,260,38,2037-W38,2037-09-13,38,2037-W38,2037-09-14,Non-Holiday,Weekday
4279,2037-09-18,4279,141,Friday,September,2037,2037-Sep,18,261,38,2037-W38,2037-09-13,38,2037-W38,2037-09-14,Non-Holiday,Weekday
4280,2037-09-19,4280,141,Saturday,September,2037,2037-Sep,19,262,38,2037-W38,2037-09-13,38,2037-W38,2037-09-14,Non-Holiday,Weekend
4281,2037-09-20,4281,141,Sunday,September,2037,2037-Sep,20,263,39,2037-W39,2037-09-13,38,2037-W38,2037-09-14,Non-Holiday,Weekend
4282,2037-09-21,4282,141,Monday,September,2037,2037-Sep,21,264,39,2037-W39,2037-09-20,39,2037-W39,2037-09-21,Non-Holiday,Weekday
4283,2037-09-22,4283,141,Tuesday,September,2037,2037-Sep,22,265,39,2037-W39,2037-09-20,39,2037-W39,2037-09-21,Non-Holiday,Weekday
4284,2037-09-23,4284,141,Wednesday,September,2037,2037-Sep,23,266,39,2037-W39,2037-09-20,39,2037-W39,2037-09-21,Non-Holiday,Weekday
4285,2037-09-24,4285,141,Thursday,September,2037,2037-Sep,24,267,39,2037-W39,2037-09-20,39,2037-W39,2037-09-21,Non-Holiday,Weekday
4286,2037-09-25,4286,141,Friday,September,2037,2037-Sep,25,268,39,2037-W39,2037-09-20,39,2037-W39,2037-09-21,Non-Holiday,Weekday
4287,2037-09-26,4287,141,Saturday,September,2037,2037-Sep,26,269,39,2037-W39,2037-09-20,39,2037-W39,2037-09-21,Non-Holiday,Weekend
4288,2037-09-27,4288,141,Sunday,September,2037,2037-Sep,27,270,40,2037-W40,2037-09-20,39,2037-W39,2037-09-21,Non-Holiday,Weekend
4289,2037-09-28,4289,141,Monday,September,2037,2037-Sep,28,271,40,2037-W40,2037-09-27,40,2037-W40,2037-09-28,Non-Holiday,Weekday
4290,2037-09-29,4290,141,Tuesday,September,2037,2037-Sep,29,272,40,2037-W40,2037-09-27,40,2037-W40,2037-09-28,Non-Holiday,Weekday
4291,2037-09-30,4291,141,Wednesday,September,2037,2037-Sep,30,273,40,2037-W40,2037-09-27,40,2037-W40,2037-09-28,Non-Holiday,Weekday
4292,2037-10-01,4292,142,Thursday,October,2037,2037-Oct,1,274,40,2037-W40,2037-09-27,40,2037-W40,2037-09-28,Non-Holiday,Weekday
4293,2037-10-02,4293,142,Friday,October,2037,2037-Oct,2,275,40,2037-W40,2037-09-27,40,2037-W40,2037-09-28,Non-Holiday,Weekday
4294,2037-10-03,4294,142,Saturday,October,2037,2037-Oct,3,276,40,2037-W40,2037-09-27,40,2037-W40,2037-09-28,Non-Holiday,Weekend
4295,2037-10-04,4295,142,Sunday,October,2037,2037-Oct,4,277,41,2037-W41,2037-09-27,40,2037-W40,2037-09-28,Non-Holiday,Weekend
4296,2037-10-05,4296,142,Monday,October,2037,2037-Oct,5,278,41,2037-W41,2037-10-04,41,2037-W41,2037-10-05,Non-Holiday,Weekday
4297,2037-10-06,4297,142,Tuesday,October,2037,2037-Oct,6,279,41,2037-W41,2037-10-04,41,2037-W41,2037-10-05,Non-Holiday,Weekday
4298,2037-10-07,4298,142,Wednesday,October,2037,2037-Oct,7,280,41,2037-W41,2037-10-04,41,2037-W41,2037-10-05,Non-Holiday,Weekday
4299,2037-10-08,4299,142,Thursday,October,2037,2037-Oct,8,281,41,2037-W41,2037-10-04,41,2037-W41,2037-10-05,Non-Holiday,Weekday
4300,2037-10-09,4300,142,Friday,October,2037,2037-Oct,9,282,41,2037-W41,2037-10-04,41,2037-W41,2037-10-05,Non-Holiday,Weekday
4301,2037-10-10,4301,142,Saturday,October,2037,2037-Oct,10,283,41,2037-W41,2037-10-04,41,2037-W41,2037-10-05,Non-Holiday,Weekend
4302,2037-10-11,4302,142,Sunday,October,2037,2037-Oct,11,284,42,2037-W42,2037-10-04,41,2037-W41,2037-10-05,Non-Holiday,Weekend
4303,2037-10-12,4303,142,Monday,October,2037,2037-Oct,12,285,42,2037-W42,2037-10-11,42,2037-W42,2037-10-12,Non-Holiday,Weekday
4304,2037-10-13,4304,142,Tuesday,October,2037,2037-Oct,13,286,42,2037-W42,2037-10-11,42,2037-W42,2037-10-12,Non-Holiday,Weekday
4305,2037-10-14,4305,142,Wednesday,October,2037,2037-Oct,14,287,42,2037-W42,2037-10-11,42,2037-W42,2037-10-12,Non-Holiday,Weekday
4306,2037-10-15,4306,142,Thursday,October,2037,2037-Oct,15,288,42,2037-W42,2037-10-11,42,2037-W42,2037-10-12,Non-Holiday,Weekday
4307,2037-10-16,4307,142,Friday,October,2037,2037-Oct,16,289,42,2037-W42,2037-10-11,42,2037-W42,2037-10-12,Non-Holiday,Weekday
4308,2037-10-17,4308,142,Saturday,October,2037,2037-Oct,17,290,42,2037-W42,2037-10-11,42,2037-W42,2037-10-12,Non-Holiday,Weekend
4309,2037-10-18,4309,142,Sunday,October,2037,2037-Oct,18,291,43,2037-W43,2037-10-11,42,2037-W42,2037-10-12,Non-Holiday,Weekend
4310,2037-10-19,4310,142,Monday,October,2037,2037-Oct,19,292,43,2037-W43,2037-10-18,43,2037-W43,2037-10-19,Non-Holiday,Weekday
4311,2037-10-20,4311,142,Tuesday,October,2037,2037-Oct,20,293,43,2037-W43,2037-10-18,43,2037-W43,2037-10-19,Non-Holiday,Weekday
4312,2037-10-21,4312,142,Wednesday,October,2037,2037-Oct,21,294,43,2037-W43,2037-10-18,43,2037-W43,2037-10-19,Non-Holiday,Weekday
4313,2037-10-22,4313,142,Thursday,October,2037,2037-Oct,22,295,43,2037-W43,2037-10-18,43,2037-W43,2037-10-19,Non-Holiday,Weekday
4314,2037-10-23,4314,142,Friday,October,2037,2037-Oct,23,296,43,2037-W43,2037-10-18,43,2037-W43,2037-10-19,Non-Holiday,Weekday
4315,2037-10-24,4315,142,Saturday,October,2037,2037-Oct,24,297,43,2037-W43,2037-10-18,43,2037-W43,2037-10-19,Non-Holiday,Weekend
4316,2037-10-25,4316,142,Sunday,October,2037,2037-Oct,25,298,44,2037-W44,2037-10-18,43,2037-W43,2037-10-19,Non-Holiday,Weekend
4317,2037-10-26,4317,142,Monday,October,2037,2037-Oct,26,299,44,2037-W44,2037-10-25,44,2037-W44,2037-10-26,Non-Holiday,Weekday
4318,2037-10-27,4318,142,Tuesday,October,2037,2037-Oct,27,300,44,2037-W44,2037-10-25,44,2037-W44,2037-10-26,Non-Holiday,Weekday
4319,2037-10-28,4319,142,Wednesday,October,2037,2037-Oct,28,301,44,2037-W44,2037-10-25,44,2037-W44,2037-10-26,Non-Holiday,Weekday
4320,2037-10-29,4320,142,Thursday,October,2037,2037-Oct,29,302,44,2037-W44,2037-10-25,44,2037-W44,2037-10-26,Non-Holiday,Weekday
4321,2037-10-30,4321,142,Friday,October,2037,2037-Oct,30,303,44,2037-W44,2037-10-25,44,2037-W44,2037-10-26,Non-Holiday,Weekday
4322,2037-10-31,4322,142,Saturday,October,2037,2037-Oct,31,304,44,2037-W44,2037-10-25,44,2037-W44,2037-10-26,Non-Holiday,Weekend
4323,2037-11-01,4323,143,Sunday,November,2037,2037-Nov,1,305,45,2037-W45,2037-10-25,44,2037-W44,2037-10-26,Non-Holiday,Weekend
4324,2037-11-02,4324,143,Monday,November,2037,2037-Nov,2,306,45,2037-W45,2037-11-01,45,2037-W45,2037-11-02,Non-Holiday,Weekday
4325,2037-11-03,4325,143,Tuesday,November,2037,2037-Nov,3,307,45,2037-W45,2037-11-01,45,2037-W45,2037-11-02,Non-Holiday,Weekday
4326,2037-11-04,4326,143,Wednesday,November,2037,2037-Nov,4,308,45,2037-W45,2037-11-01,45,2037-W45,2037-11-02,Non-Holiday,Weekday
4327,2037-11-05,4327,143,Thursday,November,2037,2037-Nov,5,309,45,2037-W45,2037-11-01,45,2037-W45,2037-11-02,Non-Holiday,Weekday
4328,2037-11-06,4328,143,Friday,November,2037,2037-Nov,6,310,45,2037-W45,2037-11-01,45,2037-W45,2037-11-02,Non-Holiday,Weekday
4329,2037-11-07,4329,143,Saturday,November,2037,2037-Nov,7,311,45,2037-W45,2037-11-01,45,2037-W45,2037-11-02,Non-Holiday,Weekend
4330,2037-11-08,4330,143,Sunday,November,2037,2037-Nov,8,312,46,2037-W46,2037-11-01,45,2037-W45,2037-11-02,Non-Holiday,Weekend
4331,2037-11-09,4331,143,Monday,November,2037,2037-Nov,9,313,46,2037-W46,2037-11-08,46,2037-W46,2037-11-09,Non-Holiday,Weekday
4332,2037-11-10,4332,143,Tuesday,November,2037,2037-Nov,10,314,46,2037-W46,2037-11-08,46,2037-W46,2037-11-09,Non-Holiday,Weekday
4333,2037-11-11,4333,143,Wednesday,November,2037,2037-Nov,11,315,46,2037-W46,2037-11-08,46,2037-W46,2037-11-09,Non-Holiday,Weekday
4334,2037-11-12,4334,143,Thursday,November,2037,2037-Nov,12,316,46,2037-W46,2037-11-08,46,2037-W46,2037-11-09,Non-Holiday,Weekday
4335,2037-11-13,4335,143,Friday,November,2037,2037-Nov,13,317,46,2037-W46,2037-11-08,46,2037-W46,2037-11-09,Non-Holiday,Weekday
4336,2037-11-14,4336,143,Saturday,November,2037,2037-Nov,14,318,46,2037-W46,2037-11-08,46,2037-W46,2037-11-09,Non-Holiday,Weekend
4337,2037-11-15,4337,143,Sunday,November,2037,2037-Nov,15,319,47,2037-W47,2037-11-08,46,2037-W46,2037-11-09,Non-Holiday,Weekend
4338,2037-11-16,4338,143,Monday,November,2037,2037-Nov,16,320,47,2037-W47,2037-11-15,47,2037-W47,2037-11-16,Non-Holiday,Weekday
4339,2037-11-17,4339,143,Tuesday,November,2037,2037-Nov,17,321,47,2037-W47,2037-11-15,47,2037-W47,2037-11-16,Non-Holiday,Weekday
4340,2037-11-18,4340,143,Wednesday,November,2037,2037-Nov,18,322,47,2037-W47,2037-11-15,47,2037-W47,2037-11-16,Non-Holiday,Weekday
4341,2037-11-19,4341,143,Thursday,November,2037,2037-Nov,19,323,47,2037-W47,2037-11-15,47,2037-W47,2037-11-16,Non-Holiday,Weekday
4342,2037-11-20,4342,143,Friday,November,2037,2037-Nov,20,324,47,2037-W47,2037-11-15,47,2037-W47,2037-11-16,Non-Holiday,Weekday
4343,2037-11-21,4343,143,Saturday,November,2037,2037-Nov,21,325,47,2037-W47,2037-11-15,47,2037-W47,2037-11-16,Non-Holiday,Weekend
4344,2037-11-22,4344,143,Sunday,November,2037,2037-Nov,22,326,48,2037-W48,2037-11-15,47,2037-W47,2037-11-16,Non-Holiday,Weekend
4345,2037-11-23,4345,143,Monday,November,2037,2037-Nov,23,327,48,2037-W48,2037-11-22,48,2037-W48,2037-11-23,Non-Holiday,Weekday
4346,2037-11-24,4346,143,Tuesday,November,2037,2037-Nov,24,328,48,2037-W48,2037-11-22,48,2037-W48,2037-11-23,Non-Holiday,Weekday
4347,2037-11-25,4347,143,Wednesday,November,2037,2037-Nov,25,329,48,2037-W48,2037-11-22,48,2037-W48,2037-11-23,Non-Holiday,Weekday
4348,2037-11-26,4348,143,Thursday,November,2037,2037-Nov,26,330,48,2037-W48,2037-11-22,48,2037-W48,2037-11-23,Non-Holiday,Weekday
4349,2037-11-27,4349,143,Friday,November,2037,2037-Nov,27,331,48,2037-W48,2037-11-22,48,2037-W48,2037-11-23,Non-Holiday,Weekday
4350,2037-11-28,4350,143,Saturday,November,2037,2037-Nov,28,332,48,2037-W48,2037-11-22,48,2037-W48,2037-11-23,Non-Holiday,Weekend
4351,2037-11-29,4351,143,Sunday,November,2037,2037-Nov,29,333,49,2037-W49,2037-11-22,48,2037-W48,2037-11-23,Non-Holiday,Weekend
4352,2037-11-30,4352,143,Monday,November,2037,2037-Nov,30,334,49,2037-W49,2037-11-29,49,2037-W49,2037-11-30,Non-Holiday,Weekday
4353,2037-12-01,4353,144,Tuesday,December,2037,2037-Dec,1,335,49,2037-W49,2037-11-29,49,2037-W49,2037-11-30,Non-Holiday,Weekday
4354,2037-12-02,4354,144,Wednesday,December,2037,2037-Dec,2,336,49,2037-W49,2037-11-29,49,2037-W49,2037-11-30,Non-Holiday,Weekday
4355,2037-12-03,4355,144,Thursday,December,2037,2037-Dec,3,337,49,2037-W49,2037-11-29,49,2037-W49,2037-11-30,Non-Holiday,Weekday
4356,2037-12-04,4356,144,Friday,December,2037,2037-Dec,4,338,49,2037-W49,2037-11-29,49,2037-W49,2037-11-30,Non-Holiday,Weekday
4357,2037-12-05,4357,144,Saturday,December,2037,2037-Dec,5,339,49,2037-W49,2037-11-29,49,2037-W49,2037-11-30,Non-Holiday,Weekend
4358,2037-12-06,4358,144,Sunday,December,2037,2037-Dec,6,340,50,2037-W50,2037-11-29,49,2037-W49,2037-11-30,Non-Holiday,Weekend
4359,2037-12-07,4359,144,Monday,December,2037,2037-Dec,7,341,50,2037-W50,2037-12-06,50,2037-W50,2037-12-07,Non-Holiday,Weekday
4360,2037-12-08,4360,144,Tuesday,December,2037,2037-Dec,8,342,50,2037-W50,2037-12-06,50,2037-W50,2037-12-07,Non-Holiday,Weekday
4361,2037-12-09,4361,144,Wednesday,December,2037,2037-Dec,9,343,50,2037-W50,2037-12-06,50,2037-W50,2037-12-07,Non-Holiday,Weekday
4362,2037-12-10,4362,144,Thursday,December,2037,2037-Dec,10,344,50,2037-W50,2037-12-06,50,2037-W50,2037-12-07,Non-Holiday,Weekday
4363,2037-12-11,4363,144,Friday,December,2037,2037-Dec,11,345,50,2037-W50,2037-12-06,50,2037-W50,2037-12-07,Non-Holiday,Weekday
4364,2037-12-12,4364,144,Saturday,December,2037,2037-Dec,12,346,50,2037-W50,2037-12-06,50,2037-W50,2037-12-07,Non-Holiday,Weekend
4365,2037-12-13,4365,144,Sunday,December,2037,2037-Dec,13,347,51,2037-W51,2037-12-06,50,2037-W50,2037-12-07,Non-Holiday,Weekend
4366,2037-12-14,4366,144,Monday,December,2037,2037-Dec,14,348,51,2037-W51,2037-12-13,51,2037-W51,2037-12-14,Non-Holiday,Weekday
4367,2037-12-15,4367,144,Tuesday,December,2037,2037-Dec,15,349,51,2037-W51,2037-12-13,51,2037-W51,2037-12-14,Non-Holiday,Weekday
4368,2037-12-16,4368,144,Wednesday,December,2037,2037-Dec,16,350,51,2037-W51,2037-12-13,51,2037-W51,2037-12-14,Non-Holiday,Weekday
4369,2037-12-17,4369,144,Thursday,December,2037,2037-Dec,17,351,51,2037-W51,2037-12-13,51,2037-W51,2037-12-14,Non-Holiday,Weekday
4370,2037-12-18,4370,144,Friday,December,2037,2037-Dec,18,352,51,2037-W51,2037-12-13,51,2037-W51,2037-12-14,Non-Holiday,Weekday
4371,2037-12-19,4371,144,Saturday,December,2037,2037-Dec,19,353,51,2037-W51,2037-12-13,51,2037-W51,2037-12-14,Non-Holiday,Weekend
4372,2037-12-20,4372,144,Sunday,December,2037,2037-Dec,20,354,52,2037-W52,2037-12-13,51,2037-W51,2037-12-14,Non-Holiday,Weekend
4373,2037-12-21,4373,144,Monday,December,2037,2037-Dec,21,355,52,2037-W52,2037-12-20,52,2037-W52,2037-12-21,Non-Holiday,Weekday
4374,2037-12-22,4374,144,Tuesday,December,2037,2037-Dec,22,356,52,2037-W52,2037-12-20,52,2037-W52,2037-12-21,Non-Holiday,Weekday
4375,2037-12-23,4375,144,Wednesday,December,2037,2037-Dec,23,357,52,2037-W52,2037-12-20,52,2037-W52,2037-12-21,Non-Holiday,Weekday
4376,2037-12-24,4376,144,Thursday,December,2037,2037-Dec,24,358,52,2037-W52,2037-12-20,52,2037-W52,2037-12-21,Non-Holiday,Weekday
4377,2037-12-25,4377,144,Friday,December,2037,2037-Dec,25,359,52,2037-W52,2037-12-20,52,2037-W52,2037-12-21,Non-Holiday,Weekday
4378,2037-12-26,4378,144,Saturday,December,2037,2037-Dec,26,360,52,2037-W52,2037-12-20,52,2037-W52,2037-12-21,Non-Holiday,Weekend
4379,2037-12-27,4379,144,Sunday,December,2037,2037-Dec,27,361,53,2037-W53,2037-12-20,52,2037-W52,2037-12-21,Non-Holiday,Weekend
4380,2037-12-28,4380,144,Monday,December,2037,2037-Dec,28,362,53,2037-W53,2037-12-27,53,2037-W53,2037-12-28,Non-Holiday,Weekday
4381,2037-12-29,4381,144,Tuesday,December,2037,2037-Dec,29,363,53,2037-W53,2037-12-27,53,2037-W53,2037-12-28,Non-Holiday,Weekday
4382,2037-12-30,4382,144,Wednesday,December,2037,2037-Dec,30,364,53,2037-W53,2037-12-27,53,2037-W53,2037-12-28,Non-Holiday,Weekday
4383,2037-12-31,4383,144,Thursday,December,2037,2037-Dec,31,365,53,2037-W53,2037-12-27,53,2037-W53,2037-12-28,Non-Holiday,Weekday
4384,2038-01-01,4384,145,Friday,January,2038,2038-Jan,1,1,1,2038-W01,2037-12-27,1,2038-W01,2037-12-28,Non-Holiday,Weekday
4385,2038-01-02,4385,145,Saturday,January,2038,2038-Jan,2,2,1,2038-W01,2037-12-27,1,2038-W01,2037-12-28,Non-Holiday,Weekend
4386,2038-01-03,4386,145,Sunday,January,2038,2038-Jan,3,3,2,2038-W02,2037-12-27,1,2038-W01,2037-12-28,Non-Holiday,Weekend
4387,2038-01-04,4387,145,Monday,January,2038,2038-Jan,4,4,2,2038-W02,2038-01-03,2,2038-W02,2038-01-04,Non-Holiday,Weekday
4388,2038-01-05,4388,145,Tuesday,January,2038,2038-Jan,5,5,2,2038-W02,2038-01-03,2,2038-W02,2038-01-04,Non-Holiday,Weekday
4389,2038-01-06,4389,145,Wednesday,January,2038,2038-Jan,6,6,2,2038-W02,2038-01-03,2,2038-W02,2038-01-04,Non-Holiday,Weekday
4390,2038-01-07,4390,145,Thursday,January,2038,2038-Jan,7,7,2,2038-W02,2038-01-03,2,2038-W02,2038-01-04,Non-Holiday,Weekday
4391,2038-01-08,4391,145,Friday,January,2038,2038-Jan,8,8,2,2038-W02,2038-01-03,2,2038-W02,2038-01-04,Non-Holiday,Weekday
4392,2038-01-09,4392,145,Saturday,January,2038,2038-Jan,9,9,2,2038-W02,2038-01-03,2,2038-W02,2038-01-04,Non-Holiday,Weekend
4393,2038-01-10,4393,145,Sunday,January,2038,2038-Jan,10,10,3,2038-W03,2038-01-03,2,2038-W02,2038-01-04,Non-Holiday,Weekend
4394,2038-01-11,4394,145,Monday,January,2038,2038-Jan,11,11,3,2038-W03,2038-01-10,3,2038-W03,2038-01-11,Non-Holiday,Weekday
4395,2038-01-12,4395,145,Tuesday,January,2038,2038-Jan,12,12,3,2038-W03,2038-01-10,3,2038-W03,2038-01-11,Non-Holiday,Weekday
4396,2038-01-13,4396,145,Wednesday,January,2038,2038-Jan,13,13,3,2038-W03,2038-01-10,3,2038-W03,2038-01-11,Non-Holiday,Weekday
4397,2038-01-14,4397,145,Thursday,January,2038,2038-Jan,14,14,3,2038-W03,2038-01-10,3,2038-W03,2038-01-11,Non-Holiday,Weekday
4398,2038-01-15,4398,145,Friday,January,2038,2038-Jan,15,15,3,2038-W03,2038-01-10,3,2038-W03,2038-01-11,Non-Holiday,Weekday
4399,2038-01-16,4399,145,Saturday,January,2038,2038-Jan,16,16,3,2038-W03,2038-01-10,3,2038-W03,2038-01-11,Non-Holiday,Weekend
4400,2038-01-17,4400,145,Sunday,January,2038,2038-Jan,17,17,4,2038-W04,2038-01-10,3,2038-W03,2038-01-11,Non-Holiday,Weekend
4401,2038-01-18,4401,145,Monday,January,2038,2038-Jan,18,18,4,2038-W04,2038-01-17,4,2038-W04,2038-01-18,Non-Holiday,Weekday
4402,2038-01-19,4402,145,Tuesday,January,2038,2038-Jan,19,19,4,2038-W04,2038-01-17,4,2038-W04,2038-01-18,Non-Holiday,Weekday
4403,2038-01-20,4403,145,Wednesday,January,2038,2038-Jan,20,20,4,2038-W04,2038-01-17,4,2038-W04,2038-01-18,Non-Holiday,Weekday
4404,2038-01-21,4404,145,Thursday,January,2038,2038-Jan,21,21,4,2038-W04,2038-01-17,4,2038-W04,2038-01-18,Non-Holiday,Weekday
4405,2038-01-22,4405,145,Friday,January,2038,2038-Jan,22,22,4,2038-W04,2038-01-17,4,2038-W04,2038-01-18,Non-Holiday,Weekday
4406,2038-01-23,4406,145,Saturday,January,2038,2038-Jan,23,23,4,2038-W04,2038-01-17,4,2038-W04,2038-01-18,Non-Holiday,Weekend
4407,2038-01-24,4407,145,Sunday,January,2038,2038-Jan,24,24,5,2038-W05,2038-01-17,4,2038-W04,2038-01-18,Non-Holiday,Weekend
4408,2038-01-25,4408,145,Monday,January,2038,2038-Jan,25,25,5,2038-W05,2038-01-24,5,2038-W05,2038-01-25,Non-Holiday,Weekday
4409,2038-01-26,4409,145,Tuesday,January,2038,2038-Jan,26,26,5,2038-W05,2038-01-24,5,2038-W05,2038-01-25,Non-Holiday,Weekday
4410,2038-01-27,4410,145,Wednesday,January,2038,2038-Jan,27,27,5,2038-W05,2038-01-24,5,2038-W05,2038-01-25,Non-Holiday,Weekday
4411,2038-01-28,4411,145,Thursday,January,2038,2038-Jan,28,28,5,2038-W05,2038-01-24,5,2038-W05,2038-01-25,Non-Holiday,Weekday
4412,2038-01-29,4412,145,Friday,January,2038,2038-Jan,29,29,5,2038-W05,2038-01-24,5,2038-W05,2038-01-25,Non-Holiday,Weekday
4413,2038-01-30,4413,145,Saturday,January,2038,2038-Jan,30,30,5,2038-W05,2038-01-24,5,2038-W05,2038-01-25,Non-Holiday,Weekend
4414,2038-01-31,4414,145,Sunday,January,2038,2038-Jan,31,31,6,2038-W06,2038-01-24,5,2038-W05,2038-01-25,Non-Holiday,Weekend
4415,2038-02-01,4415,146,Monday,February,2038,2038-Feb,1,32,6,2038-W06,2038-01-31,6,2038-W06,2038-02-01,Non-Holiday,Weekday
4416,2038-02-02,4416,146,Tuesday,February,2038,2038-Feb,2,33,6,2038-W06,2038-01-31,6,2038-W06,2038-02-01,Non-Holiday,Weekday
4417,2038-02-03,4417,146,Wednesday,February,2038,2038-Feb,3,34,6,2038-W06,2038-01-31,6,2038-W06,2038-02-01,Non-Holiday,Weekday
4418,2038-02-04,4418,146,Thursday,February,2038,2038-Feb,4,35,6,2038-W06,2038-01-31,6,2038-W06,2038-02-01,Non-Holiday,Weekday
4419,2038-02-05,4419,146,Friday,February,2038,2038-Feb,5,36,6,2038-W06,2038-01-31,6,2038-W06,2038-02-01,Non-Holiday,Weekday
4420,2038-02-06,4420,146,Saturday,February,2038,2038-Feb,6,37,6,2038-W06,2038-01-31,6,2038-W06,2038-02-01,Non-Holiday,Weekend
4421,2038-02-07,4421,146,Sunday,February,2038,2038-Feb,7,38,7,2038-W07,2038-01-31,6,2038-W06,2038-02-01,Non-Holiday,Weekend
4422,2038-02-08,4422,146,Monday,February,2038,2038-Feb,8,39,7,2038-W07,2038-02-07,7,2038-W07,2038-02-08,Non-Holiday,Weekday
4423,2038-02-09,4423,146,Tuesday,February,2038,2038-Feb,9,40,7,2038-W07,2038-02-07,7,2038-W07,2038-02-08,Non-Holiday,Weekday
4424,2038-02-10,4424,146,Wednesday,February,2038,2038-Feb,10,41,7,2038-W07,2038-02-07,7,2038-W07,2038-02-08,Non-Holiday,Weekday
4425,2038-02-11,4425,146,Thursday,February,2038,2038-Feb,11,42,7,2038-W07,2038-02-07,7,2038-W07,2038-02-08,Non-Holiday,Weekday
4426,2038-02-12,4426,146,Friday,February,2038,2038-Feb,12,43,7,2038-W07,2038-02-07,7,2038-W07,2038-02-08,Non-Holiday,Weekday
4427,2038-02-13,4427,146,Saturday,February,2038,2038-Feb,13,44,7,2038-W07,2038-02-07,7,2038-W07,2038-02-08,Non-Holiday,Weekend
4428,2038-02-14,4428,146,Sunday,February,2038,2038-Feb,14,45,8,2038-W08,2038-02-07,7,2038-W07,2038-02-08,Non-Holiday,Weekend
4429,2038-02-15,4429,146,Monday,February,2038,2038-Feb,15,46,8,2038-W08,2038-02-14,8,2038-W08,2038-02-15,Non-Holiday,Weekday
4430,2038-02-16,4430,146,Tuesday,February,2038,2038-Feb,16,47,8,2038-W08,2038-02-14,8,2038-W08,2038-02-15,Non-Holiday,Weekday
4431,2038-02-17,4431,146,Wednesday,February,2038,2038-Feb,17,48,8,2038-W08,2038-02-14,8,2038-W08,2038-02-15,Non-Holiday,Weekday
4432,2038-02-18,4432,146,Thursday,February,2038,2038-Feb,18,49,8,2038-W08,2038-02-14,8,2038-W08,2038-02-15,Non-Holiday,Weekday
4433,2038-02-19,4433,146,Friday,February,2038,2038-Feb,19,50,8,2038-W08,2038-02-14,8,2038-W08,2038-02-15,Non-Holiday,Weekday
4434,2038-02-20,4434,146,Saturday,February,2038,2038-Feb,20,51,8,2038-W08,2038-02-14,8,2038-W08,2038-02-15,Non-Holiday,Weekend
4435,2038-02-21,4435,146,Sunday,February,2038,2038-Feb,21,52,9,2038-W09,2038-02-14,8,2038-W08,2038-02-15,Non-Holiday,Weekend
4436,2038-02-22,4436,146,Monday,February,2038,2038-Feb,22,53,9,2038-W09,2038-02-21,9,2038-W09,2038-02-22,Non-Holiday,Weekday
4437,2038-02-23,4437,146,Tuesday,February,2038,2038-Feb,23,54,9,2038-W09,2038-02-21,9,2038-W09,2038-02-22,Non-Holiday,Weekday
4438,2038-02-24,4438,146,Wednesday,February,2038,2038-Feb,24,55,9,2038-W09,2038-02-21,9,2038-W09,2038-02-22,Non-Holiday,Weekday
4439,2038-02-25,4439,146,Thursday,February,2038,2038-Feb,25,56,9,2038-W09,2038-02-21,9,2038-W09,2038-02-22,Non-Holiday,Weekday
4440,2038-02-26,4440,146,Friday,February,2038,2038-Feb,26,57,9,2038-W09,2038-02-21,9,2038-W09,2038-02-22,Non-Holiday,Weekday
4441,2038-02-27,4441,146,Saturday,February,2038,2038-Feb,27,58,9,2038-W09,2038-02-21,9,2038-W09,2038-02-22,Non-Holiday,Weekend
4442,2038-02-28,4442,146,Sunday,February,2038,2038-Feb,28,59,10,2038-W10,2038-02-21,9,2038-W09,2038-02-22,Non-Holiday,Weekend
4443,2038-03-01,4443,147,Monday,March,2038,2038-Mar,1,60,10,2038-W10,2038-02-28,10,2038-W10,2038-03-01,Non-Holiday,Weekday
4444,2038-03-02,4444,147,Tuesday,March,2038,2038-Mar,2,61,10,2038-W10,2038-02-28,10,2038-W10,2038-03-01,Non-Holiday,Weekday
4445,2038-03-03,4445,147,Wednesday,March,2038,2038-Mar,3,62,10,2038-W10,2038-02-28,10,2038-W10,2038-03-01,Non-Holiday,Weekday
4446,2038-03-04,4446,147,Thursday,March,2038,2038-Mar,4,63,10,2038-W10,2038-02-28,10,2038-W10,2038-03-01,Non-Holiday,Weekday
4447,2038-03-05,4447,147,Friday,March,2038,2038-Mar,5,64,10,2038-W10,2038-02-28,10,2038-W10,2038-03-01,Non-Holiday,Weekday
4448,2038-03-06,4448,147,Saturday,March,2038,2038-Mar,6,65,10,2038-W10,2038-02-28,10,2038-W10,2038-03-01,Non-Holiday,Weekend
4449,2038-03-07,4449,147,Sunday,March,2038,2038-Mar,7,66,11,2038-W11,2038-02-28,10,2038-W10,2038-03-01,Non-Holiday,Weekend
4450,2038-03-08,4450,147,Monday,March,2038,2038-Mar,8,67,11,2038-W11,2038-03-07,11,2038-W11,2038-03-08,Non-Holiday,Weekday
4451,2038-03-09,4451,147,Tuesday,March,2038,2038-Mar,9,68,11,2038-W11,2038-03-07,11,2038-W11,2038-03-08,Non-Holiday,Weekday
4452,2038-03-10,4452,147,Wednesday,March,2038,2038-Mar,10,69,11,2038-W11,2038-03-07,11,2038-W11,2038-03-08,Non-Holiday,Weekday
4453,2038-03-11,4453,147,Thursday,March,2038,2038-Mar,11,70,11,2038-W11,2038-03-07,11,2038-W11,2038-03-08,Non-Holiday,Weekday
4454,2038-03-12,4454,147,Friday,March,2038,2038-Mar,12,71,11,2038-W11,2038-03-07,11,2038-W11,2038-03-08,Non-Holiday,Weekday
4455,2038-03-13,4455,147,Saturday,March,2038,2038-Mar,13,72,11,2038-W11,2038-03-07,11,2038-W11,2038-03-08,Non-Holiday,Weekend
4456,2038-03-14,4456,147,Sunday,March,2038,2038-Mar,14,73,12,2038-W12,2038-03-07,11,2038-W11,2038-03-08,Non-Holiday,Weekend
4457,2038-03-15,4457,147,Monday,March,2038,2038-Mar,15,74,12,2038-W12,2038-03-14,12,2038-W12,2038-03-15,Non-Holiday,Weekday
4458,2038-03-16,4458,147,Tuesday,March,2038,2038-Mar,16,75,12,2038-W12,2038-03-14,12,2038-W12,2038-03-15,Non-Holiday,Weekday
4459,2038-03-17,4459,147,Wednesday,March,2038,2038-Mar,17,76,12,2038-W12,2038-03-14,12,2038-W12,2038-03-15,Non-Holiday,Weekday
4460,2038-03-18,4460,147,Thursday,March,2038,2038-Mar,18,77,12,2038-W12,2038-03-14,12,2038-W12,2038-03-15,Non-Holiday,Weekday
4461,2038-03-19,4461,147,Friday,March,2038,2038-Mar,19,78,12,2038-W12,2038-03-14,12,2038-W12,2038-03-15,Non-Holiday,Weekday
4462,2038-03-20,4462,147,Saturday,March,2038,2038-Mar,20,79,12,2038-W12,2038-03-14,12,2038-W12,2038-03-15,Non-Holiday,Weekend
4463,2038-03-21,4463,147,Sunday,March,2038,2038-Mar,21,80,13,2038-W13,2038-03-14,12,2038-W12,2038-03-15,Non-Holiday,Weekend
4464,2038-03-22,4464,147,Monday,March,2038,2038-Mar,22,81,13,2038-W13,2038-03-21,13,2038-W13,2038-03-22,Non-Holiday,Weekday
4465,2038-03-23,4465,147,Tuesday,March,2038,2038-Mar,23,82,13,2038-W13,2038-03-21,13,2038-W13,2038-03-22,Non-Holiday,Weekday
4466,2038-03-24,4466,147,Wednesday,March,2038,2038-Mar,24,83,13,2038-W13,2038-03-21,13,2038-W13,2038-03-22,Non-Holiday,Weekday
4467,2038-03-25,4467,147,Thursday,March,2038,2038-Mar,25,84,13,2038-W13,2038-03-21,13,2038-W13,2038-03-22,Non-Holiday,Weekday
4468,2038-03-26,4468,147,Friday,March,2038,2038-Mar,26,85,13,2038-W13,2038-03-21,13,2038-W13,2038-03-22,Non-Holiday,Weekday
4469,2038-03-27,4469,147,Saturday,March,2038,2038-Mar,27,86,13,2038-W13,2038-03-21,13,2038-W13,2038-03-22,Non-Holiday,Weekend
4470,2038-03-28,4470,147,Sunday,March,2038,2038-Mar,28,87,14,2038-W14,2038-03-21,13,2038-W13,2038-03-22,Non-Holiday,Weekend
4471,2038-03-29,4471,147,Monday,March,2038,2038-Mar,29,88,14,2038-W14,2038-03-28,14,2038-W14,2038-03-29,Non-Holiday,Weekday
4472,2038-03-30,4472,147,Tuesday,March,2038,2038-Mar,30,89,14,2038-W14,2038-03-28,14,2038-W14,2038-03-29,Non-Holiday,Weekday
4473,2038-03-31,4473,147,Wednesday,March,2038,2038-Mar,31,90,14,2038-W14,2038-03-28,14,2038-W14,2038-03-29,Non-Holiday,Weekday
4474,2038-04-01,4474,148,Thursday,April,2038,2038-Apr,1,91,14,2038-W14,2038-03-28,14,2038-W14,2038-03-29,Non-Holiday,Weekday
4475,2038-04-02,4475,148,Friday,April,2038,2038-Apr,2,92,14,2038-W14,2038-03-28,14,2038-W14,2038-03-29,Non-Holiday,Weekday
4476,2038-04-03,4476,148,Saturday,April,2038,2038-Apr,3,93,14,2038-W14,2038-03-28,14,2038-W14,2038-03-29,Non-Holiday,Weekend
4477,2038-04-04,4477,148,Sunday,April,2038,2038-Apr,4,94,15,2038-W15,2038-03-28,14,2038-W14,2038-03-29,Non-Holiday,Weekend
4478,2038-04-05,4478,148,Monday,April,2038,2038-Apr,5,95,15,2038-W15,2038-04-04,15,2038-W15,2038-04-05,Non-Holiday,Weekday
4479,2038-04-06,4479,148,Tuesday,April,2038,2038-Apr,6,96,15,2038-W15,2038-04-04,15,2038-W15,2038-04-05,Non-Holiday,Weekday
4480,2038-04-07,4480,148,Wednesday,April,2038,2038-Apr,7,97,15,2038-W15,2038-04-04,15,2038-W15,2038-04-05,Non-Holiday,Weekday
4481,2038-04-08,4481,148,Thursday,April,2038,2038-Apr,8,98,15,2038-W15,2038-04-04,15,2038-W15,2038-04-05,Non-Holiday,Weekday
4482,2038-04-09,4482,148,Friday,April,2038,2038-Apr,9,99,15,2038-W15,2038-04-04,15,2038-W15,2038-04-05,Non-Holiday,Weekday
4483,2038-04-10,4483,148,Saturday,April,2038,2038-Apr,10,100,15,2038-W15,2038-04-04,15,2038-W15,2038-04-05,Non-Holiday,Weekend
4484,2038-04-11,4484,148,Sunday,April,2038,2038-Apr,11,101,16,2038-W16,2038-04-04,15,2038-W15,2038-04-05,Non-Holiday,Weekend
4485,2038-04-12,4485,148,Monday,April,2038,2038-Apr,12,102,16,2038-W16,2038-04-11,16,2038-W16,2038-04-12,Non-Holiday,Weekday
4486,2038-04-13,4486,148,Tuesday,April,2038,2038-Apr,13,103,16,2038-W16,2038-04-11,16,2038-W16,2038-04-12,Non-Holiday,Weekday
4487,2038-04-14,4487,148,Wednesday,April,2038,2038-Apr,14,104,16,2038-W16,2038-04-11,16,2038-W16,2038-04-12,Non-Holiday,Weekday
4488,2038-04-15,4488,148,Thursday,April,2038,2038-Apr,15,105,16,2038-W16,2038-04-11,16,2038-W16,2038-04-12,Non-Holiday,Weekday
4489,2038-04-16,4489,148,Friday,April,2038,2038-Apr,16,106,16,2038-W16,2038-04-11,16,2038-W16,2038-04-12,Non-Holiday,Weekday
4490,2038-04-17,4490,148,Saturday,April,2038,2038-Apr,17,107,16,2038-W16,2038-04-11,16,2038-W16,2038-04-12,Non-Holiday,Weekend
4491,2038-04-18,4491,148,Sunday,April,2038,2038-Apr,18,108,17,2038-W17,2038-04-11,16,2038-W16,2038-04-12,Non-Holiday,Weekend
4492,2038-04-19,4492,148,Monday,April,2038,2038-Apr,19,109,17,2038-W17,2038-04-18,17,2038-W17,2038-04-19,Non-Holiday,Weekday
4493,2038-04-20,4493,148,Tuesday,April,2038,2038-Apr,20,110,17,2038-W17,2038-04-18,17,2038-W17,2038-04-19,Non-Holiday,Weekday
4494,2038-04-21,4494,148,Wednesday,April,2038,2038-Apr,21,111,17,2038-W17,2038-04-18,17,2038-W17,2038-04-19,Non-Holiday,Weekday
4495,2038-04-22,4495,148,Thursday,April,2038,2038-Apr,22,112,17,2038-W17,2038-04-18,17,2038-W17,2038-04-19,Non-Holiday,Weekday
4496,2038-04-23,4496,148,Friday,April,2038,2038-Apr,23,113,17,2038-W17,2038-04-18,17,2038-W17,2038-04-19,Non-Holiday,Weekday
4497,2038-04-24,4497,148,Saturday,April,2038,2038-Apr,24,114,17,2038-W17,2038-04-18,17,2038-W17,2038-04-19,Non-Holiday,Weekend
4498,2038-04-25,4498,148,Sunday,April,2038,2038-Apr,25,115,18,2038-W18,2038-04-18,17,2038-W17,2038-04-19,Non-Holiday,Weekend
4499,2038-04-26,4499,148,Monday,April,2038,2038-Apr,26,116,18,2038-W18,2038-04-25,18,2038-W18,2038-04-26,Non-Holiday,Weekday
4500,2038-04-27,4500,148,Tuesday,April,2038,2038-Apr,27,117,18,2038-W18,2038-04-25,18,2038-W18,2038-04-26,Non-Holiday,Weekday
4501,2038-04-28,4501,148,Wednesday,April,2038,2038-Apr,28,118,18,2038-W18,2038-04-25,18,2038-W18,2038-04-26,Non-Holiday,Weekday
4502,2038-04-29,4502,148,Thursday,April,2038,2038-Apr,29,119,18,2038-W18,2038-04-25,18,2038-W18,2038-04-26,Non-Holiday,Weekday
4503,2038-04-30,4503,148,Friday,April,2038,2038-Apr,30,120,18,2038-W18,2038-04-25,18,2038-W18,2038-04-26,Non-Holiday,Weekday
4504,2038-05-01,4504,149,Saturday,May,2038,2038-May,1,121,18,2038-W18,2038-04-25,18,2038-W18,2038-04-26,Non-Holiday,Weekend
4505,2038-05-02,4505,149,Sunday,May,2038,2038-May,2,122,19,2038-W19,2038-04-25,18,2038-W18,2038-04-26,Non-Holiday,Weekend
4506,2038-05-03,4506,149,Monday,May,2038,2038-May,3,123,19,2038-W19,2038-05-02,19,2038-W19,2038-05-03,Non-Holiday,Weekday
4507,2038-05-04,4507,149,Tuesday,May,2038,2038-May,4,124,19,2038-W19,2038-05-02,19,2038-W19,2038-05-03,Non-Holiday,Weekday
4508,2038-05-05,4508,149,Wednesday,May,2038,2038-May,5,125,19,2038-W19,2038-05-02,19,2038-W19,2038-05-03,Non-Holiday,Weekday
4509,2038-05-06,4509,149,Thursday,May,2038,2038-May,6,126,19,2038-W19,2038-05-02,19,2038-W19,2038-05-03,Non-Holiday,Weekday
4510,2038-05-07,4510,149,Friday,May,2038,2038-May,7,127,19,2038-W19,2038-05-02,19,2038-W19,2038-05-03,Non-Holiday,Weekday
4511,2038-05-08,4511,149,Saturday,May,2038,2038-May,8,128,19,2038-W19,2038-05-02,19,2038-W19,2038-05-03,Non-Holiday,Weekend
4512,2038-05-09,4512,149,Sunday,May,2038,2038-May,9,129,20,2038-W20,2038-05-02,19,2038-W19,2038-05-03,Non-Holiday,Weekend
4513,2038-05-10,4513,149,Monday,May,2038,2038-May,10,130,20,2038-W20,2038-05-09,20,2038-W20,2038-05-10,Non-Holiday,Weekday
4514,2038-05-11,4514,149,Tuesday,May,2038,2038-May,11,131,20,2038-W20,2038-05-09,20,2038-W20,2038-05-10,Non-Holiday,Weekday
4515,2038-05-12,4515,149,Wednesday,May,2038,2038-May,12,132,20,2038-W20,2038-05-09,20,2038-W20,2038-05-10,Non-Holiday,Weekday
4516,2038-05-13,4516,149,Thursday,May,2038,2038-May,13,133,20,2038-W20,2038-05-09,20,2038-W20,2038-05-10,Non-Holiday,Weekday
4517,2038-05-14,4517,149,Friday,May,2038,2038-May,14,134,20,2038-W20,2038-05-09,20,2038-W20,2038-05-10,Non-Holiday,Weekday
4518,2038-05-15,4518,149,Saturday,May,2038,2038-May,15,135,20,2038-W20,2038-05-09,20,2038-W20,2038-05-10,Non-Holiday,Weekend
4519,2038-05-16,4519,149,Sunday,May,2038,2038-May,16,136,21,2038-W21,2038-05-09,20,2038-W20,2038-05-10,Non-Holiday,Weekend
4520,2038-05-17,4520,149,Monday,May,2038,2038-May,17,137,21,2038-W21,2038-05-16,21,2038-W21,2038-05-17,Non-Holiday,Weekday
4521,2038-05-18,4521,149,Tuesday,May,2038,2038-May,18,138,21,2038-W21,2038-05-16,21,2038-W21,2038-05-17,Non-Holiday,Weekday
4522,2038-05-19,4522,149,Wednesday,May,2038,2038-May,19,139,21,2038-W21,2038-05-16,21,2038-W21,2038-05-17,Non-Holiday,Weekday
4523,2038-05-20,4523,149,Thursday,May,2038,2038-May,20,140,21,2038-W21,2038-05-16,21,2038-W21,2038-05-17,Non-Holiday,Weekday
4524,2038-05-21,4524,149,Friday,May,2038,2038-May,21,141,21,2038-W21,2038-05-16,21,2038-W21,2038-05-17,Non-Holiday,Weekday
4525,2038-05-22,4525,149,Saturday,May,2038,2038-May,22,142,21,2038-W21,2038-05-16,21,2038-W21,2038-05-17,Non-Holiday,Weekend
4526,2038-05-23,4526,149,Sunday,May,2038,2038-May,23,143,22,2038-W22,2038-05-16,21,2038-W21,2038-05-17,Non-Holiday,Weekend
4527,2038-05-24,4527,149,Monday,May,2038,2038-May,24,144,22,2038-W22,2038-05-23,22,2038-W22,2038-05-24,Non-Holiday,Weekday
4528,2038-05-25,4528,149,Tuesday,May,2038,2038-May,25,145,22,2038-W22,2038-05-23,22,2038-W22,2038-05-24,Non-Holiday,Weekday
4529,2038-05-26,4529,149,Wednesday,May,2038,2038-May,26,146,22,2038-W22,2038-05-23,22,2038-W22,2038-05-24,Non-Holiday,Weekday
4530,2038-05-27,4530,149,Thursday,May,2038,2038-May,27,147,22,2038-W22,2038-05-23,22,2038-W22,2038-05-24,Non-Holiday,Weekday
4531,2038-05-28,4531,149,Friday,May,2038,2038-May,28,148,22,2038-W22,2038-05-23,22,2038-W22,2038-05-24,Non-Holiday,Weekday
4532,2038-05-29,4532,149,Saturday,May,2038,2038-May,29,149,22,2038-W22,2038-05-23,22,2038-W22,2038-05-24,Non-Holiday,Weekend
4533,2038-05-30,4533,149,Sunday,May,2038,2038-May,30,150,23,2038-W23,2038-05-23,22,2038-W22,2038-05-24,Non-Holiday,Weekend
4534,2038-05-31,4534,149,Monday,May,2038,2038-May,31,151,23,2038-W23,2038-05-30,23,2038-W23,2038-05-31,Non-Holiday,Weekday
4535,2038-06-01,4535,150,Tuesday,June,2038,2038-Jun,1,152,23,2038-W23,2038-05-30,23,2038-W23,2038-05-31,Non-Holiday,Weekday
4536,2038-06-02,4536,150,Wednesday,June,2038,2038-Jun,2,153,23,2038-W23,2038-05-30,23,2038-W23,2038-05-31,Non-Holiday,Weekday
4537,2038-06-03,4537,150,Thursday,June,2038,2038-Jun,3,154,23,2038-W23,2038-05-30,23,2038-W23,2038-05-31,Non-Holiday,Weekday
4538,2038-06-04,4538,150,Friday,June,2038,2038-Jun,4,155,23,2038-W23,2038-05-30,23,2038-W23,2038-05-31,Non-Holiday,Weekday
4539,2038-06-05,4539,150,Saturday,June,2038,2038-Jun,5,156,23,2038-W23,2038-05-30,23,2038-W23,2038-05-31,Non-Holiday,Weekend
4540,2038-06-06,4540,150,Sunday,June,2038,2038-Jun,6,157,24,2038-W24,2038-05-30,23,2038-W23,2038-05-31,Non-Holiday,Weekend
4541,2038-06-07,4541,150,Monday,June,2038,2038-Jun,7,158,24,2038-W24,2038-06-06,24,2038-W24,2038-06-07,Non-Holiday,Weekday
4542,2038-06-08,4542,150,Tuesday,June,2038,2038-Jun,8,159,24,2038-W24,2038-06-06,24,2038-W24,2038-06-07,Non-Holiday,Weekday
4543,2038-06-09,4543,150,Wednesday,June,2038,2038-Jun,9,160,24,2038-W24,2038-06-06,24,2038-W24,2038-06-07,Non-Holiday,Weekday
4544,2038-06-10,4544,150,Thursday,June,2038,2038-Jun,10,161,24,2038-W24,2038-06-06,24,2038-W24,2038-06-07,Non-Holiday,Weekday
4545,2038-06-11,4545,150,Friday,June,2038,2038-Jun,11,162,24,2038-W24,2038-06-06,24,2038-W24,2038-06-07,Non-Holiday,Weekday
4546,2038-06-12,4546,150,Saturday,June,2038,2038-Jun,12,163,24,2038-W24,2038-06-06,24,2038-W24,2038-06-07,Non-Holiday,Weekend
4547,2038-06-13,4547,150,Sunday,June,2038,2038-Jun,13,164,25,2038-W25,2038-06-06,24,2038-W24,2038-06-07,Non-Holiday,Weekend
4548,2038-06-14,4548,150,Monday,June,2038,2038-Jun,14,165,25,2038-W25,2038-06-13,25,2038-W25,2038-06-14,Non-Holiday,Weekday
4549,2038-06-15,4549,150,Tuesday,June,2038,2038-Jun,15,166,25,2038-W25,2038-06-13,25,2038-W25,2038-06-14,Non-Holiday,Weekday
4550,2038-06-16,4550,150,Wednesday,June,2038,2038-Jun,16,167,25,2038-W25,2038-06-13,25,2038-W25,2038-06-14,Non-Holiday,Weekday
4551,2038-06-17,4551,150,Thursday,June,2038,2038-Jun,17,168,25,2038-W25,2038-06-13,25,2038-W25,2038-06-14,Non-Holiday,Weekday
4552,2038-06-18,4552,150,Friday,June,2038,2038-Jun,18,169,25,2038-W25,2038-06-13,25,2038-W25,2038-06-14,Non-Holiday,Weekday
4553,2038-06-19,4553,150,Saturday,June,2038,2038-Jun,19,170,25,2038-W25,2038-06-13,25,2038-W25,2038-06-14,Non-Holiday,Weekend
4554,2038-06-20,4554,150,Sunday,June,2038,2038-Jun,20,171,26,2038-W26,2038-06-13,25,2038-W25,2038-06-14,Non-Holiday,Weekend
4555,2038-06-21,4555,150,Monday,June,2038,2038-Jun,21,172,26,2038-W26,2038-06-20,26,2038-W26,2038-06-21,Non-Holiday,Weekday
4556,2038-06-22,4556,150,Tuesday,June,2038,2038-Jun,22,173,26,2038-W26,2038-06-20,26,2038-W26,2038-06-21,Non-Holiday,Weekday
4557,2038-06-23,4557,150,Wednesday,June,2038,2038-Jun,23,174,26,2038-W26,2038-06-20,26,2038-W26,2038-06-21,Non-Holiday,Weekday
4558,2038-06-24,4558,150,Thursday,June,2038,2038-Jun,24,175,26,2038-W26,2038-06-20,26,2038-W26,2038-06-21,Non-Holiday,Weekday
4559,2038-06-25,4559,150,Friday,June,2038,2038-Jun,25,176,26,2038-W26,2038-06-20,26,2038-W26,2038-06-21,Non-Holiday,Weekday
4560,2038-06-26,4560,150,Saturday,June,2038,2038-Jun,26,177,26,2038-W26,2038-06-20,26,2038-W26,2038-06-21,Non-Holiday,Weekend
4561,2038-06-27,4561,150,Sunday,June,2038,2038-Jun,27,178,27,2038-W27,2038-06-20,26,2038-W26,2038-06-21,Non-Holiday,Weekend
4562,2038-06-28,4562,150,Monday,June,2038,2038-Jun,28,179,27,2038-W27,2038-06-27,27,2038-W27,2038-06-28,Non-Holiday,Weekday
4563,2038-06-29,4563,150,Tuesday,June,2038,2038-Jun,29,180,27,2038-W27,2038-06-27,27,2038-W27,2038-06-28,Non-Holiday,Weekday
4564,2038-06-30,4564,150,Wednesday,June,2038,2038-Jun,30,181,27,2038-W27,2038-06-27,27,2038-W27,2038-06-28,Non-Holiday,Weekday
4565,2038-07-01,4565,151,Thursday,July,2038,2038-Jul,1,182,27,2038-W27,2038-06-27,27,2038-W27,2038-06-28,Non-Holiday,Weekday
4566,2038-07-02,4566,151,Friday,July,2038,2038-Jul,2,183,27,2038-W27,2038-06-27,27,2038-W27,2038-06-28,Non-Holiday,Weekday
4567,2038-07-03,4567,151,Saturday,July,2038,2038-Jul,3,184,27,2038-W27,2038-06-27,27,2038-W27,2038-06-28,Non-Holiday,Weekend
4568,2038-07-04,4568,151,Sunday,July,2038,2038-Jul,4,185,28,2038-W28,2038-06-27,27,2038-W27,2038-06-28,Non-Holiday,Weekend
4569,2038-07-05,4569,151,Monday,July,2038,2038-Jul,5,186,28,2038-W28,2038-07-04,28,2038-W28,2038-07-05,Non-Holiday,Weekday
4570,2038-07-06,4570,151,Tuesday,July,2038,2038-Jul,6,187,28,2038-W28,2038-07-04,28,2038-W28,2038-07-05,Non-Holiday,Weekday
4571,2038-07-07,4571,151,Wednesday,July,2038,2038-Jul,7,188,28,2038-W28,2038-07-04,28,2038-W28,2038-07-05,Non-Holiday,Weekday
4572,2038-07-08,4572,151,Thursday,July,2038,2038-Jul,8,189,28,2038-W28,2038-07-04,28,2038-W28,2038-07-05,Non-Holiday,Weekday
4573,2038-07-09,4573,151,Friday,July,2038,2038-Jul,9,190,28,2038-W28,2038-07-04,28,2038-W28,2038-07-05,Non-Holiday,Weekday
4574,2038-07-10,4574,151,Saturday,July,2038,2038-Jul,10,191,28,2038-W28,2038-07-04,28,2038-W28,2038-07-05,Non-Holiday,Weekend
4575,2038-07-11,4575,151,Sunday,July,2038,2038-Jul,11,192,29,2038-W29,2038-07-04,28,2038-W28,2038-07-05,Non-Holiday,Weekend
4576,2038-07-12,4576,151,Monday,July,2038,2038-Jul,12,193,29,2038-W29,2038-07-11,29,2038-W29,2038-07-12,Non-Holiday,Weekday
4577,2038-07-13,4577,151,Tuesday,July,2038,2038-Jul,13,194,29,2038-W29,2038-07-11,29,2038-W29,2038-07-12,Non-Holiday,Weekday
4578,2038-07-14,4578,151,Wednesday,July,2038,2038-Jul,14,195,29,2038-W29,2038-07-11,29,2038-W29,2038-07-12,Non-Holiday,Weekday
4579,2038-07-15,4579,151,Thursday,July,2038,2038-Jul,15,196,29,2038-W29,2038-07-11,29,2038-W29,2038-07-12,Non-Holiday,Weekday
4580,2038-07-16,4580,151,Friday,July,2038,2038-Jul,16,197,29,2038-W29,2038-07-11,29,2038-W29,2038-07-12,Non-Holiday,Weekday
4581,2038-07-17,4581,151,Saturday,July,2038,2038-Jul,17,198,29,2038-W29,2038-07-11,29,2038-W29,2038-07-12,Non-Holiday,Weekend
4582,2038-07-18,4582,151,Sunday,July,2038,2038-Jul,18,199,30,2038-W30,2038-07-11,29,2038-W29,2038-07-12,Non-Holiday,Weekend
4583,2038-07-19,4583,151,Monday,July,2038,2038-Jul,19,200,30,2038-W30,2038-07-18,30,2038-W30,2038-07-19,Non-Holiday,Weekday
4584,2038-07-20,4584,151,Tuesday,July,2038,2038-Jul,20,201,30,2038-W30,2038-07-18,30,2038-W30,2038-07-19,Non-Holiday,Weekday
4585,2038-07-21,4585,151,Wednesday,July,2038,2038-Jul,21,202,30,2038-W30,2038-07-18,30,2038-W30,2038-07-19,Non-Holiday,Weekday
4586,2038-07-22,4586,151,Thursday,July,2038,2038-Jul,22,203,30,2038-W30,2038-07-18,30,2038-W30,2038-07-19,Non-Holiday,Weekday
4587,2038-07-23,4587,151,Friday,July,2038,2038-Jul,23,204,30,2038-W30,2038-07-18,30,2038-W30,2038-07-19,Non-Holiday,Weekday
4588,2038-07-24,4588,151,Saturday,July,2038,2038-Jul,24,205,30,2038-W30,2038-07-18,30,2038-W30,2038-07-19,Non-Holiday,Weekend
4589,2038-07-25,4589,151,Sunday,July,2038,2038-Jul,25,206,31,2038-W31,2038-07-18,30,2038-W30,2038-07-19,Non-Holiday,Weekend
4590,2038-07-26,4590,151,Monday,July,2038,2038-Jul,26,207,31,2038-W31,2038-07-25,31,2038-W31,2038-07-26,Non-Holiday,Weekday
4591,2038-07-27,4591,151,Tuesday,July,2038,2038-Jul,27,208,31,2038-W31,2038-07-25,31,2038-W31,2038-07-26,Non-Holiday,Weekday
4592,2038-07-28,4592,151,Wednesday,July,2038,2038-Jul,28,209,31,2038-W31,2038-07-25,31,2038-W31,2038-07-26,Non-Holiday,Weekday
4593,2038-07-29,4593,151,Thursday,July,2038,2038-Jul,29,210,31,2038-W31,2038-07-25,31,2038-W31,2038-07-26,Non-Holiday,Weekday
4594,2038-07-30,4594,151,Friday,July,2038,2038-Jul,30,211,31,2038-W31,2038-07-25,31,2038-W31,2038-07-26,Non-Holiday,Weekday
4595,2038-07-31,4595,151,Saturday,July,2038,2038-Jul,31,212,31,2038-W31,2038-07-25,31,2038-W31,2038-07-26,Non-Holiday,Weekend
4596,2038-08-01,4596,152,Sunday,August,2038,2038-Aug,1,213,32,2038-W32,2038-07-25,31,2038-W31,2038-07-26,Non-Holiday,Weekend
4597,2038-08-02,4597,152,Monday,August,2038,2038-Aug,2,214,32,2038-W32,2038-08-01,32,2038-W32,2038-08-02,Non-Holiday,Weekday
4598,2038-08-03,4598,152,Tuesday,August,2038,2038-Aug,3,215,32,2038-W32,2038-08-01,32,2038-W32,2038-08-02,Non-Holiday,Weekday
4599,2038-08-04,4599,152,Wednesday,August,2038,2038-Aug,4,216,32,2038-W32,2038-08-01,32,2038-W32,2038-08-02,Non-Holiday,Weekday
4600,2038-08-05,4600,152,Thursday,August,2038,2038-Aug,5,217,32,2038-W32,2038-08-01,32,2038-W32,2038-08-02,Non-Holiday,Weekday
4601,2038-08-06,4601,152,Friday,August,2038,2038-Aug,6,218,32,2038-W32,2038-08-01,32,2038-W32,2038-08-02,Non-Holiday,Weekday
4602,2038-08-07,4602,152,Saturday,August,2038,2038-Aug,7,219,32,2038-W32,2038-08-01,32,2038-W32,2038-08-02,Non-Holiday,Weekend
4603,2038-08-08,4603,152,Sunday,August,2038,2038-Aug,8,220,33,2038-W33,2038-08-01,32,2038-W32,2038-08-02,Non-Holiday,Weekend
4604,2038-08-09,4604,152,Monday,August,2038,2038-Aug,9,221,33,2038-W33,2038-08-08,33,2038-W33,2038-08-09,Non-Holiday,Weekday
4605,2038-08-10,4605,152,Tuesday,August,2038,2038-Aug,10,222,33,2038-W33,2038-08-08,33,2038-W33,2038-08-09,Non-Holiday,Weekday
4606,2038-08-11,4606,152,Wednesday,August,2038,2038-Aug,11,223,33,2038-W33,2038-08-08,33,2038-W33,2038-08-09,Non-Holiday,Weekday
4607,2038-08-12,4607,152,Thursday,August,2038,2038-Aug,12,224,33,2038-W33,2038-08-08,33,2038-W33,2038-08-09,Non-Holiday,Weekday
4608,2038-08-13,4608,152,Friday,August,2038,2038-Aug,13,225,33,2038-W33,2038-08-08,33,2038-W33,2038-08-09,Non-Holiday,Weekday
4609,2038-08-14,4609,152,Saturday,August,2038,2038-Aug,14,226,33,2038-W33,2038-08-08,33,2038-W33,2038-08-09,Non-Holiday,Weekend
4610,2038-08-15,4610,152,Sunday,August,2038,2038-Aug,15,227,34,2038-W34,2038-08-08,33,2038-W33,2038-08-09,Non-Holiday,Weekend
4611,2038-08-16,4611,152,Monday,August,2038,2038-Aug,16,228,34,2038-W34,2038-08-15,34,2038-W34,2038-08-16,Non-Holiday,Weekday
4612,2038-08-17,4612,152,Tuesday,August,2038,2038-Aug,17,229,34,2038-W34,2038-08-15,34,2038-W34,2038-08-16,Non-Holiday,Weekday
4613,2038-08-18,4613,152,Wednesday,August,2038,2038-Aug,18,230,34,2038-W34,2038-08-15,34,2038-W34,2038-08-16,Non-Holiday,Weekday
4614,2038-08-19,4614,152,Thursday,August,2038,2038-Aug,19,231,34,2038-W34,2038-08-15,34,2038-W34,2038-08-16,Non-Holiday,Weekday
4615,2038-08-20,4615,152,Friday,August,2038,2038-Aug,20,232,34,2038-W34,2038-08-15,34,2038-W34,2038-08-16,Non-Holiday,Weekday
4616,2038-08-21,4616,152,Saturday,August,2038,2038-Aug,21,233,34,2038-W34,2038-08-15,34,2038-W34,2038-08-16,Non-Holiday,Weekend
4617,2038-08-22,4617,152,Sunday,August,2038,2038-Aug,22,234,35,2038-W35,2038-08-15,34,2038-W34,2038-08-16,Non-Holiday,Weekend
4618,2038-08-23,4618,152,Monday,August,2038,2038-Aug,23,235,35,2038-W35,2038-08-22,35,2038-W35,2038-08-23,Non-Holiday,Weekday
4619,2038-08-24,4619,152,Tuesday,August,2038,2038-Aug,24,236,35,2038-W35,2038-08-22,35,2038-W35,2038-08-23,Non-Holiday,Weekday
4620,2038-08-25,4620,152,Wednesday,August,2038,2038-Aug,25,237,35,2038-W35,2038-08-22,35,2038-W35,2038-08-23,Non-Holiday,Weekday
4621,2038-08-26,4621,152,Thursday,August,2038,2038-Aug,26,238,35,2038-W35,2038-08-22,35,2038-W35,2038-08-23,Non-Holiday,Weekday
4622,2038-08-27,4622,152,Friday,August,2038,2038-Aug,27,239,35,2038-W35,2038-08-22,35,2038-W35,2038-08-23,Non-Holiday,Weekday
4623,2038-08-28,4623,152,Saturday,August,2038,2038-Aug,28,240,35,2038-W35,2038-08-22,35,2038-W35,2038-08-23,Non-Holiday,Weekend
4624,2038-08-29,4624,152,Sunday,August,2038,2038-Aug,29,241,36,2038-W36,2038-08-22,35,2038-W35,2038-08-23,Non-Holiday,Weekend
4625,2038-08-30,4625,152,Monday,August,2038,2038-Aug,30,242,36,2038-W36,2038-08-29,36,2038-W36,2038-08-30,Non-Holiday,Weekday
4626,2038-08-31,4626,152,Tuesday,August,2038,2038-Aug,31,243,36,2038-W36,2038-08-29,36,2038-W36,2038-08-30,Non-Holiday,Weekday
4627,2038-09-01,4627,153,Wednesday,September,2038,2038-Sep,1,244,36,2038-W36,2038-08-29,36,2038-W36,2038-08-30,Non-Holiday,Weekday
4628,2038-09-02,4628,153,Thursday,September,2038,2038-Sep,2,245,36,2038-W36,2038-08-29,36,2038-W36,2038-08-30,Non-Holiday,Weekday
4629,2038-09-03,4629,153,Friday,September,2038,2038-Sep,3,246,36,2038-W36,2038-08-29,36,2038-W36,2038-08-30,Non-Holiday,Weekday
4630,2038-09-04,4630,153,Saturday,September,2038,2038-Sep,4,247,36,2038-W36,2038-08-29,36,2038-W36,2038-08-30,Non-Holiday,Weekend
4631,2038-09-05,4631,153,Sunday,September,2038,2038-Sep,5,248,37,2038-W37,2038-08-29,36,2038-W36,2038-08-30,Non-Holiday,Weekend
4632,2038-09-06,4632,153,Monday,September,2038,2038-Sep,6,249,37,2038-W37,2038-09-05,37,2038-W37,2038-09-06,Non-Holiday,Weekday
4633,2038-09-07,4633,153,Tuesday,September,2038,2038-Sep,7,250,37,2038-W37,2038-09-05,37,2038-W37,2038-09-06,Non-Holiday,Weekday
4634,2038-09-08,4634,153,Wednesday,September,2038,2038-Sep,8,251,37,2038-W37,2038-09-05,37,2038-W37,2038-09-06,Non-Holiday,Weekday
4635,2038-09-09,4635,153,Thursday,September,2038,2038-Sep,9,252,37,2038-W37,2038-09-05,37,2038-W37,2038-09-06,Non-Holiday,Weekday
4636,2038-09-10,4636,153,Friday,September,2038,2038-Sep,10,253,37,2038-W37,2038-09-05,37,2038-W37,2038-09-06,Non-Holiday,Weekday
4637,2038-09-11,4637,153,Saturday,September,2038,2038-Sep,11,254,37,2038-W37,2038-09-05,37,2038-W37,2038-09-06,Non-Holiday,Weekend
4638,2038-09-12,4638,153,Sunday,September,2038,2038-Sep,12,255,38,2038-W38,2038-09-05,37,2038-W37,2038-09-06,Non-Holiday,Weekend
4639,2038-09-13,4639,153,Monday,September,2038,2038-Sep,13,256,38,2038-W38,2038-09-12,38,2038-W38,2038-09-13,Non-Holiday,Weekday
4640,2038-09-14,4640,153,Tuesday,September,2038,2038-Sep,14,257,38,2038-W38,2038-09-12,38,2038-W38,2038-09-13,Non-Holiday,Weekday
4641,2038-09-15,4641,153,Wednesday,September,2038,2038-Sep,15,258,38,2038-W38,2038-09-12,38,2038-W38,2038-09-13,Non-Holiday,Weekday
4642,2038-09-16,4642,153,Thursday,September,2038,2038-Sep,16,259,38,2038-W38,2038-09-12,38,2038-W38,2038-09-13,Non-Holiday,Weekday
4643,2038-09-17,4643,153,Friday,September,2038,2038-Sep,17,260,38,2038-W38,2038-09-12,38,2038-W38,2038-09-13,Non-Holiday,Weekday
4644,2038-09-18,4644,153,Saturday,September,2038,2038-Sep,18,261,38,2038-W38,2038-09-12,38,2038-W38,2038-09-13,Non-Holiday,Weekend
4645,2038-09-19,4645,153,Sunday,September,2038,2038-Sep,19,262,39,2038-W39,2038-09-12,38,2038-W38,2038-09-13,Non-Holiday,Weekend
4646,2038-09-20,4646,153,Monday,September,2038,2038-Sep,20,263,39,2038-W39,2038-09-19,39,2038-W39,2038-09-20,Non-Holiday,Weekday
4647,2038-09-21,4647,153,Tuesday,September,2038,2038-Sep,21,264,39,2038-W39,2038-09-19,39,2038-W39,2038-09-20,Non-Holiday,Weekday
4648,2038-09-22,4648,153,Wednesday,September,2038,2038-Sep,22,265,39,2038-W39,2038-09-19,39,2038-W39,2038-09-20,Non-Holiday,Weekday
4649,2038-09-23,4649,153,Thursday,September,2038,2038-Sep,23,266,39,2038-W39,2038-09-19,39,2038-W39,2038-09-20,Non-Holiday,Weekday
4650,2038-09-24,4650,153,Friday,September,2038,2038-Sep,24,267,39,2038-W39,2038-09-19,39,2038-W39,2038-09-20,Non-Holiday,Weekday
4651,2038-09-25,4651,153,Saturday,September,2038,2038-Sep,25,268,39,2038-W39,2038-09-19,39,2038-W39,2038-09-20,Non-Holiday,Weekend
4652,2038-09-26,4652,153,Sunday,September,2038,2038-Sep,26,269,40,2038-W40,2038-09-19,39,2038-W39,2038-09-20,Non-Holiday,Weekend
4653,2038-09-27,4653,153,Monday,September,2038,2038-Sep,27,270,40,2038-W40,2038-09-26,40,2038-W40,2038-09-27,Non-Holiday,Weekday
4654,2038-09-28,4654,153,Tuesday,September,2038,2038-Sep,28,271,40,2038-W40,2038-09-26,40,2038-W40,2038-09-27,Non-Holiday,Weekday
4655,2038-09-29,4655,153,Wednesday,September,2038,2038-Sep,29,272,40,2038-W40,2038-09-26,40,2038-W40,2038-09-27,Non-Holiday,Weekday
4656,2038-09-30,4656,153,Thursday,September,2038,2038-Sep,30,273,40,2038-W40,2038-09-26,40,2038-W40,2038-09-27,Non-Holiday,Weekday
4657,2038-10-01,4657,154,Friday,October,2038,2038-Oct,1,274,40,2038-W40,2038-09-26,40,2038-W40,2038-09-27,Non-Holiday,Weekday
4658,2038-10-02,4658,154,Saturday,October,2038,2038-Oct,2,275,40,2038-W40,2038-09-26,40,2038-W40,2038-09-27,Non-Holiday,Weekend
4659,2038-10-03,4659,154,Sunday,October,2038,2038-Oct,3,276,41,2038-W41,2038-09-26,40,2038-W40,2038-09-27,Non-Holiday,Weekend
4660,2038-10-04,4660,154,Monday,October,2038,2038-Oct,4,277,41,2038-W41,2038-10-03,41,2038-W41,2038-10-04,Non-Holiday,Weekday
4661,2038-10-05,4661,154,Tuesday,October,2038,2038-Oct,5,278,41,2038-W41,2038-10-03,41,2038-W41,2038-10-04,Non-Holiday,Weekday
4662,2038-10-06,4662,154,Wednesday,October,2038,2038-Oct,6,279,41,2038-W41,2038-10-03,41,2038-W41,2038-10-04,Non-Holiday,Weekday
4663,2038-10-07,4663,154,Thursday,October,2038,2038-Oct,7,280,41,2038-W41,2038-10-03,41,2038-W41,2038-10-04,Non-Holiday,Weekday
4664,2038-10-08,4664,154,Friday,October,2038,2038-Oct,8,281,41,2038-W41,2038-10-03,41,2038-W41,2038-10-04,Non-Holiday,Weekday
4665,2038-10-09,4665,154,Saturday,October,2038,2038-Oct,9,282,41,2038-W41,2038-10-03,41,2038-W41,2038-10-04,Non-Holiday,Weekend
4666,2038-10-10,4666,154,Sunday,October,2038,2038-Oct,10,283,42,2038-W42,2038-10-03,41,2038-W41,2038-10-04,Non-Holiday,Weekend
4667,2038-10-11,4667,154,Monday,October,2038,2038-Oct,11,284,42,2038-W42,2038-10-10,42,2038-W42,2038-10-11,Non-Holiday,Weekday
4668,2038-10-12,4668,154,Tuesday,October,2038,2038-Oct,12,285,42,2038-W42,2038-10-10,42,2038-W42,2038-10-11,Non-Holiday,Weekday
4669,2038-10-13,4669,154,Wednesday,October,2038,2038-Oct,13,286,42,2038-W42,2038-10-10,42,2038-W42,2038-10-11,Non-Holiday,Weekday
4670,2038-10-14,4670,154,Thursday,October,2038,2038-Oct,14,287,42,2038-W42,2038-10-10,42,2038-W42,2038-10-11,Non-Holiday,Weekday
4671,2038-10-15,4671,154,Friday,October,2038,2038-Oct,15,288,42,2038-W42,2038-10-10,42,2038-W42,2038-10-11,Non-Holiday,Weekday
4672,2038-10-16,4672,154,Saturday,October,2038,2038-Oct,16,289,42,2038-W42,2038-10-10,42,2038-W42,2038-10-11,Non-Holiday,Weekend
4673,2038-10-17,4673,154,Sunday,October,2038,2038-Oct,17,290,43,2038-W43,2038-10-10,42,2038-W42,2038-10-11,Non-Holiday,Weekend
4674,2038-10-18,4674,154,Monday,October,2038,2038-Oct,18,291,43,2038-W43,2038-10-17,43,2038-W43,2038-10-18,Non-Holiday,Weekday
4675,2038-10-19,4675,154,Tuesday,October,2038,2038-Oct,19,292,43,2038-W43,2038-10-17,43,2038-W43,2038-10-18,Non-Holiday,Weekday
4676,2038-10-20,4676,154,Wednesday,October,2038,2038-Oct,20,293,43,2038-W43,2038-10-17,43,2038-W43,2038-10-18,Non-Holiday,Weekday
4677,2038-10-21,4677,154,Thursday,October,2038,2038-Oct,21,294,43,2038-W43,2038-10-17,43,2038-W43,2038-10-18,Non-Holiday,Weekday
4678,2038-10-22,4678,154,Friday,October,2038,2038-Oct,22,295,43,2038-W43,2038-10-17,43,2038-W43,2038-10-18,Non-Holiday,Weekday
4679,2038-10-23,4679,154,Saturday,October,2038,2038-Oct,23,296,43,2038-W43,2038-10-17,43,2038-W43,2038-10-18,Non-Holiday,Weekend
4680,2038-10-24,4680,154,Sunday,October,2038,2038-Oct,24,297,44,2038-W44,2038-10-17,43,2038-W43,2038-10-18,Non-Holiday,Weekend
4681,2038-10-25,4681,154,Monday,October,2038,2038-Oct,25,298,44,2038-W44,2038-10-24,44,2038-W44,2038-10-25,Non-Holiday,Weekday
4682,2038-10-26,4682,154,Tuesday,October,2038,2038-Oct,26,299,44,2038-W44,2038-10-24,44,2038-W44,2038-10-25,Non-Holiday,Weekday
4683,2038-10-27,4683,154,Wednesday,October,2038,2038-Oct,27,300,44,2038-W44,2038-10-24,44,2038-W44,2038-10-25,Non-Holiday,Weekday
4684,2038-10-28,4684,154,Thursday,October,2038,2038-Oct,28,301,44,2038-W44,2038-10-24,44,2038-W44,2038-10-25,Non-Holiday,Weekday
4685,2038-10-29,4685,154,Friday,October,2038,2038-Oct,29,302,44,2038-W44,2038-10-24,44,2038-W44,2038-10-25,Non-Holiday,Weekday
4686,2038-10-30,4686,154,Saturday,October,2038,2038-Oct,30,303,44,2038-W44,2038-10-24,44,2038-W44,2038-10-25,Non-Holiday,Weekend
4687,2038-10-31,4687,154,Sunday,October,2038,2038-Oct,31,304,45,2038-W45,2038-10-24,44,2038-W44,2038-10-25,Non-Holiday,Weekend
4688,2038-11-01,4688,155,Monday,November,2038,2038-Nov,1,305,45,2038-W45,2038-10-31,45,2038-W45,2038-11-01,Non-Holiday,Weekday
4689,2038-11-02,4689,155,Tuesday,November,2038,2038-Nov,2,306,45,2038-W45,2038-10-31,45,2038-W45,2038-11-01,Non-Holiday,Weekday
4690,2038-11-03,4690,155,Wednesday,November,2038,2038-Nov,3,307,45,2038-W45,2038-10-31,45,2038-W45,2038-11-01,Non-Holiday,Weekday
4691,2038-11-04,4691,155,Thursday,November,2038,2038-Nov,4,308,45,2038-W45,2038-10-31,45,2038-W45,2038-11-01,Non-Holiday,Weekday
4692,2038-11-05,4692,155,Friday,November,2038,2038-Nov,5,309,45,2038-W45,2038-10-31,45,2038-W45,2038-11-01,Non-Holiday,Weekday
4693,2038-11-06,4693,155,Saturday,November,2038,2038-Nov,6,310,45,2038-W45,2038-10-31,45,2038-W45,2038-11-01,Non-Holiday,Weekend
4694,2038-11-07,4694,155,Sunday,November,2038,2038-Nov,7,311,46,2038-W46,2038-10-31,45,2038-W45,2038-11-01,Non-Holiday,Weekend
4695,2038-11-08,4695,155,Monday,November,2038,2038-Nov,8,312,46,2038-W46,2038-11-07,46,2038-W46,2038-11-08,Non-Holiday,Weekday
4696,2038-11-09,4696,155,Tuesday,November,2038,2038-Nov,9,313,46,2038-W46,2038-11-07,46,2038-W46,2038-11-08,Non-Holiday,Weekday
4697,2038-11-10,4697,155,Wednesday,November,2038,2038-Nov,10,314,46,2038-W46,2038-11-07,46,2038-W46,2038-11-08,Non-Holiday,Weekday
4698,2038-11-11,4698,155,Thursday,November,2038,2038-Nov,11,315,46,2038-W46,2038-11-07,46,2038-W46,2038-11-08,Non-Holiday,Weekday
4699,2038-11-12,4699,155,Friday,November,2038,2038-Nov,12,316,46,2038-W46,2038-11-07,46,2038-W46,2038-11-08,Non-Holiday,Weekday
4700,2038-11-13,4700,155,Saturday,November,2038,2038-Nov,13,317,46,2038-W46,2038-11-07,46,2038-W46,2038-11-08,Non-Holiday,Weekend
4701,2038-11-14,4701,155,Sunday,November,2038,2038-Nov,14,318,47,2038-W47,2038-11-07,46,2038-W46,2038-11-08,Non-Holiday,Weekend
4702,2038-11-15,4702,155,Monday,November,2038,2038-Nov,15,319,47,2038-W47,2038-11-14,47,2038-W47,2038-11-15,Non-Holiday,Weekday
4703,2038-11-16,4703,155,Tuesday,November,2038,2038-Nov,16,320,47,2038-W47,2038-11-14,47,2038-W47,2038-11-15,Non-Holiday,Weekday
4704,2038-11-17,4704,155,Wednesday,November,2038,2038-Nov,17,321,47,2038-W47,2038-11-14,47,2038-W47,2038-11-15,Non-Holiday,Weekday
4705,2038-11-18,4705,155,Thursday,November,2038,2038-Nov,18,322,47,2038-W47,2038-11-14,47,2038-W47,2038-11-15,Non-Holiday,Weekday
4706,2038-11-19,4706,155,Friday,November,2038,2038-Nov,19,323,47,2038-W47,2038-11-14,47,2038-W47,2038-11-15,Non-Holiday,Weekday
4707,2038-11-20,4707,155,Saturday,November,2038,2038-Nov,20,324,47,2038-W47,2038-11-14,47,2038-W47,2038-11-15,Non-Holiday,Weekend
4708,2038-11-21,4708,155,Sunday,November,2038,2038-Nov,21,325,48,2038-W48,2038-11-14,47,2038-W47,2038-11-15,Non-Holiday,Weekend
4709,2038-11-22,4709,155,Monday,November,2038,2038-Nov,22,326,48,2038-W48,2038-11-21,48,2038-W48,2038-11-22,Non-Holiday,Weekday
4710,2038-11-23,4710,155,Tuesday,November,2038,2038-Nov,23,327,48,2038-W48,2038-11-21,48,2038-W48,2038-11-22,Non-Holiday,Weekday
4711,2038-11-24,4711,155,Wednesday,November,2038,2038-Nov,24,328,48,2038-W48,2038-11-21,48,2038-W48,2038-11-22,Non-Holiday,Weekday
4712,2038-11-25,4712,155,Thursday,November,2038,2038-Nov,25,329,48,2038-W48,2038-11-21,48,2038-W48,2038-11-22,Non-Holiday,Weekday
4713,2038-11-26,4713,155,Friday,November,2038,2038-Nov,26,330,48,2038-W48,2038-11-21,48,2038-W48,2038-11-22,Non-Holiday,Weekday
4714,2038-11-27,4714,155,Saturday,November,2038,2038-Nov,27,331,48,2038-W48,2038-11-21,48,2038-W48,2038-11-22,Non-Holiday,Weekend
4715,2038-11-28,4715,155,Sunday,November,2038,2038-Nov,28,332,49,2038-W49,2038-11-21,48,2038-W48,2038-11-22,Non-Holiday,Weekend
4716,2038-11-29,4716,155,Monday,November,2038,2038-Nov,29,333,49,2038-W49,2038-11-28,49,2038-W49,2038-11-29,Non-Holiday,Weekday
4717,2038-11-30,4717,155,Tuesday,November,2038,2038-Nov,30,334,49,2038-W49,2038-11-28,49,2038-W49,2038-11-29,Non-Holiday,Weekday
4718,2038-12-01,4718,156,Wednesday,December,2038,2038-Dec,1,335,49,2038-W49,2038-11-28,49,2038-W49,2038-11-29,Non-Holiday,Weekday
4719,2038-12-02,4719,156,Thursday,December,2038,2038-Dec,2,336,49,2038-W49,2038-11-28,49,2038-W49,2038-11-29,Non-Holiday,Weekday
4720,2038-12-03,4720,156,Friday,December,2038,2038-Dec,3,337,49,2038-W49,2038-11-28,49,2038-W49,2038-11-29,Non-Holiday,Weekday
4721,2038-12-04,4721,156,Saturday,December,2038,2038-Dec,4,338,49,2038-W49,2038-11-28,49,2038-W49,2038-11-29,Non-Holiday,Weekend
4722,2038-12-05,4722,156,Sunday,December,2038,2038-Dec,5,339,50,2038-W50,2038-11-28,49,2038-W49,2038-11-29,Non-Holiday,Weekend
4723,2038-12-06,4723,156,Monday,December,2038,2038-Dec,6,340,50,2038-W50,2038-12-05,50,2038-W50,2038-12-06,Non-Holiday,Weekday
4724,2038-12-07,4724,156,Tuesday,December,2038,2038-Dec,7,341,50,2038-W50,2038-12-05,50,2038-W50,2038-12-06,Non-Holiday,Weekday
4725,2038-12-08,4725,156,Wednesday,December,2038,2038-Dec,8,342,50,2038-W50,2038-12-05,50,2038-W50,2038-12-06,Non-Holiday,Weekday
4726,2038-12-09,4726,156,Thursday,December,2038,2038-Dec,9,343,50,2038-W50,2038-12-05,50,2038-W50,2038-12-06,Non-Holiday,Weekday
4727,2038-12-10,4727,156,Friday,December,2038,2038-Dec,10,344,50,2038-W50,2038-12-05,50,2038-W50,2038-12-06,Non-Holiday,Weekday
4728,2038-12-11,4728,156,Saturday,December,2038,2038-Dec,11,345,50,2038-W50,2038-12-05,50,2038-W50,2038-12-06,Non-Holiday,Weekend
4729,2038-12-12,4729,156,Sunday,December,2038,2038-Dec,12,346,51,2038-W51,2038-12-05,50,2038-W50,2038-12-06,Non-Holiday,Weekend
4730,2038-12-13,4730,156,Monday,December,2038,2038-Dec,13,347,51,2038-W51,2038-12-12,51,2038-W51,2038-12-13,Non-Holiday,Weekday
4731,2038-12-14,4731,156,Tuesday,December,2038,2038-Dec,14,348,51,2038-W51,2038-12-12,51,2038-W51,2038-12-13,Non-Holiday,Weekday
4732,2038-12-15,4732,156,Wednesday,December,2038,2038-Dec,15,349,51,2038-W51,2038-12-12,51,2038-W51,2038-12-13,Non-Holiday,Weekday
4733,2038-12-16,4733,156,Thursday,December,2038,2038-Dec,16,350,51,2038-W51,2038-12-12,51,2038-W51,2038-12-13,Non-Holiday,Weekday
4734,2038-12-17,4734,156,Friday,December,2038,2038-Dec,17,351,51,2038-W51,2038-12-12,51,2038-W51,2038-12-13,Non-Holiday,Weekday
4735,2038-12-18,4735,156,Saturday,December,2038,2038-Dec,18,352,51,2038-W51,2038-12-12,51,2038-W51,2038-12-13,Non-Holiday,Weekend
4736,2038-12-19,4736,156,Sunday,December,2038,2038-Dec,19,353,52,2038-W52,2038-12-12,51,2038-W51,2038-12-13,Non-Holiday,Weekend
4737,2038-12-20,4737,156,Monday,December,2038,2038-Dec,20,354,52,2038-W52,2038-12-19,52,2038-W52,2038-12-20,Non-Holiday,Weekday
4738,2038-12-21,4738,156,Tuesday,December,2038,2038-Dec,21,355,52,2038-W52,2038-12-19,52,2038-W52,2038-12-20,Non-Holiday,Weekday
4739,2038-12-22,4739,156,Wednesday,December,2038,2038-Dec,22,356,52,2038-W52,2038-12-19,52,2038-W52,2038-12-20,Non-Holiday,Weekday
4740,2038-12-23,4740,156,Thursday,December,2038,2038-Dec,23,357,52,2038-W52,2038-12-19,52,2038-W52,2038-12-20,Non-Holiday,Weekday
4741,2038-12-24,4741,156,Friday,December,2038,2038-Dec,24,358,52,2038-W52,2038-12-19,52,2038-W52,2038-12-20,Non-Holiday,Weekday
4742,2038-12-25,4742,156,Saturday,December,2038,2038-Dec,25,359,52,2038-W52,2038-12-19,52,2038-W52,2038-12-20,Non-Holiday,Weekend
4743,2038-12-26,4743,156,Sunday,December,2038,2038-Dec,26,360,53,2038-W53,2038-12-19,52,2038-W52,2038-12-20,Non-Holiday,Weekend
4744,2038-12-27,4744,156,Monday,December,2038,2038-Dec,27,361,53,2038-W53,2038-12-26,53,2038-W53,2038-12-27,Non-Holiday,Weekday
4745,2038-12-28,4745,156,Tuesday,December,2038,2038-Dec,28,362,53,2038-W53,2038-12-26,53,2038-W53,2038-12-27,Non-Holiday,Weekday
4746,2038-12-29,4746,156,Wednesday,December,2038,2038-Dec,29,363,53,2038-W53,2038-12-26,53,2038-W53,2038-12-27,Non-Holiday,Weekday
4747,2038-12-30,4747,156,Thursday,December,2038,2038-Dec,30,364,53,2038-W53,2038-12-26,53,2038-W53,2038-12-27,Non-Holiday,Weekday
4748,2038-12-31,4748,156,Friday,December,2038,2038-Dec,31,365,53,2038-W53,2038-12-26,53,2038-W53,2038-12-27,Non-Holiday,Weekday
4749,2039-01-01,4749,157,Saturday,January,2039,2039-Jan,1,1,1,2039-W01,2038-12-26,1,2039-W01,2038-12-27,Non-Holiday,Weekend
4750,2039-01-02,4750,157,Sunday,January,2039,2039-Jan,2,2,2,2039-W02,2038-12-26,1,2039-W01,2038-12-27,Non-Holiday,Weekend
4751,2039-01-03,4751,157,Monday,January,2039,2039-Jan,3,3,2,2039-W02,2039-01-02,2,2039-W02,2039-01-03,Non-Holiday,Weekday
4752,2039-01-04,4752,157,Tuesday,January,2039,2039-Jan,4,4,2,2039-W02,2039-01-02,2,2039-W02,2039-01-03,Non-Holiday,Weekday
4753,2039-01-05,4753,157,Wednesday,January,2039,2039-Jan,5,5,2,2039-W02,2039-01-02,2,2039-W02,2039-01-03,Non-Holiday,Weekday
4754,2039-01-06,4754,157,Thursday,January,2039,2039-Jan,6,6,2,2039-W02,2039-01-02,2,2039-W02,2039-01-03,Non-Holiday,Weekday
4755,2039-01-07,4755,157,Friday,January,2039,2039-Jan,7,7,2,2039-W02,2039-01-02,2,2039-W02,2039-01-03,Non-Holiday,Weekday
4756,2039-01-08,4756,157,Saturday,January,2039,2039-Jan,8,8,2,2039-W02,2039-01-02,2,2039-W02,2039-01-03,Non-Holiday,Weekend
4757,2039-01-09,4757,157,Sunday,January,2039,2039-Jan,9,9,3,2039-W03,2039-01-02,2,2039-W02,2039-01-03,Non-Holiday,Weekend
4758,2039-01-10,4758,157,Monday,January,2039,2039-Jan,10,10,3,2039-W03,2039-01-09,3,2039-W03,2039-01-10,Non-Holiday,Weekday
4759,2039-01-11,4759,157,Tuesday,January,2039,2039-Jan,11,11,3,2039-W03,2039-01-09,3,2039-W03,2039-01-10,Non-Holiday,Weekday
4760,2039-01-12,4760,157,Wednesday,January,2039,2039-Jan,12,12,3,2039-W03,2039-01-09,3,2039-W03,2039-01-10,Non-Holiday,Weekday
4761,2039-01-13,4761,157,Thursday,January,2039,2039-Jan,13,13,3,2039-W03,2039-01-09,3,2039-W03,2039-01-10,Non-Holiday,Weekday
4762,2039-01-14,4762,157,Friday,January,2039,2039-Jan,14,14,3,2039-W03,2039-01-09,3,2039-W03,2039-01-10,Non-Holiday,Weekday
4763,2039-01-15,4763,157,Saturday,January,2039,2039-Jan,15,15,3,2039-W03,2039-01-09,3,2039-W03,2039-01-10,Non-Holiday,Weekend
4764,2039-01-16,4764,157,Sunday,January,2039,2039-Jan,16,16,4,2039-W04,2039-01-09,3,2039-W03,2039-01-10,Non-Holiday,Weekend
4765,2039-01-17,4765,157,Monday,January,2039,2039-Jan,17,17,4,2039-W04,2039-01-16,4,2039-W04,2039-01-17,Non-Holiday,Weekday
4766,2039-01-18,4766,157,Tuesday,January,2039,2039-Jan,18,18,4,2039-W04,2039-01-16,4,2039-W04,2039-01-17,Non-Holiday,Weekday
4767,2039-01-19,4767,157,Wednesday,January,2039,2039-Jan,19,19,4,2039-W04,2039-01-16,4,2039-W04,2039-01-17,Non-Holiday,Weekday
4768,2039-01-20,4768,157,Thursday,January,2039,2039-Jan,20,20,4,2039-W04,2039-01-16,4,2039-W04,2039-01-17,Non-Holiday,Weekday
4769,2039-01-21,4769,157,Friday,January,2039,2039-Jan,21,21,4,2039-W04,2039-01-16,4,2039-W04,2039-01-17,Non-Holiday,Weekday
4770,2039-01-22,4770,157,Saturday,January,2039,2039-Jan,22,22,4,2039-W04,2039-01-16,4,2039-W04,2039-01-17,Non-Holiday,Weekend
4771,2039-01-23,4771,157,Sunday,January,2039,2039-Jan,23,23,5,2039-W05,2039-01-16,4,2039-W04,2039-01-17,Non-Holiday,Weekend
4772,2039-01-24,4772,157,Monday,January,2039,2039-Jan,24,24,5,2039-W05,2039-01-23,5,2039-W05,2039-01-24,Non-Holiday,Weekday
4773,2039-01-25,4773,157,Tuesday,January,2039,2039-Jan,25,25,5,2039-W05,2039-01-23,5,2039-W05,2039-01-24,Non-Holiday,Weekday
4774,2039-01-26,4774,157,Wednesday,January,2039,2039-Jan,26,26,5,2039-W05,2039-01-23,5,2039-W05,2039-01-24,Non-Holiday,Weekday
4775,2039-01-27,4775,157,Thursday,January,2039,2039-Jan,27,27,5,2039-W05,2039-01-23,5,2039-W05,2039-01-24,Non-Holiday,Weekday
4776,2039-01-28,4776,157,Friday,January,2039,2039-Jan,28,28,5,2039-W05,2039-01-23,5,2039-W05,2039-01-24,Non-Holiday,Weekday
4777,2039-01-29,4777,157,Saturday,January,2039,2039-Jan,29,29,5,2039-W05,2039-01-23,5,2039-W05,2039-01-24,Non-Holiday,Weekend
4778,2039-01-30,4778,157,Sunday,January,2039,2039-Jan,30,30,6,2039-W06,2039-01-23,5,2039-W05,2039-01-24,Non-Holiday,Weekend
4779,2039-01-31,4779,157,Monday,January,2039,2039-Jan,31,31,6,2039-W06,2039-01-30,6,2039-W06,2039-01-31,Non-Holiday,Weekday
4780,2039-02-01,4780,158,Tuesday,February,2039,2039-Feb,1,32,6,2039-W06,2039-01-30,6,2039-W06,2039-01-31,Non-Holiday,Weekday
4781,2039-02-02,4781,158,Wednesday,February,2039,2039-Feb,2,33,6,2039-W06,2039-01-30,6,2039-W06,2039-01-31,Non-Holiday,Weekday
4782,2039-02-03,4782,158,Thursday,February,2039,2039-Feb,3,34,6,2039-W06,2039-01-30,6,2039-W06,2039-01-31,Non-Holiday,Weekday
4783,2039-02-04,4783,158,Friday,February,2039,2039-Feb,4,35,6,2039-W06,2039-01-30,6,2039-W06,2039-01-31,Non-Holiday,Weekday
4784,2039-02-05,4784,158,Saturday,February,2039,2039-Feb,5,36,6,2039-W06,2039-01-30,6,2039-W06,2039-01-31,Non-Holiday,Weekend
4785,2039-02-06,4785,158,Sunday,February,2039,2039-Feb,6,37,7,2039-W07,2039-01-30,6,2039-W06,2039-01-31,Non-Holiday,Weekend
4786,2039-02-07,4786,158,Monday,February,2039,2039-Feb,7,38,7,2039-W07,2039-02-06,7,2039-W07,2039-02-07,Non-Holiday,Weekday
4787,2039-02-08,4787,158,Tuesday,February,2039,2039-Feb,8,39,7,2039-W07,2039-02-06,7,2039-W07,2039-02-07,Non-Holiday,Weekday
4788,2039-02-09,4788,158,Wednesday,February,2039,2039-Feb,9,40,7,2039-W07,2039-02-06,7,2039-W07,2039-02-07,Non-Holiday,Weekday
4789,2039-02-10,4789,158,Thursday,February,2039,2039-Feb,10,41,7,2039-W07,2039-02-06,7,2039-W07,2039-02-07,Non-Holiday,Weekday
4790,2039-02-11,4790,158,Friday,February,2039,2039-Feb,11,42,7,2039-W07,2039-02-06,7,2039-W07,2039-02-07,Non-Holiday,Weekday
4791,2039-02-12,4791,158,Saturday,February,2039,2039-Feb,12,43,7,2039-W07,2039-02-06,7,2039-W07,2039-02-07,Non-Holiday,Weekend
4792,2039-02-13,4792,158,Sunday,February,2039,2039-Feb,13,44,8,2039-W08,2039-02-06,7,2039-W07,2039-02-07,Non-Holiday,Weekend
4793,2039-02-14,4793,158,Monday,February,2039,2039-Feb,14,45,8,2039-W08,2039-02-13,8,2039-W08,2039-02-14,Non-Holiday,Weekday
4794,2039-02-15,4794,158,Tuesday,February,2039,2039-Feb,15,46,8,2039-W08,2039-02-13,8,2039-W08,2039-02-14,Non-Holiday,Weekday
4795,2039-02-16,4795,158,Wednesday,February,2039,2039-Feb,16,47,8,2039-W08,2039-02-13,8,2039-W08,2039-02-14,Non-Holiday,Weekday
4796,2039-02-17,4796,158,Thursday,February,2039,2039-Feb,17,48,8,2039-W08,2039-02-13,8,2039-W08,2039-02-14,Non-Holiday,Weekday
4797,2039-02-18,4797,158,Friday,February,2039,2039-Feb,18,49,8,2039-W08,2039-02-13,8,2039-W08,2039-02-14,Non-Holiday,Weekday
4798,2039-02-19,4798,158,Saturday,February,2039,2039-Feb,19,50,8,2039-W08,2039-02-13,8,2039-W08,2039-02-14,Non-Holiday,Weekend
4799,2039-02-20,4799,158,Sunday,February,2039,2039-Feb,20,51,9,2039-W09,2039-02-13,8,2039-W08,2039-02-14,Non-Holiday,Weekend
4800,2039-02-21,4800,158,Monday,February,2039,2039-Feb,21,52,9,2039-W09,2039-02-20,9,2039-W09,2039-02-21,Non-Holiday,Weekday
4801,2039-02-22,4801,158,Tuesday,February,2039,2039-Feb,22,53,9,2039-W09,2039-02-20,9,2039-W09,2039-02-21,Non-Holiday,Weekday
4802,2039-02-23,4802,158,Wednesday,February,2039,2039-Feb,23,54,9,2039-W09,2039-02-20,9,2039-W09,2039-02-21,Non-Holiday,Weekday
4803,2039-02-24,4803,158,Thursday,February,2039,2039-Feb,24,55,9,2039-W09,2039-02-20,9,2039-W09,2039-02-21,Non-Holiday,Weekday
4804,2039-02-25,4804,158,Friday,February,2039,2039-Feb,25,56,9,2039-W09,2039-02-20,9,2039-W09,2039-02-21,Non-Holiday,Weekday
4805,2039-02-26,4805,158,Saturday,February,2039,2039-Feb,26,57,9,2039-W09,2039-02-20,9,2039-W09,2039-02-21,Non-Holiday,Weekend
4806,2039-02-27,4806,158,Sunday,February,2039,2039-Feb,27,58,10,2039-W10,2039-02-20,9,2039-W09,2039-02-21,Non-Holiday,Weekend
4807,2039-02-28,4807,158,Monday,February,2039,2039-Feb,28,59,10,2039-W10,2039-02-27,10,2039-W10,2039-02-28,Non-Holiday,Weekday
4808,2039-03-01,4808,159,Tuesday,March,2039,2039-Mar,1,60,10,2039-W10,2039-02-27,10,2039-W10,2039-02-28,Non-Holiday,Weekday
4809,2039-03-02,4809,159,Wednesday,March,2039,2039-Mar,2,61,10,2039-W10,2039-02-27,10,2039-W10,2039-02-28,Non-Holiday,Weekday
4810,2039-03-03,4810,159,Thursday,March,2039,2039-Mar,3,62,10,2039-W10,2039-02-27,10,2039-W10,2039-02-28,Non-Holiday,Weekday
4811,2039-03-04,4811,159,Friday,March,2039,2039-Mar,4,63,10,2039-W10,2039-02-27,10,2039-W10,2039-02-28,Non-Holiday,Weekday
4812,2039-03-05,4812,159,Saturday,March,2039,2039-Mar,5,64,10,2039-W10,2039-02-27,10,2039-W10,2039-02-28,Non-Holiday,Weekend
4813,2039-03-06,4813,159,Sunday,March,2039,2039-Mar,6,65,11,2039-W11,2039-02-27,10,2039-W10,2039-02-28,Non-Holiday,Weekend
4814,2039-03-07,4814,159,Monday,March,2039,2039-Mar,7,66,11,2039-W11,2039-03-06,11,2039-W11,2039-03-07,Non-Holiday,Weekday
4815,2039-03-08,4815,159,Tuesday,March,2039,2039-Mar,8,67,11,2039-W11,2039-03-06,11,2039-W11,2039-03-07,Non-Holiday,Weekday
4816,2039-03-09,4816,159,Wednesday,March,2039,2039-Mar,9,68,11,2039-W11,2039-03-06,11,2039-W11,2039-03-07,Non-Holiday,Weekday
4817,2039-03-10,4817,159,Thursday,March,2039,2039-Mar,10,69,11,2039-W11,2039-03-06,11,2039-W11,2039-03-07,Non-Holiday,Weekday
4818,2039-03-11,4818,159,Friday,March,2039,2039-Mar,11,70,11,2039-W11,2039-03-06,11,2039-W11,2039-03-07,Non-Holiday,Weekday
4819,2039-03-12,4819,159,Saturday,March,2039,2039-Mar,12,71,11,2039-W11,2039-03-06,11,2039-W11,2039-03-07,Non-Holiday,Weekend
4820,2039-03-13,4820,159,Sunday,March,2039,2039-Mar,13,72,12,2039-W12,2039-03-06,11,2039-W11,2039-03-07,Non-Holiday,Weekend
4821,2039-03-14,4821,159,Monday,March,2039,2039-Mar,14,73,12,2039-W12,2039-03-13,12,2039-W12,2039-03-14,Non-Holiday,Weekday
4822,2039-03-15,4822,159,Tuesday,March,2039,2039-Mar,15,74,12,2039-W12,2039-03-13,12,2039-W12,2039-03-14,Non-Holiday,Weekday
4823,2039-03-16,4823,159,Wednesday,March,2039,2039-Mar,16,75,12,2039-W12,2039-03-13,12,2039-W12,2039-03-14,Non-Holiday,Weekday
4824,2039-03-17,4824,159,Thursday,March,2039,2039-Mar,17,76,12,2039-W12,2039-03-13,12,2039-W12,2039-03-14,Non-Holiday,Weekday
4825,2039-03-18,4825,159,Friday,March,2039,2039-Mar,18,77,12,2039-W12,2039-03-13,12,2039-W12,2039-03-14,Non-Holiday,Weekday
4826,2039-03-19,4826,159,Saturday,March,2039,2039-Mar,19,78,12,2039-W12,2039-03-13,12,2039-W12,2039-03-14,Non-Holiday,Weekend
4827,2039-03-20,4827,159,Sunday,March,2039,2039-Mar,20,79,13,2039-W13,2039-03-13,12,2039-W12,2039-03-14,Non-Holiday,Weekend
4828,2039-03-21,4828,159,Monday,March,2039,2039-Mar,21,80,13,2039-W13,2039-03-20,13,2039-W13,2039-03-21,Non-Holiday,Weekday
4829,2039-03-22,4829,159,Tuesday,March,2039,2039-Mar,22,81,13,2039-W13,2039-03-20,13,2039-W13,2039-03-21,Non-Holiday,Weekday
4830,2039-03-23,4830,159,Wednesday,March,2039,2039-Mar,23,82,13,2039-W13,2039-03-20,13,2039-W13,2039-03-21,Non-Holiday,Weekday
4831,2039-03-24,4831,159,Thursday,March,2039,2039-Mar,24,83,13,2039-W13,2039-03-20,13,2039-W13,2039-03-21,Non-Holiday,Weekday
4832,2039-03-25,4832,159,Friday,March,2039,2039-Mar,25,84,13,2039-W13,2039-03-20,13,2039-W13,2039-03-21,Non-Holiday,Weekday
4833,2039-03-26,4833,159,Saturday,March,2039,2039-Mar,26,85,13,2039-W13,2039-03-20,13,2039-W13,2039-03-21,Non-Holiday,Weekend
4834,2039-03-27,4834,159,Sunday,March,2039,2039-Mar,27,86,14,2039-W14,2039-03-20,13,2039-W13,2039-03-21,Non-Holiday,Weekend
4835,2039-03-28,4835,159,Monday,March,2039,2039-Mar,28,87,14,2039-W14,2039-03-27,14,2039-W14,2039-03-28,Non-Holiday,Weekday
4836,2039-03-29,4836,159,Tuesday,March,2039,2039-Mar,29,88,14,2039-W14,2039-03-27,14,2039-W14,2039-03-28,Non-Holiday,Weekday
4837,2039-03-30,4837,159,Wednesday,March,2039,2039-Mar,30,89,14,2039-W14,2039-03-27,14,2039-W14,2039-03-28,Non-Holiday,Weekday
4838,2039-03-31,4838,159,Thursday,March,2039,2039-Mar,31,90,14,2039-W14,2039-03-27,14,2039-W14,2039-03-28,Non-Holiday,Weekday
4839,2039-04-01,4839,160,Friday,April,2039,2039-Apr,1,91,14,2039-W14,2039-03-27,14,2039-W14,2039-03-28,Non-Holiday,Weekday
4840,2039-04-02,4840,160,Saturday,April,2039,2039-Apr,2,92,14,2039-W14,2039-03-27,14,2039-W14,2039-03-28,Non-Holiday,Weekend
4841,2039-04-03,4841,160,Sunday,April,2039,2039-Apr,3,93,15,2039-W15,2039-03-27,14,2039-W14,2039-03-28,Non-Holiday,Weekend
4842,2039-04-04,4842,160,Monday,April,2039,2039-Apr,4,94,15,2039-W15,2039-04-03,15,2039-W15,2039-04-04,Non-Holiday,Weekday
4843,2039-04-05,4843,160,Tuesday,April,2039,2039-Apr,5,95,15,2039-W15,2039-04-03,15,2039-W15,2039-04-04,Non-Holiday,Weekday
4844,2039-04-06,4844,160,Wednesday,April,2039,2039-Apr,6,96,15,2039-W15,2039-04-03,15,2039-W15,2039-04-04,Non-Holiday,Weekday
4845,2039-04-07,4845,160,Thursday,April,2039,2039-Apr,7,97,15,2039-W15,2039-04-03,15,2039-W15,2039-04-04,Non-Holiday,Weekday
4846,2039-04-08,4846,160,Friday,April,2039,2039-Apr,8,98,15,2039-W15,2039-04-03,15,2039-W15,2039-04-04,Non-Holiday,Weekday
4847,2039-04-09,4847,160,Saturday,April,2039,2039-Apr,9,99,15,2039-W15,2039-04-03,15,2039-W15,2039-04-04,Non-Holiday,Weekend
4848,2039-04-10,4848,160,Sunday,April,2039,2039-Apr,10,100,16,2039-W16,2039-04-03,15,2039-W15,2039-04-04,Non-Holiday,Weekend
4849,2039-04-11,4849,160,Monday,April,2039,2039-Apr,11,101,16,2039-W16,2039-04-10,16,2039-W16,2039-04-11,Non-Holiday,Weekday
4850,2039-04-12,4850,160,Tuesday,April,2039,2039-Apr,12,102,16,2039-W16,2039-04-10,16,2039-W16,2039-04-11,Non-Holiday,Weekday
4851,2039-04-13,4851,160,Wednesday,April,2039,2039-Apr,13,103,16,2039-W16,2039-04-10,16,2039-W16,2039-04-11,Non-Holiday,Weekday
4852,2039-04-14,4852,160,Thursday,April,2039,2039-Apr,14,104,16,2039-W16,2039-04-10,16,2039-W16,2039-04-11,Non-Holiday,Weekday
4853,2039-04-15,4853,160,Friday,April,2039,2039-Apr,15,105,16,2039-W16,2039-04-10,16,2039-W16,2039-04-11,Non-Holiday,Weekday
4854,2039-04-16,4854,160,Saturday,April,2039,2039-Apr,16,106,16,2039-W16,2039-04-10,16,2039-W16,2039-04-11,Non-Holiday,Weekend
4855,2039-04-17,4855,160,Sunday,April,2039,2039-Apr,17,107,17,2039-W17,2039-04-10,16,2039-W16,2039-04-11,Non-Holiday,Weekend
4856,2039-04-18,4856,160,Monday,April,2039,2039-Apr,18,108,17,2039-W17,2039-04-17,17,2039-W17,2039-04-18,Non-Holiday,Weekday
4857,2039-04-19,4857,160,Tuesday,April,2039,2039-Apr,19,109,17,2039-W17,2039-04-17,17,2039-W17,2039-04-18,Non-Holiday,Weekday
4858,2039-04-20,4858,160,Wednesday,April,2039,2039-Apr,20,110,17,2039-W17,2039-04-17,17,2039-W17,2039-04-18,Non-Holiday,Weekday
4859,2039-04-21,4859,160,Thursday,April,2039,2039-Apr,21,111,17,2039-W17,2039-04-17,17,2039-W17,2039-04-18,Non-Holiday,Weekday
4860,2039-04-22,4860,160,Friday,April,2039,2039-Apr,22,112,17,2039-W17,2039-04-17,17,2039-W17,2039-04-18,Non-Holiday,Weekday
4861,2039-04-23,4861,160,Saturday,April,2039,2039-Apr,23,113,17,2039-W17,2039-04-17,17,2039-W17,2039-04-18,Non-Holiday,Weekend
4862,2039-04-24,4862,160,Sunday,April,2039,2039-Apr,24,114,18,2039-W18,2039-04-17,17,2039-W17,2039-04-18,Non-Holiday,Weekend
4863,2039-04-25,4863,160,Monday,April,2039,2039-Apr,25,115,18,2039-W18,2039-04-24,18,2039-W18,2039-04-25,Non-Holiday,Weekday
4864,2039-04-26,4864,160,Tuesday,April,2039,2039-Apr,26,116,18,2039-W18,2039-04-24,18,2039-W18,2039-04-25,Non-Holiday,Weekday
4865,2039-04-27,4865,160,Wednesday,April,2039,2039-Apr,27,117,18,2039-W18,2039-04-24,18,2039-W18,2039-04-25,Non-Holiday,Weekday
4866,2039-04-28,4866,160,Thursday,April,2039,2039-Apr,28,118,18,2039-W18,2039-04-24,18,2039-W18,2039-04-25,Non-Holiday,Weekday
4867,2039-04-29,4867,160,Friday,April,2039,2039-Apr,29,119,18,2039-W18,2039-04-24,18,2039-W18,2039-04-25,Non-Holiday,Weekday
4868,2039-04-30,4868,160,Saturday,April,2039,2039-Apr,30,120,18,2039-W18,2039-04-24,18,2039-W18,2039-04-25,Non-Holiday,Weekend
4869,2039-05-01,4869,161,Sunday,May,2039,2039-May,1,121,19,2039-W19,2039-04-24,18,2039-W18,2039-04-25,Non-Holiday,Weekend
4870,2039-05-02,4870,161,Monday,May,2039,2039-May,2,122,19,2039-W19,2039-05-01,19,2039-W19,2039-05-02,Non-Holiday,Weekday
4871,2039-05-03,4871,161,Tuesday,May,2039,2039-May,3,123,19,2039-W19,2039-05-01,19,2039-W19,2039-05-02,Non-Holiday,Weekday
4872,2039-05-04,4872,161,Wednesday,May,2039,2039-May,4,124,19,2039-W19,2039-05-01,19,2039-W19,2039-05-02,Non-Holiday,Weekday
4873,2039-05-05,4873,161,Thursday,May,2039,2039-May,5,125,19,2039-W19,2039-05-01,19,2039-W19,2039-05-02,Non-Holiday,Weekday
4874,2039-05-06,4874,161,Friday,May,2039,2039-May,6,126,19,2039-W19,2039-05-01,19,2039-W19,2039-05-02,Non-Holiday,Weekday
4875,2039-05-07,4875,161,Saturday,May,2039,2039-May,7,127,19,2039-W19,2039-05-01,19,2039-W19,2039-05-02,Non-Holiday,Weekend
4876,2039-05-08,4876,161,Sunday,May,2039,2039-May,8,128,20,2039-W20,2039-05-01,19,2039-W19,2039-05-02,Non-Holiday,Weekend
4877,2039-05-09,4877,161,Monday,May,2039,2039-May,9,129,20,2039-W20,2039-05-08,20,2039-W20,2039-05-09,Non-Holiday,Weekday
4878,2039-05-10,4878,161,Tuesday,May,2039,2039-May,10,130,20,2039-W20,2039-05-08,20,2039-W20,2039-05-09,Non-Holiday,Weekday
4879,2039-05-11,4879,161,Wednesday,May,2039,2039-May,11,131,20,2039-W20,2039-05-08,20,2039-W20,2039-05-09,Non-Holiday,Weekday
4880,2039-05-12,4880,161,Thursday,May,2039,2039-May,12,132,20,2039-W20,2039-05-08,20,2039-W20,2039-05-09,Non-Holiday,Weekday
4881,2039-05-13,4881,161,Friday,May,2039,2039-May,13,133,20,2039-W20,2039-05-08,20,2039-W20,2039-05-09,Non-Holiday,Weekday
4882,2039-05-14,4882,161,Saturday,May,2039,2039-May,14,134,20,2039-W20,2039-05-08,20,2039-W20,2039-05-09,Non-Holiday,Weekend
4883,2039-05-15,4883,161,Sunday,May,2039,2039-May,15,135,21,2039-W21,2039-05-08,20,2039-W20,2039-05-09,Non-Holiday,Weekend
4884,2039-05-16,4884,161,Monday,May,2039,2039-May,16,136,21,2039-W21,2039-05-15,21,2039-W21,2039-05-16,Non-Holiday,Weekday
4885,2039-05-17,4885,161,Tuesday,May,2039,2039-May,17,137,21,2039-W21,2039-05-15,21,2039-W21,2039-05-16,Non-Holiday,Weekday
4886,2039-05-18,4886,161,Wednesday,May,2039,2039-May,18,138,21,2039-W21,2039-05-15,21,2039-W21,2039-05-16,Non-Holiday,Weekday
4887,2039-05-19,4887,161,Thursday,May,2039,2039-May,19,139,21,2039-W21,2039-05-15,21,2039-W21,2039-05-16,Non-Holiday,Weekday
4888,2039-05-20,4888,161,Friday,May,2039,2039-May,20,140,21,2039-W21,2039-05-15,21,2039-W21,2039-05-16,Non-Holiday,Weekday
4889,2039-05-21,4889,161,Saturday,May,2039,2039-May,21,141,21,2039-W21,2039-05-15,21,2039-W21,2039-05-16,Non-Holiday,Weekend
4890,2039-05-22,4890,161,Sunday,May,2039,2039-May,22,142,22,2039-W22,2039-05-15,21,2039-W21,2039-05-16,Non-Holiday,Weekend
4891,2039-05-23,4891,161,Monday,May,2039,2039-May,23,143,22,2039-W22,2039-05-22,22,2039-W22,2039-05-23,Non-Holiday,Weekday
4892,2039-05-24,4892,161,Tuesday,May,2039,2039-May,24,144,22,2039-W22,2039-05-22,22,2039-W22,2039-05-23,Non-Holiday,Weekday
4893,2039-05-25,4893,161,Wednesday,May,2039,2039-May,25,145,22,2039-W22,2039-05-22,22,2039-W22,2039-05-23,Non-Holiday,Weekday
4894,2039-05-26,4894,161,Thursday,May,2039,2039-May,26,146,22,2039-W22,2039-05-22,22,2039-W22,2039-05-23,Non-Holiday,Weekday
4895,2039-05-27,4895,161,Friday,May,2039,2039-May,27,147,22,2039-W22,2039-05-22,22,2039-W22,2039-05-23,Non-Holiday,Weekday
4896,2039-05-28,4896,161,Saturday,May,2039,2039-May,28,148,22,2039-W22,2039-05-22,22,2039-W22,2039-05-23,Non-Holiday,Weekend
4897,2039-05-29,4897,161,Sunday,May,2039,2039-May,29,149,23,2039-W23,2039-05-22,22,2039-W22,2039-05-23,Non-Holiday,Weekend
4898,2039-05-30,4898,161,Monday,May,2039,2039-May,30,150,23,2039-W23,2039-05-29,23,2039-W23,2039-05-30,Non-Holiday,Weekday
4899,2039-05-31,4899,161,Tuesday,May,2039,2039-May,31,151,23,2039-W23,2039-05-29,23,2039-W23,2039-05-30,Non-Holiday,Weekday
4900,2039-06-01,4900,162,Wednesday,June,2039,2039-Jun,1,152,23,2039-W23,2039-05-29,23,2039-W23,2039-05-30,Non-Holiday,Weekday
4901,2039-06-02,4901,162,Thursday,June,2039,2039-Jun,2,153,23,2039-W23,2039-05-29,23,2039-W23,2039-05-30,Non-Holiday,Weekday
4902,2039-06-03,4902,162,Friday,June,2039,2039-Jun,3,154,23,2039-W23,2039-05-29,23,2039-W23,2039-05-30,Non-Holiday,Weekday
4903,2039-06-04,4903,162,Saturday,June,2039,2039-Jun,4,155,23,2039-W23,2039-05-29,23,2039-W23,2039-05-30,Non-Holiday,Weekend
4904,2039-06-05,4904,162,Sunday,June,2039,2039-Jun,5,156,24,2039-W24,2039-05-29,23,2039-W23,2039-05-30,Non-Holiday,Weekend
4905,2039-06-06,4905,162,Monday,June,2039,2039-Jun,6,157,24,2039-W24,2039-06-05,24,2039-W24,2039-06-06,Non-Holiday,Weekday
4906,2039-06-07,4906,162,Tuesday,June,2039,2039-Jun,7,158,24,2039-W24,2039-06-05,24,2039-W24,2039-06-06,Non-Holiday,Weekday
4907,2039-06-08,4907,162,Wednesday,June,2039,2039-Jun,8,159,24,2039-W24,2039-06-05,24,2039-W24,2039-06-06,Non-Holiday,Weekday
4908,2039-06-09,4908,162,Thursday,June,2039,2039-Jun,9,160,24,2039-W24,2039-06-05,24,2039-W24,2039-06-06,Non-Holiday,Weekday
4909,2039-06-10,4909,162,Friday,June,2039,2039-Jun,10,161,24,2039-W24,2039-06-05,24,2039-W24,2039-06-06,Non-Holiday,Weekday
4910,2039-06-11,4910,162,Saturday,June,2039,2039-Jun,11,162,24,2039-W24,2039-06-05,24,2039-W24,2039-06-06,Non-Holiday,Weekend
4911,2039-06-12,4911,162,Sunday,June,2039,2039-Jun,12,163,25,2039-W25,2039-06-05,24,2039-W24,2039-06-06,Non-Holiday,Weekend
4912,2039-06-13,4912,162,Monday,June,2039,2039-Jun,13,164,25,2039-W25,2039-06-12,25,2039-W25,2039-06-13,Non-Holiday,Weekday
4913,2039-06-14,4913,162,Tuesday,June,2039,2039-Jun,14,165,25,2039-W25,2039-06-12,25,2039-W25,2039-06-13,Non-Holiday,Weekday
4914,2039-06-15,4914,162,Wednesday,June,2039,2039-Jun,15,166,25,2039-W25,2039-06-12,25,2039-W25,2039-06-13,Non-Holiday,Weekday
4915,2039-06-16,4915,162,Thursday,June,2039,2039-Jun,16,167,25,2039-W25,2039-06-12,25,2039-W25,2039-06-13,Non-Holiday,Weekday
4916,2039-06-17,4916,162,Friday,June,2039,2039-Jun,17,168,25,2039-W25,2039-06-12,25,2039-W25,2039-06-13,Non-Holiday,Weekday
4917,2039-06-18,4917,162,Saturday,June,2039,2039-Jun,18,169,25,2039-W25,2039-06-12,25,2039-W25,2039-06-13,Non-Holiday,Weekend
4918,2039-06-19,4918,162,Sunday,June,2039,2039-Jun,19,170,26,2039-W26,2039-06-12,25,2039-W25,2039-06-13,Non-Holiday,Weekend
4919,2039-06-20,4919,162,Monday,June,2039,2039-Jun,20,171,26,2039-W26,2039-06-19,26,2039-W26,2039-06-20,Non-Holiday,Weekday
4920,2039-06-21,4920,162,Tuesday,June,2039,2039-Jun,21,172,26,2039-W26,2039-06-19,26,2039-W26,2039-06-20,Non-Holiday,Weekday
4921,2039-06-22,4921,162,Wednesday,June,2039,2039-Jun,22,173,26,2039-W26,2039-06-19,26,2039-W26,2039-06-20,Non-Holiday,Weekday
4922,2039-06-23,4922,162,Thursday,June,2039,2039-Jun,23,174,26,2039-W26,2039-06-19,26,2039-W26,2039-06-20,Non-Holiday,Weekday
4923,2039-06-24,4923,162,Friday,June,2039,2039-Jun,24,175,26,2039-W26,2039-06-19,26,2039-W26,2039-06-20,Non-Holiday,Weekday
4924,2039-06-25,4924,162,Saturday,June,2039,2039-Jun,25,176,26,2039-W26,2039-06-19,26,2039-W26,2039-06-20,Non-Holiday,Weekend
4925,2039-06-26,4925,162,Sunday,June,2039,2039-Jun,26,177,27,2039-W27,2039-06-19,26,2039-W26,2039-06-20,Non-Holiday,Weekend
4926,2039-06-27,4926,162,Monday,June,2039,2039-Jun,27,178,27,2039-W27,2039-06-26,27,2039-W27,2039-06-27,Non-Holiday,Weekday
4927,2039-06-28,4927,162,Tuesday,June,2039,2039-Jun,28,179,27,2039-W27,2039-06-26,27,2039-W27,2039-06-27,Non-Holiday,Weekday
4928,2039-06-29,4928,162,Wednesday,June,2039,2039-Jun,29,180,27,2039-W27,2039-06-26,27,2039-W27,2039-06-27,Non-Holiday,Weekday
4929,2039-06-30,4929,162,Thursday,June,2039,2039-Jun,30,181,27,2039-W27,2039-06-26,27,2039-W27,2039-06-27,Non-Holiday,Weekday
4930,2039-07-01,4930,163,Friday,July,2039,2039-Jul,1,182,27,2039-W27,2039-06-26,27,2039-W27,2039-06-27,Non-Holiday,Weekday
4931,2039-07-02,4931,163,Saturday,July,2039,2039-Jul,2,183,27,2039-W27,2039-06-26,27,2039-W27,2039-06-27,Non-Holiday,Weekend
4932,2039-07-03,4932,163,Sunday,July,2039,2039-Jul,3,184,28,2039-W28,2039-06-26,27,2039-W27,2039-06-27,Non-Holiday,Weekend
4933,2039-07-04,4933,163,Monday,July,2039,2039-Jul,4,185,28,2039-W28,2039-07-03,28,2039-W28,2039-07-04,Non-Holiday,Weekday
4934,2039-07-05,4934,163,Tuesday,July,2039,2039-Jul,5,186,28,2039-W28,2039-07-03,28,2039-W28,2039-07-04,Non-Holiday,Weekday
4935,2039-07-06,4935,163,Wednesday,July,2039,2039-Jul,6,187,28,2039-W28,2039-07-03,28,2039-W28,2039-07-04,Non-Holiday,Weekday
4936,2039-07-07,4936,163,Thursday,July,2039,2039-Jul,7,188,28,2039-W28,2039-07-03,28,2039-W28,2039-07-04,Non-Holiday,Weekday
4937,2039-07-08,4937,163,Friday,July,2039,2039-Jul,8,189,28,2039-W28,2039-07-03,28,2039-W28,2039-07-04,Non-Holiday,Weekday
4938,2039-07-09,4938,163,Saturday,July,2039,2039-Jul,9,190,28,2039-W28,2039-07-03,28,2039-W28,2039-07-04,Non-Holiday,Weekend
4939,2039-07-10,4939,163,Sunday,July,2039,2039-Jul,10,191,29,2039-W29,2039-07-03,28,2039-W28,2039-07-04,Non-Holiday,Weekend
4940,2039-07-11,4940,163,Monday,July,2039,2039-Jul,11,192,29,2039-W29,2039-07-10,29,2039-W29,2039-07-11,Non-Holiday,Weekday
4941,2039-07-12,4941,163,Tuesday,July,2039,2039-Jul,12,193,29,2039-W29,2039-07-10,29,2039-W29,2039-07-11,Non-Holiday,Weekday
4942,2039-07-13,4942,163,Wednesday,July,2039,2039-Jul,13,194,29,2039-W29,2039-07-10,29,2039-W29,2039-07-11,Non-Holiday,Weekday
4943,2039-07-14,4943,163,Thursday,July,2039,2039-Jul,14,195,29,2039-W29,2039-07-10,29,2039-W29,2039-07-11,Non-Holiday,Weekday
4944,2039-07-15,4944,163,Friday,July,2039,2039-Jul,15,196,29,2039-W29,2039-07-10,29,2039-W29,2039-07-11,Non-Holiday,Weekday
4945,2039-07-16,4945,163,Saturday,July,2039,2039-Jul,16,197,29,2039-W29,2039-07-10,29,2039-W29,2039-07-11,Non-Holiday,Weekend
4946,2039-07-17,4946,163,Sunday,July,2039,2039-Jul,17,198,30,2039-W30,2039-07-10,29,2039-W29,2039-07-11,Non-Holiday,Weekend
4947,2039-07-18,4947,163,Monday,July,2039,2039-Jul,18,199,30,2039-W30,2039-07-17,30,2039-W30,2039-07-18,Non-Holiday,Weekday
4948,2039-07-19,4948,163,Tuesday,July,2039,2039-Jul,19,200,30,2039-W30,2039-07-17,30,2039-W30,2039-07-18,Non-Holiday,Weekday
4949,2039-07-20,4949,163,Wednesday,July,2039,2039-Jul,20,201,30,2039-W30,2039-07-17,30,2039-W30,2039-07-18,Non-Holiday,Weekday
4950,2039-07-21,4950,163,Thursday,July,2039,2039-Jul,21,202,30,2039-W30,2039-07-17,30,2039-W30,2039-07-18,Non-Holiday,Weekday
4951,2039-07-22,4951,163,Friday,July,2039,2039-Jul,22,203,30,2039-W30,2039-07-17,30,2039-W30,2039-07-18,Non-Holiday,Weekday
4952,2039-07-23,4952,163,Saturday,July,2039,2039-Jul,23,204,30,2039-W30,2039-07-17,30,2039-W30,2039-07-18,Non-Holiday,Weekend
4953,2039-07-24,4953,163,Sunday,July,2039,2039-Jul,24,205,31,2039-W31,2039-07-17,30,2039-W30,2039-07-18,Non-Holiday,Weekend
4954,2039-07-25,4954,163,Monday,July,2039,2039-Jul,25,206,31,2039-W31,2039-07-24,31,2039-W31,2039-07-25,Non-Holiday,Weekday
4955,2039-07-26,4955,163,Tuesday,July,2039,2039-Jul,26,207,31,2039-W31,2039-07-24,31,2039-W31,2039-07-25,Non-Holiday,Weekday
4956,2039-07-27,4956,163,Wednesday,July,2039,2039-Jul,27,208,31,2039-W31,2039-07-24,31,2039-W31,2039-07-25,Non-Holiday,Weekday
4957,2039-07-28,4957,163,Thursday,July,2039,2039-Jul,28,209,31,2039-W31,2039-07-24,31,2039-W31,2039-07-25,Non-Holiday,Weekday
4958,2039-07-29,4958,163,Friday,July,2039,2039-Jul,29,210,31,2039-W31,2039-07-24,31,2039-W31,2039-07-25,Non-Holiday,Weekday
4959,2039-07-30,4959,163,Saturday,July,2039,2039-Jul,30,211,31,2039-W31,2039-07-24,31,2039-W31,2039-07-25,Non-Holiday,Weekend
4960,2039-07-31,4960,163,Sunday,July,2039,2039-Jul,31,212,32,2039-W32,2039-07-24,31,2039-W31,2039-07-25,Non-Holiday,Weekend
4961,2039-08-01,4961,164,Monday,August,2039,2039-Aug,1,213,32,2039-W32,2039-07-31,32,2039-W32,2039-08-01,Non-Holiday,Weekday
4962,2039-08-02,4962,164,Tuesday,August,2039,2039-Aug,2,214,32,2039-W32,2039-07-31,32,2039-W32,2039-08-01,Non-Holiday,Weekday
4963,2039-08-03,4963,164,Wednesday,August,2039,2039-Aug,3,215,32,2039-W32,2039-07-31,32,2039-W32,2039-08-01,Non-Holiday,Weekday
4964,2039-08-04,4964,164,Thursday,August,2039,2039-Aug,4,216,32,2039-W32,2039-07-31,32,2039-W32,2039-08-01,Non-Holiday,Weekday
4965,2039-08-05,4965,164,Friday,August,2039,2039-Aug,5,217,32,2039-W32,2039-07-31,32,2039-W32,2039-08-01,Non-Holiday,Weekday
4966,2039-08-06,4966,164,Saturday,August,2039,2039-Aug,6,218,32,2039-W32,2039-07-31,32,2039-W32,2039-08-01,Non-Holiday,Weekend
4967,2039-08-07,4967,164,Sunday,August,2039,2039-Aug,7,219,33,2039-W33,2039-07-31,32,2039-W32,2039-08-01,Non-Holiday,Weekend
4968,2039-08-08,4968,164,Monday,August,2039,2039-Aug,8,220,33,2039-W33,2039-08-07,33,2039-W33,2039-08-08,Non-Holiday,Weekday
4969,2039-08-09,4969,164,Tuesday,August,2039,2039-Aug,9,221,33,2039-W33,2039-08-07,33,2039-W33,2039-08-08,Non-Holiday,Weekday
4970,2039-08-10,4970,164,Wednesday,August,2039,2039-Aug,10,222,33,2039-W33,2039-08-07,33,2039-W33,2039-08-08,Non-Holiday,Weekday
4971,2039-08-11,4971,164,Thursday,August,2039,2039-Aug,11,223,33,2039-W33,2039-08-07,33,2039-W33,2039-08-08,Non-Holiday,Weekday
4972,2039-08-12,4972,164,Friday,August,2039,2039-Aug,12,224,33,2039-W33,2039-08-07,33,2039-W33,2039-08-08,Non-Holiday,Weekday
4973,2039-08-13,4973,164,Saturday,August,2039,2039-Aug,13,225,33,2039-W33,2039-08-07,33,2039-W33,2039-08-08,Non-Holiday,Weekend
4974,2039-08-14,4974,164,Sunday,August,2039,2039-Aug,14,226,34,2039-W34,2039-08-07,33,2039-W33,2039-08-08,Non-Holiday,Weekend
4975,2039-08-15,4975,164,Monday,August,2039,2039-Aug,15,227,34,2039-W34,2039-08-14,34,2039-W34,2039-08-15,Non-Holiday,Weekday
4976,2039-08-16,4976,164,Tuesday,August,2039,2039-Aug,16,228,34,2039-W34,2039-08-14,34,2039-W34,2039-08-15,Non-Holiday,Weekday
4977,2039-08-17,4977,164,Wednesday,August,2039,2039-Aug,17,229,34,2039-W34,2039-08-14,34,2039-W34,2039-08-15,Non-Holiday,Weekday
4978,2039-08-18,4978,164,Thursday,August,2039,2039-Aug,18,230,34,2039-W34,2039-08-14,34,2039-W34,2039-08-15,Non-Holiday,Weekday
4979,2039-08-19,4979,164,Friday,August,2039,2039-Aug,19,231,34,2039-W34,2039-08-14,34,2039-W34,2039-08-15,Non-Holiday,Weekday
4980,2039-08-20,4980,164,Saturday,August,2039,2039-Aug,20,232,34,2039-W34,2039-08-14,34,2039-W34,2039-08-15,Non-Holiday,Weekend
4981,2039-08-21,4981,164,Sunday,August,2039,2039-Aug,21,233,35,2039-W35,2039-08-14,34,2039-W34,2039-08-15,Non-Holiday,Weekend
4982,2039-08-22,4982,164,Monday,August,2039,2039-Aug,22,234,35,2039-W35,2039-08-21,35,2039-W35,2039-08-22,Non-Holiday,Weekday
4983,2039-08-23,4983,164,Tuesday,August,2039,2039-Aug,23,235,35,2039-W35,2039-08-21,35,2039-W35,2039-08-22,Non-Holiday,Weekday
4984,2039-08-24,4984,164,Wednesday,August,2039,2039-Aug,24,236,35,2039-W35,2039-08-21,35,2039-W35,2039-08-22,Non-Holiday,Weekday
4985,2039-08-25,4985,164,Thursday,August,2039,2039-Aug,25,237,35,2039-W35,2039-08-21,35,2039-W35,2039-08-22,Non-Holiday,Weekday
4986,2039-08-26,4986,164,Friday,August,2039,2039-Aug,26,238,35,2039-W35,2039-08-21,35,2039-W35,2039-08-22,Non-Holiday,Weekday
4987,2039-08-27,4987,164,Saturday,August,2039,2039-Aug,27,239,35,2039-W35,2039-08-21,35,2039-W35,2039-08-22,Non-Holiday,Weekend
4988,2039-08-28,4988,164,Sunday,August,2039,2039-Aug,28,240,36,2039-W36,2039-08-21,35,2039-W35,2039-08-22,Non-Holiday,Weekend
4989,2039-08-29,4989,164,Monday,August,2039,2039-Aug,29,241,36,2039-W36,2039-08-28,36,2039-W36,2039-08-29,Non-Holiday,Weekday
4990,2039-08-30,4990,164,Tuesday,August,2039,2039-Aug,30,242,36,2039-W36,2039-08-28,36,2039-W36,2039-08-29,Non-Holiday,Weekday
4991,2039-08-31,4991,164,Wednesday,August,2039,2039-Aug,31,243,36,2039-W36,2039-08-28,36,2039-W36,2039-08-29,Non-Holiday,Weekday
4992,2039-09-01,4992,165,Thursday,September,2039,2039-Sep,1,244,36,2039-W36,2039-08-28,36,2039-W36,2039-08-29,Non-Holiday,Weekday
4993,2039-09-02,4993,165,Friday,September,2039,2039-Sep,2,245,36,2039-W36,2039-08-28,36,2039-W36,2039-08-29,Non-Holiday,Weekday
4994,2039-09-03,4994,165,Saturday,September,2039,2039-Sep,3,246,36,2039-W36,2039-08-28,36,2039-W36,2039-08-29,Non-Holiday,Weekend
4995,2039-09-04,4995,165,Sunday,September,2039,2039-Sep,4,247,37,2039-W37,2039-08-28,36,2039-W36,2039-08-29,Non-Holiday,Weekend
4996,2039-09-05,4996,165,Monday,September,2039,2039-Sep,5,248,37,2039-W37,2039-09-04,37,2039-W37,2039-09-05,Non-Holiday,Weekday
4997,2039-09-06,4997,165,Tuesday,September,2039,2039-Sep,6,249,37,2039-W37,2039-09-04,37,2039-W37,2039-09-05,Non-Holiday,Weekday
4998,2039-09-07,4998,165,Wednesday,September,2039,2039-Sep,7,250,37,2039-W37,2039-09-04,37,2039-W37,2039-09-05,Non-Holiday,Weekday
4999,2039-09-08,4999,165,Thursday,September,2039,2039-Sep,8,251,37,2039-W37,2039-09-04,37,2039-W37,2039-09-05,Non-Holiday,Weekday
5000,2039-09-09,5000,165,Friday,September,2039,2039-Sep,9,252,37,2039-W37,2039-09-04,37,2039-W37,2039-09-05,Non-Holiday,Weekday
5001,2039-09-10,5001,165,Saturday,September,2039,2039-Sep,10,253,37,2039-W37,2039-09-04,37,2039-W37,2039-09-05,Non-Holiday,Weekend
5002,2039-09-11,5002,165,Sunday,September,2039,2039-Sep,11,254,38,2039-W38,2039-09-04,37,2039-W37,2039-09-05,Non-Holiday,Weekend
5003,2039-09-12,5003,165,Monday,September,2039,2039-Sep,12,255,38,2039-W38,2039-09-11,38,2039-W38,2039-09-12,Non-Holiday,Weekday
5004,2039-09-13,5004,165,Tuesday,September,2039,2039-Sep,13,256,38,2039-W38,2039-09-11,38,2039-W38,2039-09-12,Non-Holiday,Weekday
5005,2039-09-14,5005,165,Wednesday,September,2039,2039-Sep,14,257,38,2039-W38,2039-09-11,38,2039-W38,2039-09-12,Non-Holiday,Weekday
5006,2039-09-15,5006,165,Thursday,September,2039,2039-Sep,15,258,38,2039-W38,2039-09-11,38,2039-W38,2039-09-12,Non-Holiday,Weekday
5007,2039-09-16,5007,165,Friday,September,2039,2039-Sep,16,259,38,2039-W38,2039-09-11,38,2039-W38,2039-09-12,Non-Holiday,Weekday
5008,2039-09-17,5008,165,Saturday,September,2039,2039-Sep,17,260,38,2039-W38,2039-09-11,38,2039-W38,2039-09-12,Non-Holiday,Weekend
5009,2039-09-18,5009,165,Sunday,September,2039,2039-Sep,18,261,39,2039-W39,2039-09-11,38,2039-W38,2039-09-12,Non-Holiday,Weekend
5010,2039-09-19,5010,165,Monday,September,2039,2039-Sep,19,262,39,2039-W39,2039-09-18,39,2039-W39,2039-09-19,Non-Holiday,Weekday
5011,2039-09-20,5011,165,Tuesday,September,2039,2039-Sep,20,263,39,2039-W39,2039-09-18,39,2039-W39,2039-09-19,Non-Holiday,Weekday
5012,2039-09-21,5012,165,Wednesday,September,2039,2039-Sep,21,264,39,2039-W39,2039-09-18,39,2039-W39,2039-09-19,Non-Holiday,Weekday
5013,2039-09-22,5013,165,Thursday,September,2039,2039-Sep,22,265,39,2039-W39,2039-09-18,39,2039-W39,2039-09-19,Non-Holiday,Weekday
5014,2039-09-23,5014,165,Friday,September,2039,2039-Sep,23,266,39,2039-W39,2039-09-18,39,2039-W39,2039-09-19,Non-Holiday,Weekday
5015,2039-09-24,5015,165,Saturday,September,2039,2039-Sep,24,267,39,2039-W39,2039-09-18,39,2039-W39,2039-09-19,Non-Holiday,Weekend
5016,2039-09-25,5016,165,Sunday,September,2039,2039-Sep,25,268,40,2039-W40,2039-09-18,39,2039-W39,2039-09-19,Non-Holiday,Weekend
5017,2039-09-26,5017,165,Monday,September,2039,2039-Sep,26,269,40,2039-W40,2039-09-25,40,2039-W40,2039-09-26,Non-Holiday,Weekday
5018,2039-09-27,5018,165,Tuesday,September,2039,2039-Sep,27,270,40,2039-W40,2039-09-25,40,2039-W40,2039-09-26,Non-Holiday,Weekday
5019,2039-09-28,5019,165,Wednesday,September,2039,2039-Sep,28,271,40,2039-W40,2039-09-25,40,2039-W40,2039-09-26,Non-Holiday,Weekday
5020,2039-09-29,5020,165,Thursday,September,2039,2039-Sep,29,272,40,2039-W40,2039-09-25,40,2039-W40,2039-09-26,Non-Holiday,Weekday
5021,2039-09-30,5021,165,Friday,September,2039,2039-Sep,30,273,40,2039-W40,2039-09-25,40,2039-W40,2039-09-26,Non-Holiday,Weekday
5022,2039-10-01,5022,166,Saturday,October,2039,2039-Oct,1,274,40,2039-W40,2039-09-25,40,2039-W40,2039-09-26,Non-Holiday,Weekend
5023,2039-10-02,5023,166,Sunday,October,2039,2039-Oct,2,275,41,2039-W41,2039-09-25,40,2039-W40,2039-09-26,Non-Holiday,Weekend
5024,2039-10-03,5024,166,Monday,October,2039,2039-Oct,3,276,41,2039-W41,2039-10-02,41,2039-W41,2039-10-03,Non-Holiday,Weekday
5025,2039-10-04,5025,166,Tuesday,October,2039,2039-Oct,4,277,41,2039-W41,2039-10-02,41,2039-W41,2039-10-03,Non-Holiday,Weekday
5026,2039-10-05,5026,166,Wednesday,October,2039,2039-Oct,5,278,41,2039-W41,2039-10-02,41,2039-W41,2039-10-03,Non-Holiday,Weekday
5027,2039-10-06,5027,166,Thursday,October,2039,2039-Oct,6,279,41,2039-W41,2039-10-02,41,2039-W41,2039-10-03,Non-Holiday,Weekday
5028,2039-10-07,5028,166,Friday,October,2039,2039-Oct,7,280,41,2039-W41,2039-10-02,41,2039-W41,2039-10-03,Non-Holiday,Weekday
5029,2039-10-08,5029,166,Saturday,October,2039,2039-Oct,8,281,41,2039-W41,2039-10-02,41,2039-W41,2039-10-03,Non-Holiday,Weekend
5030,2039-10-09,5030,166,Sunday,October,2039,2039-Oct,9,282,42,2039-W42,2039-10-02,41,2039-W41,2039-10-03,Non-Holiday,Weekend
5031,2039-10-10,5031,166,Monday,October,2039,2039-Oct,10,283,42,2039-W42,2039-10-09,42,2039-W42,2039-10-10,Non-Holiday,Weekday
5032,2039-10-11,5032,166,Tuesday,October,2039,2039-Oct,11,284,42,2039-W42,2039-10-09,42,2039-W42,2039-10-10,Non-Holiday,Weekday
5033,2039-10-12,5033,166,Wednesday,October,2039,2039-Oct,12,285,42,2039-W42,2039-10-09,42,2039-W42,2039-10-10,Non-Holiday,Weekday
5034,2039-10-13,5034,166,Thursday,October,2039,2039-Oct,13,286,42,2039-W42,2039-10-09,42,2039-W42,2039-10-10,Non-Holiday,Weekday
5035,2039-10-14,5035,166,Friday,October,2039,2039-Oct,14,287,42,2039-W42,2039-10-09,42,2039-W42,2039-10-10,Non-Holiday,Weekday
5036,2039-10-15,5036,166,Saturday,October,2039,2039-Oct,15,288,42,2039-W42,2039-10-09,42,2039-W42,2039-10-10,Non-Holiday,Weekend
5037,2039-10-16,5037,166,Sunday,October,2039,2039-Oct,16,289,43,2039-W43,2039-10-09,42,2039-W42,2039-10-10,Non-Holiday,Weekend
5038,2039-10-17,5038,166,Monday,October,2039,2039-Oct,17,290,43,2039-W43,2039-10-16,43,2039-W43,2039-10-17,Non-Holiday,Weekday
5039,2039-10-18,5039,166,Tuesday,October,2039,2039-Oct,18,291,43,2039-W43,2039-10-16,43,2039-W43,2039-10-17,Non-Holiday,Weekday
5040,2039-10-19,5040,166,Wednesday,October,2039,2039-Oct,19,292,43,2039-W43,2039-10-16,43,2039-W43,2039-10-17,Non-Holiday,Weekday
5041,2039-10-20,5041,166,Thursday,October,2039,2039-Oct,20,293,43,2039-W43,2039-10-16,43,2039-W43,2039-10-17,Non-Holiday,Weekday
5042,2039-10-21,5042,166,Friday,October,2039,2039-Oct,21,294,43,2039-W43,2039-10-16,43,2039-W43,2039-10-17,Non-Holiday,Weekday
5043,2039-10-22,5043,166,Saturday,October,2039,2039-Oct,22,295,43,2039-W43,2039-10-16,43,2039-W43,2039-10-17,Non-Holiday,Weekend
5044,2039-10-23,5044,166,Sunday,October,2039,2039-Oct,23,296,44,2039-W44,2039-10-16,43,2039-W43,2039-10-17,Non-Holiday,Weekend
5045,2039-10-24,5045,166,Monday,October,2039,2039-Oct,24,297,44,2039-W44,2039-10-23,44,2039-W44,2039-10-24,Non-Holiday,Weekday
5046,2039-10-25,5046,166,Tuesday,October,2039,2039-Oct,25,298,44,2039-W44,2039-10-23,44,2039-W44,2039-10-24,Non-Holiday,Weekday
5047,2039-10-26,5047,166,Wednesday,October,2039,2039-Oct,26,299,44,2039-W44,2039-10-23,44,2039-W44,2039-10-24,Non-Holiday,Weekday
5048,2039-10-27,5048,166,Thursday,October,2039,2039-Oct,27,300,44,2039-W44,2039-10-23,44,2039-W44,2039-10-24,Non-Holiday,Weekday
5049,2039-10-28,5049,166,Friday,October,2039,2039-Oct,28,301,44,2039-W44,2039-10-23,44,2039-W44,2039-10-24,Non-Holiday,Weekday
5050,2039-10-29,5050,166,Saturday,October,2039,2039-Oct,29,302,44,2039-W44,2039-10-23,44,2039-W44,2039-10-24,Non-Holiday,Weekend
5051,2039-10-30,5051,166,Sunday,October,2039,2039-Oct,30,303,45,2039-W45,2039-10-23,44,2039-W44,2039-10-24,Non-Holiday,Weekend
5052,2039-10-31,5052,166,Monday,October,2039,2039-Oct,31,304,45,2039-W45,2039-10-30,45,2039-W45,2039-10-31,Non-Holiday,Weekday
5053,2039-11-01,5053,167,Tuesday,November,2039,2039-Nov,1,305,45,2039-W45,2039-10-30,45,2039-W45,2039-10-31,Non-Holiday,Weekday
5054,2039-11-02,5054,167,Wednesday,November,2039,2039-Nov,2,306,45,2039-W45,2039-10-30,45,2039-W45,2039-10-31,Non-Holiday,Weekday
5055,2039-11-03,5055,167,Thursday,November,2039,2039-Nov,3,307,45,2039-W45,2039-10-30,45,2039-W45,2039-10-31,Non-Holiday,Weekday
5056,2039-11-04,5056,167,Friday,November,2039,2039-Nov,4,308,45,2039-W45,2039-10-30,45,2039-W45,2039-10-31,Non-Holiday,Weekday
5057,2039-11-05,5057,167,Saturday,November,2039,2039-Nov,5,309,45,2039-W45,2039-10-30,45,2039-W45,2039-10-31,Non-Holiday,Weekend
5058,2039-11-06,5058,167,Sunday,November,2039,2039-Nov,6,310,46,2039-W46,2039-10-30,45,2039-W45,2039-10-31,Non-Holiday,Weekend
5059,2039-11-07,5059,167,Monday,November,2039,2039-Nov,7,311,46,2039-W46,2039-11-06,46,2039-W46,2039-11-07,Non-Holiday,Weekday
5060,2039-11-08,5060,167,Tuesday,November,2039,2039-Nov,8,312,46,2039-W46,2039-11-06,46,2039-W46,2039-11-07,Non-Holiday,Weekday
5061,2039-11-09,5061,167,Wednesday,November,2039,2039-Nov,9,313,46,2039-W46,2039-11-06,46,2039-W46,2039-11-07,Non-Holiday,Weekday
5062,2039-11-10,5062,167,Thursday,November,2039,2039-Nov,10,314,46,2039-W46,2039-11-06,46,2039-W46,2039-11-07,Non-Holiday,Weekday
5063,2039-11-11,5063,167,Friday,November,2039,2039-Nov,11,315,46,2039-W46,2039-11-06,46,2039-W46,2039-11-07,Non-Holiday,Weekday
5064,2039-11-12,5064,167,Saturday,November,2039,2039-Nov,12,316,46,2039-W46,2039-11-06,46,2039-W46,2039-11-07,Non-Holiday,Weekend
5065,2039-11-13,5065,167,Sunday,November,2039,2039-Nov,13,317,47,2039-W47,2039-11-06,46,2039-W46,2039-11-07,Non-Holiday,Weekend
5066,2039-11-14,5066,167,Monday,November,2039,2039-Nov,14,318,47,2039-W47,2039-11-13,47,2039-W47,2039-11-14,Non-Holiday,Weekday
5067,2039-11-15,5067,167,Tuesday,November,2039,2039-Nov,15,319,47,2039-W47,2039-11-13,47,2039-W47,2039-11-14,Non-Holiday,Weekday
5068,2039-11-16,5068,167,Wednesday,November,2039,2039-Nov,16,320,47,2039-W47,2039-11-13,47,2039-W47,2039-11-14,Non-Holiday,Weekday
5069,2039-11-17,5069,167,Thursday,November,2039,2039-Nov,17,321,47,2039-W47,2039-11-13,47,2039-W47,2039-11-14,Non-Holiday,Weekday
5070,2039-11-18,5070,167,Friday,November,2039,2039-Nov,18,322,47,2039-W47,2039-11-13,47,2039-W47,2039-11-14,Non-Holiday,Weekday
5071,2039-11-19,5071,167,Saturday,November,2039,2039-Nov,19,323,47,2039-W47,2039-11-13,47,2039-W47,2039-11-14,Non-Holiday,Weekend
5072,2039-11-20,5072,167,Sunday,November,2039,2039-Nov,20,324,48,2039-W48,2039-11-13,47,2039-W47,2039-11-14,Non-Holiday,Weekend
5073,2039-11-21,5073,167,Monday,November,2039,2039-Nov,21,325,48,2039-W48,2039-11-20,48,2039-W48,2039-11-21,Non-Holiday,Weekday
5074,2039-11-22,5074,167,Tuesday,November,2039,2039-Nov,22,326,48,2039-W48,2039-11-20,48,2039-W48,2039-11-21,Non-Holiday,Weekday
5075,2039-11-23,5075,167,Wednesday,November,2039,2039-Nov,23,327,48,2039-W48,2039-11-20,48,2039-W48,2039-11-21,Non-Holiday,Weekday
5076,2039-11-24,5076,167,Thursday,November,2039,2039-Nov,24,328,48,2039-W48,2039-11-20,48,2039-W48,2039-11-21,Non-Holiday,Weekday
5077,2039-11-25,5077,167,Friday,November,2039,2039-Nov,25,329,48,2039-W48,2039-11-20,48,2039-W48,2039-11-21,Non-Holiday,Weekday
5078,2039-11-26,5078,167,Saturday,November,2039,2039-Nov,26,330,48,2039-W48,2039-11-20,48,2039-W48,2039-11-21,Non-Holiday,Weekend
5079,2039-11-27,5079,167,Sunday,November,2039,2039-Nov,27,331,49,2039-W49,2039-11-20,48,2039-W48,2039-11-21,Non-Holiday,Weekend
5080,2039-11-28,5080,167,Monday,November,2039,2039-Nov,28,332,49,2039-W49,2039-11-27,49,2039-W49,2039-11-28,Non-Holiday,Weekday
5081,2039-11-29,5081,167,Tuesday,November,2039,2039-Nov,29,333,49,2039-W49,2039-11-27,49,2039-W49,2039-11-28,Non-Holiday,Weekday
5082,2039-11-30,5082,167,Wednesday,November,2039,2039-Nov,30,334,49,2039-W49,2039-11-27,49,2039-W49,2039-11-28,Non-Holiday,Weekday
5083,2039-12-01,5083,168,Thursday,December,2039,2039-Dec,1,335,49,2039-W49,2039-11-27,49,2039-W49,2039-11-28,Non-Holiday,Weekday
5084,2039-12-02,5084,168,Friday,December,2039,2039-Dec,2,336,49,2039-W49,2039-11-27,49,2039-W49,2039-11-28,Non-Holiday,Weekday
5085,2039-12-03,5085,168,Saturday,December,2039,2039-Dec,3,337,49,2039-W49,2039-11-27,49,2039-W49,2039-11-28,Non-Holiday,Weekend
5086,2039-12-04,5086,168,Sunday,December,2039,2039-Dec,4,338,50,2039-W50,2039-11-27,49,2039-W49,2039-11-28,Non-Holiday,Weekend
5087,2039-12-05,5087,168,Monday,December,2039,2039-Dec,5,339,50,2039-W50,2039-12-04,50,2039-W50,2039-12-05,Non-Holiday,Weekday
5088,2039-12-06,5088,168,Tuesday,December,2039,2039-Dec,6,340,50,2039-W50,2039-12-04,50,2039-W50,2039-12-05,Non-Holiday,Weekday
5089,2039-12-07,5089,168,Wednesday,December,2039,2039-Dec,7,341,50,2039-W50,2039-12-04,50,2039-W50,2039-12-05,Non-Holiday,Weekday
5090,2039-12-08,5090,168,Thursday,December,2039,2039-Dec,8,342,50,2039-W50,2039-12-04,50,2039-W50,2039-12-05,Non-Holiday,Weekday
5091,2039-12-09,5091,168,Friday,December,2039,2039-Dec,9,343,50,2039-W50,2039-12-04,50,2039-W50,2039-12-05,Non-Holiday,Weekday
5092,2039-12-10,5092,168,Saturday,December,2039,2039-Dec,10,344,50,2039-W50,2039-12-04,50,2039-W50,2039-12-05,Non-Holiday,Weekend
5093,2039-12-11,5093,168,Sunday,December,2039,2039-Dec,11,345,51,2039-W51,2039-12-04,50,2039-W50,2039-12-05,Non-Holiday,Weekend
5094,2039-12-12,5094,168,Monday,December,2039,2039-Dec,12,346,51,2039-W51,2039-12-11,51,2039-W51,2039-12-12,Non-Holiday,Weekday
5095,2039-12-13,5095,168,Tuesday,December,2039,2039-Dec,13,347,51,2039-W51,2039-12-11,51,2039-W51,2039-12-12,Non-Holiday,Weekday
5096,2039-12-14,5096,168,Wednesday,December,2039,2039-Dec,14,348,51,2039-W51,2039-12-11,51,2039-W51,2039-12-12,Non-Holiday,Weekday
5097,2039-12-15,5097,168,Thursday,December,2039,2039-Dec,15,349,51,2039-W51,2039-12-11,51,2039-W51,2039-12-12,Non-Holiday,Weekday
5098,2039-12-16,5098,168,Friday,December,2039,2039-Dec,16,350,51,2039-W51,2039-12-11,51,2039-W51,2039-12-12,Non-Holiday,Weekday
5099,2039-12-17,5099,168,Saturday,December,2039,2039-Dec,17,351,51,2039-W51,2039-12-11,51,2039-W51,2039-12-12,Non-Holiday,Weekend
5100,2039-12-18,5100,168,Sunday,December,2039,2039-Dec,18,352,52,2039-W52,2039-12-11,51,2039-W51,2039-12-12,Non-Holiday,Weekend
5101,2039-12-19,5101,168,Monday,December,2039,2039-Dec,19,353,52,2039-W52,2039-12-18,52,2039-W52,2039-12-19,Non-Holiday,Weekday
5102,2039-12-20,5102,168,Tuesday,December,2039,2039-Dec,20,354,52,2039-W52,2039-12-18,52,2039-W52,2039-12-19,Non-Holiday,Weekday
5103,2039-12-21,5103,168,Wednesday,December,2039,2039-Dec,21,355,52,2039-W52,2039-12-18,52,2039-W52,2039-12-19,Non-Holiday,Weekday
5104,2039-12-22,5104,168,Thursday,December,2039,2039-Dec,22,356,52,2039-W52,2039-12-18,52,2039-W52,2039-12-19,Non-Holiday,Weekday
5105,2039-12-23,5105,168,Friday,December,2039,2039-Dec,23,357,52,2039-W52,2039-12-18,52,2039-W52,2039-12-19,Non-Holiday,Weekday
5106,2039-12-24,5106,168,Saturday,December,2039,2039-Dec,24,358,52,2039-W52,2039-12-18,52,2039-W52,2039-12-19,Non-Holiday,Weekend
5107,2039-12-25,5107,168,Sunday,December,2039,2039-Dec,25,359,53,2039-W53,2039-12-18,52,2039-W52,2039-12-19,Non-Holiday,Weekend
5108,2039-12-26,5108,168,Monday,December,2039,2039-Dec,26,360,53,2039-W53,2039-12-25,53,2039-W53,2039-12-26,Non-Holiday,Weekday
5109,2039-12-27,5109,168,Tuesday,December,2039,2039-Dec,27,361,53,2039-W53,2039-12-25,53,2039-W53,2039-12-26,Non-Holiday,Weekday
5110,2039-12-28,5110,168,Wednesday,December,2039,2039-Dec,28,362,53,2039-W53,2039-12-25,53,2039-W53,2039-12-26,Non-Holiday,Weekday
5111,2039-12-29,5111,168,Thursday,December,2039,2039-Dec,29,363,53,2039-W53,2039-12-25,53,2039-W53,2039-12-26,Non-Holiday,Weekday
5112,2039-12-30,5112,168,Friday,December,2039,2039-Dec,30,364,53,2039-W53,2039-12-25,53,2039-W53,2039-12-26,Non-Holiday,Weekday
5113,2039-12-31,5113,168,Saturday,December,2039,2039-Dec,31,365,53,2039-W53,2039-12-25,53,2039-W53,2039-12-26,Non-Holiday,Weekend
5114,2040-01-01,5114,169,Sunday,January,2040,2040-Jan,1,1,2,2040-W02,2039-12-25,1,2040-W01,2039-12-26,Non-Holiday,Weekend
5115,2040-01-02,5115,169,Monday,January,2040,2040-Jan,2,2,2,2040-W02,2040-01-01,2,2040-W02,2040-01-02,Non-Holiday,Weekday
5116,2040-01-03,5116,169,Tuesday,January,2040,2040-Jan,3,3,2,2040-W02,2040-01-01,2,2040-W02,2040-01-02,Non-Holiday,Weekday
5117,2040-01-04,5117,169,Wednesday,January,2040,2040-Jan,4,4,2,2040-W02,2040-01-01,2,2040-W02,2040-01-02,Non-Holiday,Weekday
5118,2040-01-05,5118,169,Thursday,January,2040,2040-Jan,5,5,2,2040-W02,2040-01-01,2,2040-W02,2040-01-02,Non-Holiday,Weekday
5119,2040-01-06,5119,169,Friday,January,2040,2040-Jan,6,6,2,2040-W02,2040-01-01,2,2040-W02,2040-01-02,Non-Holiday,Weekday
5120,2040-01-07,5120,169,Saturday,January,2040,2040-Jan,7,7,2,2040-W02,2040-01-01,2,2040-W02,2040-01-02,Non-Holiday,Weekend
5121,2040-01-08,5121,169,Sunday,January,2040,2040-Jan,8,8,3,2040-W03,2040-01-01,2,2040-W02,2040-01-02,Non-Holiday,Weekend
5122,2040-01-09,5122,169,Monday,January,2040,2040-Jan,9,9,3,2040-W03,2040-01-08,3,2040-W03,2040-01-09,Non-Holiday,Weekday
5123,2040-01-10,5123,169,Tuesday,January,2040,2040-Jan,10,10,3,2040-W03,2040-01-08,3,2040-W03,2040-01-09,Non-Holiday,Weekday
5124,2040-01-11,5124,169,Wednesday,January,2040,2040-Jan,11,11,3,2040-W03,2040-01-08,3,2040-W03,2040-01-09,Non-Holiday,Weekday
5125,2040-01-12,5125,169,Thursday,January,2040,2040-Jan,12,12,3,2040-W03,2040-01-08,3,2040-W03,2040-01-09,Non-Holiday,Weekday
5126,2040-01-13,5126,169,Friday,January,2040,2040-Jan,13,13,3,2040-W03,2040-01-08,3,2040-W03,2040-01-09,Non-Holiday,Weekday
5127,2040-01-14,5127,169,Saturday,January,2040,2040-Jan,14,14,3,2040-W03,2040-01-08,3,2040-W03,2040-01-09,Non-Holiday,Weekend
5128,2040-01-15,5128,169,Sunday,January,2040,2040-Jan,15,15,4,2040-W04,2040-01-08,3,2040-W03,2040-01-09,Non-Holiday,Weekend
5129,2040-01-16,5129,169,Monday,January,2040,2040-Jan,16,16,4,2040-W04,2040-01-15,4,2040-W04,2040-01-16,Non-Holiday,Weekday
5130,2040-01-17,5130,169,Tuesday,January,2040,2040-Jan,17,17,4,2040-W04,2040-01-15,4,2040-W04,2040-01-16,Non-Holiday,Weekday
5131,2040-01-18,5131,169,Wednesday,January,2040,2040-Jan,18,18,4,2040-W04,2040-01-15,4,2040-W04,2040-01-16,Non-Holiday,Weekday
5132,2040-01-19,5132,169,Thursday,January,2040,2040-Jan,19,19,4,2040-W04,2040-01-15,4,2040-W04,2040-01-16,Non-Holiday,Weekday
5133,2040-01-20,5133,169,Friday,January,2040,2040-Jan,20,20,4,2040-W04,2040-01-15,4,2040-W04,2040-01-16,Non-Holiday,Weekday
5134,2040-01-21,5134,169,Saturday,January,2040,2040-Jan,21,21,4,2040-W04,2040-01-15,4,2040-W04,2040-01-16,Non-Holiday,Weekend
5135,2040-01-22,5135,169,Sunday,January,2040,2040-Jan,22,22,5,2040-W05,2040-01-15,4,2040-W04,2040-01-16,Non-Holiday,Weekend
5136,2040-01-23,5136,169,Monday,January,2040,2040-Jan,23,23,5,2040-W05,2040-01-22,5,2040-W05,2040-01-23,Non-Holiday,Weekday
5137,2040-01-24,5137,169,Tuesday,January,2040,2040-Jan,24,24,5,2040-W05,2040-01-22,5,2040-W05,2040-01-23,Non-Holiday,Weekday
5138,2040-01-25,5138,169,Wednesday,January,2040,2040-Jan,25,25,5,2040-W05,2040-01-22,5,2040-W05,2040-01-23,Non-Holiday,Weekday
5139,2040-01-26,5139,169,Thursday,January,2040,2040-Jan,26,26,5,2040-W05,2040-01-22,5,2040-W05,2040-01-23,Non-Holiday,Weekday
5140,2040-01-27,5140,169,Friday,January,2040,2040-Jan,27,27,5,2040-W05,2040-01-22,5,2040-W05,2040-01-23,Non-Holiday,Weekday
5141,2040-01-28,5141,169,Saturday,January,2040,2040-Jan,28,28,5,2040-W05,2040-01-22,5,2040-W05,2040-01-23,Non-Holiday,Weekend
5142,2040-01-29,5142,169,Sunday,January,2040,2040-Jan,29,29,6,2040-W06,2040-01-22,5,2040-W05,2040-01-23,Non-Holiday,Weekend
5143,2040-01-30,5143,169,Monday,January,2040,2040-Jan,30,30,6,2040-W06,2040-01-29,6,2040-W06,2040-01-30,Non-Holiday,Weekday
5144,2040-01-31,5144,169,Tuesday,January,2040,2040-Jan,31,31,6,2040-W06,2040-01-29,6,2040-W06,2040-01-30,Non-Holiday,Weekday
5145,2040-02-01,5145,170,Wednesday,February,2040,2040-Feb,1,32,6,2040-W06,2040-01-29,6,2040-W06,2040-01-30,Non-Holiday,Weekday
5146,2040-02-02,5146,170,Thursday,February,2040,2040-Feb,2,33,6,2040-W06,2040-01-29,6,2040-W06,2040-01-30,Non-Holiday,Weekday
5147,2040-02-03,5147,170,Friday,February,2040,2040-Feb,3,34,6,2040-W06,2040-01-29,6,2040-W06,2040-01-30,Non-Holiday,Weekday
5148,2040-02-04,5148,170,Saturday,February,2040,2040-Feb,4,35,6,2040-W06,2040-01-29,6,2040-W06,2040-01-30,Non-Holiday,Weekend
5149,2040-02-05,5149,170,Sunday,February,2040,2040-Feb,5,36,7,2040-W07,2040-01-29,6,2040-W06,2040-01-30,Non-Holiday,Weekend
5150,2040-02-06,5150,170,Monday,February,2040,2040-Feb,6,37,7,2040-W07,2040-02-05,7,2040-W07,2040-02-06,Non-Holiday,Weekday
5151,2040-02-07,5151,170,Tuesday,February,2040,2040-Feb,7,38,7,2040-W07,2040-02-05,7,2040-W07,2040-02-06,Non-Holiday,Weekday
5152,2040-02-08,5152,170,Wednesday,February,2040,2040-Feb,8,39,7,2040-W07,2040-02-05,7,2040-W07,2040-02-06,Non-Holiday,Weekday
5153,2040-02-09,5153,170,Thursday,February,2040,2040-Feb,9,40,7,2040-W07,2040-02-05,7,2040-W07,2040-02-06,Non-Holiday,Weekday
5154,2040-02-10,5154,170,Friday,February,2040,2040-Feb,10,41,7,2040-W07,2040-02-05,7,2040-W07,2040-02-06,Non-Holiday,Weekday
5155,2040-02-11,5155,170,Saturday,February,2040,2040-Feb,11,42,7,2040-W07,2040-02-05,7,2040-W07,2040-02-06,Non-Holiday,Weekend
5156,2040-02-12,5156,170,Sunday,February,2040,2040-Feb,12,43,8,2040-W08,2040-02-05,7,2040-W07,2040-02-06,Non-Holiday,Weekend
5157,2040-02-13,5157,170,Monday,February,2040,2040-Feb,13,44,8,2040-W08,2040-02-12,8,2040-W08,2040-02-13,Non-Holiday,Weekday
5158,2040-02-14,5158,170,Tuesday,February,2040,2040-Feb,14,45,8,2040-W08,2040-02-12,8,2040-W08,2040-02-13,Non-Holiday,Weekday
5159,2040-02-15,5159,170,Wednesday,February,2040,2040-Feb,15,46,8,2040-W08,2040-02-12,8,2040-W08,2040-02-13,Non-Holiday,Weekday
5160,2040-02-16,5160,170,Thursday,February,2040,2040-Feb,16,47,8,2040-W08,2040-02-12,8,2040-W08,2040-02-13,Non-Holiday,Weekday
5161,2040-02-17,5161,170,Friday,February,2040,2040-Feb,17,48,8,2040-W08,2040-02-12,8,2040-W08,2040-02-13,Non-Holiday,Weekday
5162,2040-02-18,5162,170,Saturday,February,2040,2040-Feb,18,49,8,2040-W08,2040-02-12,8,2040-W08,2040-02-13,Non-Holiday,Weekend
5163,2040-02-19,5163,170,Sunday,February,2040,2040-Feb,19,50,9,2040-W09,2040-02-12,8,2040-W08,2040-02-13,Non-Holiday,Weekend
5164,2040-02-20,5164,170,Monday,February,2040,2040-Feb,20,51,9,2040-W09,2040-02-19,9,2040-W09,2040-02-20,Non-Holiday,Weekday
5165,2040-02-21,5165,170,Tuesday,February,2040,2040-Feb,21,52,9,2040-W09,2040-02-19,9,2040-W09,2040-02-20,Non-Holiday,Weekday
5166,2040-02-22,5166,170,Wednesday,February,2040,2040-Feb,22,53,9,2040-W09,2040-02-19,9,2040-W09,2040-02-20,Non-Holiday,Weekday
5167,2040-02-23,5167,170,Thursday,February,2040,2040-Feb,23,54,9,2040-W09,2040-02-19,9,2040-W09,2040-02-20,Non-Holiday,Weekday
5168,2040-02-24,5168,170,Friday,February,2040,2040-Feb,24,55,9,2040-W09,2040-02-19,9,2040-W09,2040-02-20,Non-Holiday,Weekday
5169,2040-02-25,5169,170,Saturday,February,2040,2040-Feb,25,56,9,2040-W09,2040-02-19,9,2040-W09,2040-02-20,Non-Holiday,Weekend
5170,2040-02-26,5170,170,Sunday,February,2040,2040-Feb,26,57,10,2040-W10,2040-02-19,9,2040-W09,2040-02-20,Non-Holiday,Weekend
5171,2040-02-27,5171,170,Monday,February,2040,2040-Feb,27,58,10,2040-W10,2040-02-26,10,2040-W10,2040-02-27,Non-Holiday,Weekday
5172,2040-02-28,5172,170,Tuesday,February,2040,2040-Feb,28,59,10,2040-W10,2040-02-26,10,2040-W10,2040-02-27,Non-Holiday,Weekday
5173,2040-02-29,5173,170,Wednesday,February,2040,2040-Feb,29,60,10,2040-W10,2040-02-26,10,2040-W10,2040-02-27,Non-Holiday,Weekday
5174,2040-03-01,5174,171,Thursday,March,2040,2040-Mar,1,61,10,2040-W10,2040-02-26,10,2040-W10,2040-02-27,Non-Holiday,Weekday
5175,2040-03-02,5175,171,Friday,March,2040,2040-Mar,2,62,10,2040-W10,2040-02-26,10,2040-W10,2040-02-27,Non-Holiday,Weekday
5176,2040-03-03,5176,171,Saturday,March,2040,2040-Mar,3,63,10,2040-W10,2040-02-26,10,2040-W10,2040-02-27,Non-Holiday,Weekend
5177,2040-03-04,5177,171,Sunday,March,2040,2040-Mar,4,64,11,2040-W11,2040-02-26,10,2040-W10,2040-02-27,Non-Holiday,Weekend
5178,2040-03-05,5178,171,Monday,March,2040,2040-Mar,5,65,11,2040-W11,2040-03-04,11,2040-W11,2040-03-05,Non-Holiday,Weekday
5179,2040-03-06,5179,171,Tuesday,March,2040,2040-Mar,6,66,11,2040-W11,2040-03-04,11,2040-W11,2040-03-05,Non-Holiday,Weekday
5180,2040-03-07,5180,171,Wednesday,March,2040,2040-Mar,7,67,11,2040-W11,2040-03-04,11,2040-W11,2040-03-05,Non-Holiday,Weekday
5181,2040-03-08,5181,171,Thursday,March,2040,2040-Mar,8,68,11,2040-W11,2040-03-04,11,2040-W11,2040-03-05,Non-Holiday,Weekday
5182,2040-03-09,5182,171,Friday,March,2040,2040-Mar,9,69,11,2040-W11,2040-03-04,11,2040-W11,2040-03-05,Non-Holiday,Weekday
5183,2040-03-10,5183,171,Saturday,March,2040,2040-Mar,10,70,11,2040-W11,2040-03-04,11,2040-W11,2040-03-05,Non-Holiday,Weekend
5184,2040-03-11,5184,171,Sunday,March,2040,2040-Mar,11,71,12,2040-W12,2040-03-04,11,2040-W11,2040-03-05,Non-Holiday,Weekend
5185,2040-03-12,5185,171,Monday,March,2040,2040-Mar,12,72,12,2040-W12,2040-03-11,12,2040-W12,2040-03-12,Non-Holiday,Weekday
5186,2040-03-13,5186,171,Tuesday,March,2040,2040-Mar,13,73,12,2040-W12,2040-03-11,12,2040-W12,2040-03-12,Non-Holiday,Weekday
5187,2040-03-14,5187,171,Wednesday,March,2040,2040-Mar,14,74,12,2040-W12,2040-03-11,12,2040-W12,2040-03-12,Non-Holiday,Weekday
5188,2040-03-15,5188,171,Thursday,March,2040,2040-Mar,15,75,12,2040-W12,2040-03-11,12,2040-W12,2040-03-12,Non-Holiday,Weekday
5189,2040-03-16,5189,171,Friday,March,2040,2040-Mar,16,76,12,2040-W12,2040-03-11,12,2040-W12,2040-03-12,Non-Holiday,Weekday
5190,2040-03-17,5190,171,Saturday,March,2040,2040-Mar,17,77,12,2040-W12,2040-03-11,12,2040-W12,2040-03-12,Non-Holiday,Weekend
5191,2040-03-18,5191,171,Sunday,March,2040,2040-Mar,18,78,13,2040-W13,2040-03-11,12,2040-W12,2040-03-12,Non-Holiday,Weekend
5192,2040-03-19,5192,171,Monday,March,2040,2040-Mar,19,79,13,2040-W13,2040-03-18,13,2040-W13,2040-03-19,Non-Holiday,Weekday
5193,2040-03-20,5193,171,Tuesday,March,2040,2040-Mar,20,80,13,2040-W13,2040-03-18,13,2040-W13,2040-03-19,Non-Holiday,Weekday
5194,2040-03-21,5194,171,Wednesday,March,2040,2040-Mar,21,81,13,2040-W13,2040-03-18,13,2040-W13,2040-03-19,Non-Holiday,Weekday
5195,2040-03-22,5195,171,Thursday,March,2040,2040-Mar,22,82,13,2040-W13,2040-03-18,13,2040-W13,2040-03-19,Non-Holiday,Weekday
5196,2040-03-23,5196,171,Friday,March,2040,2040-Mar,23,83,13,2040-W13,2040-03-18,13,2040-W13,2040-03-19,Non-Holiday,Weekday
5197,2040-03-24,5197,171,Saturday,March,2040,2040-Mar,24,84,13,2040-W13,2040-03-18,13,2040-W13,2040-03-19,Non-Holiday,Weekend
5198,2040-03-25,5198,171,Sunday,March,2040,2040-Mar,25,85,14,2040-W14,2040-03-18,13,2040-W13,2040-03-19,Non-Holiday,Weekend
5199,2040-03-26,5199,171,Monday,March,2040,2040-Mar,26,86,14,2040-W14,2040-03-25,14,2040-W14,2040-03-26,Non-Holiday,Weekday
5200,2040-03-27,5200,171,Tuesday,March,2040,2040-Mar,27,87,14,2040-W14,2040-03-25,14,2040-W14,2040-03-26,Non-Holiday,Weekday
5201,2040-03-28,5201,171,Wednesday,March,2040,2040-Mar,28,88,14,2040-W14,2040-03-25,14,2040-W14,2040-03-26,Non-Holiday,Weekday
5202,2040-03-29,5202,171,Thursday,March,2040,2040-Mar,29,89,14,2040-W14,2040-03-25,14,2040-W14,2040-03-26,Non-Holiday,Weekday
5203,2040-03-30,5203,171,Friday,March,2040,2040-Mar,30,90,14,2040-W14,2040-03-25,14,2040-W14,2040-03-26,Non-Holiday,Weekday
5204,2040-03-31,5204,171,Saturday,March,2040,2040-Mar,31,91,14,2040-W14,2040-03-25,14,2040-W14,2040-03-26,Non-Holiday,Weekend
5205,2040-04-01,5205,172,Sunday,April,2040,2040-Apr,1,92,15,2040-W15,2040-03-25,14,2040-W14,2040-03-26,Non-Holiday,Weekend
5206,2040-04-02,5206,172,Monday,April,2040,2040-Apr,2,93,15,2040-W15,2040-04-01,15,2040-W15,2040-04-02,Non-Holiday,Weekday
5207,2040-04-03,5207,172,Tuesday,April,2040,2040-Apr,3,94,15,2040-W15,2040-04-01,15,2040-W15,2040-04-02,Non-Holiday,Weekday
5208,2040-04-04,5208,172,Wednesday,April,2040,2040-Apr,4,95,15,2040-W15,2040-04-01,15,2040-W15,2040-04-02,Non-Holiday,Weekday
5209,2040-04-05,5209,172,Thursday,April,2040,2040-Apr,5,96,15,2040-W15,2040-04-01,15,2040-W15,2040-04-02,Non-Holiday,Weekday
5210,2040-04-06,5210,172,Friday,April,2040,2040-Apr,6,97,15,2040-W15,2040-04-01,15,2040-W15,2040-04-02,Non-Holiday,Weekday
5211,2040-04-07,5211,172,Saturday,April,2040,2040-Apr,7,98,15,2040-W15,2040-04-01,15,2040-W15,2040-04-02,Non-Holiday,Weekend
5212,2040-04-08,5212,172,Sunday,April,2040,2040-Apr,8,99,16,2040-W16,2040-04-01,15,2040-W15,2040-04-02,Non-Holiday,Weekend
5213,2040-04-09,5213,172,Monday,April,2040,2040-Apr,9,100,16,2040-W16,2040-04-08,16,2040-W16,2040-04-09,Non-Holiday,Weekday
5214,2040-04-10,5214,172,Tuesday,April,2040,2040-Apr,10,101,16,2040-W16,2040-04-08,16,2040-W16,2040-04-09,Non-Holiday,Weekday
5215,2040-04-11,5215,172,Wednesday,April,2040,2040-Apr,11,102,16,2040-W16,2040-04-08,16,2040-W16,2040-04-09,Non-Holiday,Weekday
5216,2040-04-12,5216,172,Thursday,April,2040,2040-Apr,12,103,16,2040-W16,2040-04-08,16,2040-W16,2040-04-09,Non-Holiday,Weekday
5217,2040-04-13,5217,172,Friday,April,2040,2040-Apr,13,104,16,2040-W16,2040-04-08,16,2040-W16,2040-04-09,Non-Holiday,Weekday
5218,2040-04-14,5218,172,Saturday,April,2040,2040-Apr,14,105,16,2040-W16,2040-04-08,16,2040-W16,2040-04-09,Non-Holiday,Weekend
5219,2040-04-15,5219,172,Sunday,April,2040,2040-Apr,15,106,17,2040-W17,2040-04-08,16,2040-W16,2040-04-09,Non-Holiday,Weekend
5220,2040-04-16,5220,172,Monday,April,2040,2040-Apr,16,107,17,2040-W17,2040-04-15,17,2040-W17,2040-04-16,Non-Holiday,Weekday
5221,2040-04-17,5221,172,Tuesday,April,2040,2040-Apr,17,108,17,2040-W17,2040-04-15,17,2040-W17,2040-04-16,Non-Holiday,Weekday
5222,2040-04-18,5222,172,Wednesday,April,2040,2040-Apr,18,109,17,2040-W17,2040-04-15,17,2040-W17,2040-04-16,Non-Holiday,Weekday
5223,2040-04-19,5223,172,Thursday,April,2040,2040-Apr,19,110,17,2040-W17,2040-04-15,17,2040-W17,2040-04-16,Non-Holiday,Weekday
5224,2040-04-20,5224,172,Friday,April,2040,2040-Apr,20,111,17,2040-W17,2040-04-15,17,2040-W17,2040-04-16,Non-Holiday,Weekday
5225,2040-04-21,5225,172,Saturday,April,2040,2040-Apr,21,112,17,2040-W17,2040-04-15,17,2040-W17,2040-04-16,Non-Holiday,Weekend
5226,2040-04-22,5226,172,Sunday,April,2040,2040-Apr,22,113,18,2040-W18,2040-04-15,17,2040-W17,2040-04-16,Non-Holiday,Weekend
5227,2040-04-23,5227,172,Monday,April,2040,2040-Apr,23,114,18,2040-W18,2040-04-22,18,2040-W18,2040-04-23,Non-Holiday,Weekday
5228,2040-04-24,5228,172,Tuesday,April,2040,2040-Apr,24,115,18,2040-W18,2040-04-22,18,2040-W18,2040-04-23,Non-Holiday,Weekday
5229,2040-04-25,5229,172,Wednesday,April,2040,2040-Apr,25,116,18,2040-W18,2040-04-22,18,2040-W18,2040-04-23,Non-Holiday,Weekday
5230,2040-04-26,5230,172,Thursday,April,2040,2040-Apr,26,117,18,2040-W18,2040-04-22,18,2040-W18,2040-04-23,Non-Holiday,Weekday
5231,2040-04-27,5231,172,Friday,April,2040,2040-Apr,27,118,18,2040-W18,2040-04-22,18,2040-W18,2040-04-23,Non-Holiday,Weekday
5232,2040-04-28,5232,172,Saturday,April,2040,2040-Apr,28,119,18,2040-W18,2040-04-22,18,2040-W18,2040-04-23,Non-Holiday,Weekend
5233,2040-04-29,5233,172,Sunday,April,2040,2040-Apr,29,120,19,2040-W19,2040-04-22,18,2040-W18,2040-04-23,Non-Holiday,Weekend
5234,2040-04-30,5234,172,Monday,April,2040,2040-Apr,30,121,19,2040-W19,2040-04-29,19,2040-W19,2040-04-30,Non-Holiday,Weekday
5235,2040-05-01,5235,173,Tuesday,May,2040,2040-May,1,122,19,2040-W19,2040-04-29,19,2040-W19,2040-04-30,Non-Holiday,Weekday
5236,2040-05-02,5236,173,Wednesday,May,2040,2040-May,2,123,19,2040-W19,2040-04-29,19,2040-W19,2040-04-30,Non-Holiday,Weekday
5237,2040-05-03,5237,173,Thursday,May,2040,2040-May,3,124,19,2040-W19,2040-04-29,19,2040-W19,2040-04-30,Non-Holiday,Weekday
5238,2040-05-04,5238,173,Friday,May,2040,2040-May,4,125,19,2040-W19,2040-04-29,19,2040-W19,2040-04-30,Non-Holiday,Weekday
5239,2040-05-05,5239,173,Saturday,May,2040,2040-May,5,126,19,2040-W19,2040-04-29,19,2040-W19,2040-04-30,Non-Holiday,Weekend
5240,2040-05-06,5240,173,Sunday,May,2040,2040-May,6,127,20,2040-W20,2040-04-29,19,2040-W19,2040-04-30,Non-Holiday,Weekend
5241,2040-05-07,5241,173,Monday,May,2040,2040-May,7,128,20,2040-W20,2040-05-06,20,2040-W20,2040-05-07,Non-Holiday,Weekday
5242,2040-05-08,5242,173,Tuesday,May,2040,2040-May,8,129,20,2040-W20,2040-05-06,20,2040-W20,2040-05-07,Non-Holiday,Weekday
5243,2040-05-09,5243,173,Wednesday,May,2040,2040-May,9,130,20,2040-W20,2040-05-06,20,2040-W20,2040-05-07,Non-Holiday,Weekday
5244,2040-05-10,5244,173,Thursday,May,2040,2040-May,10,131,20,2040-W20,2040-05-06,20,2040-W20,2040-05-07,Non-Holiday,Weekday
5245,2040-05-11,5245,173,Friday,May,2040,2040-May,11,132,20,2040-W20,2040-05-06,20,2040-W20,2040-05-07,Non-Holiday,Weekday
5246,2040-05-12,5246,173,Saturday,May,2040,2040-May,12,133,20,2040-W20,2040-05-06,20,2040-W20,2040-05-07,Non-Holiday,Weekend
5247,2040-05-13,5247,173,Sunday,May,2040,2040-May,13,134,21,2040-W21,2040-05-06,20,2040-W20,2040-05-07,Non-Holiday,Weekend
5248,2040-05-14,5248,173,Monday,May,2040,2040-May,14,135,21,2040-W21,2040-05-13,21,2040-W21,2040-05-14,Non-Holiday,Weekday
5249,2040-05-15,5249,173,Tuesday,May,2040,2040-May,15,136,21,2040-W21,2040-05-13,21,2040-W21,2040-05-14,Non-Holiday,Weekday
5250,2040-05-16,5250,173,Wednesday,May,2040,2040-May,16,137,21,2040-W21,2040-05-13,21,2040-W21,2040-05-14,Non-Holiday,Weekday
5251,2040-05-17,5251,173,Thursday,May,2040,2040-May,17,138,21,2040-W21,2040-05-13,21,2040-W21,2040-05-14,Non-Holiday,Weekday
5252,2040-05-18,5252,173,Friday,May,2040,2040-May,18,139,21,2040-W21,2040-05-13,21,2040-W21,2040-05-14,Non-Holiday,Weekday
5253,2040-05-19,5253,173,Saturday,May,2040,2040-May,19,140,21,2040-W21,2040-05-13,21,2040-W21,2040-05-14,Non-Holiday,Weekend
5254,2040-05-20,5254,173,Sunday,May,2040,2040-May,20,141,22,2040-W22,2040-05-13,21,2040-W21,2040-05-14,Non-Holiday,Weekend
5255,2040-05-21,5255,173,Monday,May,2040,2040-May,21,142,22,2040-W22,2040-05-20,22,2040-W22,2040-05-21,Non-Holiday,Weekday
5256,2040-05-22,5256,173,Tuesday,May,2040,2040-May,22,143,22,2040-W22,2040-05-20,22,2040-W22,2040-05-21,Non-Holiday,Weekday
5257,2040-05-23,5257,173,Wednesday,May,2040,2040-May,23,144,22,2040-W22,2040-05-20,22,2040-W22,2040-05-21,Non-Holiday,Weekday
5258,2040-05-24,5258,173,Thursday,May,2040,2040-May,24,145,22,2040-W22,2040-05-20,22,2040-W22,2040-05-21,Non-Holiday,Weekday
5259,2040-05-25,5259,173,Friday,May,2040,2040-May,25,146,22,2040-W22,2040-05-20,22,2040-W22,2040-05-21,Non-Holiday,Weekday
5260,2040-05-26,5260,173,Saturday,May,2040,2040-May,26,147,22,2040-W22,2040-05-20,22,2040-W22,2040-05-21,Non-Holiday,Weekend
5261,2040-05-27,5261,173,Sunday,May,2040,2040-May,27,148,23,2040-W23,2040-05-20,22,2040-W22,2040-05-21,Non-Holiday,Weekend
5262,2040-05-28,5262,173,Monday,May,2040,2040-May,28,149,23,2040-W23,2040-05-27,23,2040-W23,2040-05-28,Non-Holiday,Weekday
5263,2040-05-29,5263,173,Tuesday,May,2040,2040-May,29,150,23,2040-W23,2040-05-27,23,2040-W23,2040-05-28,Non-Holiday,Weekday
5264,2040-05-30,5264,173,Wednesday,May,2040,2040-May,30,151,23,2040-W23,2040-05-27,23,2040-W23,2040-05-28,Non-Holiday,Weekday
5265,2040-05-31,5265,173,Thursday,May,2040,2040-May,31,152,23,2040-W23,2040-05-27,23,2040-W23,2040-05-28,Non-Holiday,Weekday
5266,2040-06-01,5266,174,Friday,June,2040,2040-Jun,1,153,23,2040-W23,2040-05-27,23,2040-W23,2040-05-28,Non-Holiday,Weekday
5267,2040-06-02,5267,174,Saturday,June,2040,2040-Jun,2,154,23,2040-W23,2040-05-27,23,2040-W23,2040-05-28,Non-Holiday,Weekend
5268,2040-06-03,5268,174,Sunday,June,2040,2040-Jun,3,155,24,2040-W24,2040-05-27,23,2040-W23,2040-05-28,Non-Holiday,Weekend
5269,2040-06-04,5269,174,Monday,June,2040,2040-Jun,4,156,24,2040-W24,2040-06-03,24,2040-W24,2040-06-04,Non-Holiday,Weekday
5270,2040-06-05,5270,174,Tuesday,June,2040,2040-Jun,5,157,24,2040-W24,2040-06-03,24,2040-W24,2040-06-04,Non-Holiday,Weekday
5271,2040-06-06,5271,174,Wednesday,June,2040,2040-Jun,6,158,24,2040-W24,2040-06-03,24,2040-W24,2040-06-04,Non-Holiday,Weekday
5272,2040-06-07,5272,174,Thursday,June,2040,2040-Jun,7,159,24,2040-W24,2040-06-03,24,2040-W24,2040-06-04,Non-Holiday,Weekday
5273,2040-06-08,5273,174,Friday,June,2040,2040-Jun,8,160,24,2040-W24,2040-06-03,24,2040-W24,2040-06-04,Non-Holiday,Weekday
5274,2040-06-09,5274,174,Saturday,June,2040,2040-Jun,9,161,24,2040-W24,2040-06-03,24,2040-W24,2040-06-04,Non-Holiday,Weekend
5275,2040-06-10,5275,174,Sunday,June,2040,2040-Jun,10,162,25,2040-W25,2040-06-03,24,2040-W24,2040-06-04,Non-Holiday,Weekend
5276,2040-06-11,5276,174,Monday,June,2040,2040-Jun,11,163,25,2040-W25,2040-06-10,25,2040-W25,2040-06-11,Non-Holiday,Weekday
5277,2040-06-12,5277,174,Tuesday,June,2040,2040-Jun,12,164,25,2040-W25,2040-06-10,25,2040-W25,2040-06-11,Non-Holiday,Weekday
5278,2040-06-13,5278,174,Wednesday,June,2040,2040-Jun,13,165,25,2040-W25,2040-06-10,25,2040-W25,2040-06-11,Non-Holiday,Weekday
5279,2040-06-14,5279,174,Thursday,June,2040,2040-Jun,14,166,25,2040-W25,2040-06-10,25,2040-W25,2040-06-11,Non-Holiday,Weekday
5280,2040-06-15,5280,174,Friday,June,2040,2040-Jun,15,167,25,2040-W25,2040-06-10,25,2040-W25,2040-06-11,Non-Holiday,Weekday
5281,2040-06-16,5281,174,Saturday,June,2040,2040-Jun,16,168,25,2040-W25,2040-06-10,25,2040-W25,2040-06-11,Non-Holiday,Weekend
5282,2040-06-17,5282,174,Sunday,June,2040,2040-Jun,17,169,26,2040-W26,2040-06-10,25,2040-W25,2040-06-11,Non-Holiday,Weekend
5283,2040-06-18,5283,174,Monday,June,2040,2040-Jun,18,170,26,2040-W26,2040-06-17,26,2040-W26,2040-06-18,Non-Holiday,Weekday
5284,2040-06-19,5284,174,Tuesday,June,2040,2040-Jun,19,171,26,2040-W26,2040-06-17,26,2040-W26,2040-06-18,Non-Holiday,Weekday
5285,2040-06-20,5285,174,Wednesday,June,2040,2040-Jun,20,172,26,2040-W26,2040-06-17,26,2040-W26,2040-06-18,Non-Holiday,Weekday
5286,2040-06-21,5286,174,Thursday,June,2040,2040-Jun,21,173,26,2040-W26,2040-06-17,26,2040-W26,2040-06-18,Non-Holiday,Weekday
5287,2040-06-22,5287,174,Friday,June,2040,2040-Jun,22,174,26,2040-W26,2040-06-17,26,2040-W26,2040-06-18,Non-Holiday,Weekday
5288,2040-06-23,5288,174,Saturday,June,2040,2040-Jun,23,175,26,2040-W26,2040-06-17,26,2040-W26,2040-06-18,Non-Holiday,Weekend
5289,2040-06-24,5289,174,Sunday,June,2040,2040-Jun,24,176,27,2040-W27,2040-06-17,26,2040-W26,2040-06-18,Non-Holiday,Weekend
5290,2040-06-25,5290,174,Monday,June,2040,2040-Jun,25,177,27,2040-W27,2040-06-24,27,2040-W27,2040-06-25,Non-Holiday,Weekday
5291,2040-06-26,5291,174,Tuesday,June,2040,2040-Jun,26,178,27,2040-W27,2040-06-24,27,2040-W27,2040-06-25,Non-Holiday,Weekday
5292,2040-06-27,5292,174,Wednesday,June,2040,2040-Jun,27,179,27,2040-W27,2040-06-24,27,2040-W27,2040-06-25,Non-Holiday,Weekday
5293,2040-06-28,5293,174,Thursday,June,2040,2040-Jun,28,180,27,2040-W27,2040-06-24,27,2040-W27,2040-06-25,Non-Holiday,Weekday
5294,2040-06-29,5294,174,Friday,June,2040,2040-Jun,29,181,27,2040-W27,2040-06-24,27,2040-W27,2040-06-25,Non-Holiday,Weekday
5295,2040-06-30,5295,174,Saturday,June,2040,2040-Jun,30,182,27,2040-W27,2040-06-24,27,2040-W27,2040-06-25,Non-Holiday,Weekend
5296,2040-07-01,5296,175,Sunday,July,2040,2040-Jul,1,183,28,2040-W28,2040-06-24,27,2040-W27,2040-06-25,Non-Holiday,Weekend
5297,2040-07-02,5297,175,Monday,July,2040,2040-Jul,2,184,28,2040-W28,2040-07-01,28,2040-W28,2040-07-02,Non-Holiday,Weekday
5298,2040-07-03,5298,175,Tuesday,July,2040,2040-Jul,3,185,28,2040-W28,2040-07-01,28,2040-W28,2040-07-02,Non-Holiday,Weekday
5299,2040-07-04,5299,175,Wednesday,July,2040,2040-Jul,4,186,28,2040-W28,2040-07-01,28,2040-W28,2040-07-02,Non-Holiday,Weekday
5300,2040-07-05,5300,175,Thursday,July,2040,2040-Jul,5,187,28,2040-W28,2040-07-01,28,2040-W28,2040-07-02,Non-Holiday,Weekday
5301,2040-07-06,5301,175,Friday,July,2040,2040-Jul,6,188,28,2040-W28,2040-07-01,28,2040-W28,2040-07-02,Non-Holiday,Weekday
5302,2040-07-07,5302,175,Saturday,July,2040,2040-Jul,7,189,28,2040-W28,2040-07-01,28,2040-W28,2040-07-02,Non-Holiday,Weekend
5303,2040-07-08,5303,175,Sunday,July,2040,2040-Jul,8,190,29,2040-W29,2040-07-01,28,2040-W28,2040-07-02,Non-Holiday,Weekend
5304,2040-07-09,5304,175,Monday,July,2040,2040-Jul,9,191,29,2040-W29,2040-07-08,29,2040-W29,2040-07-09,Non-Holiday,Weekday
5305,2040-07-10,5305,175,Tuesday,July,2040,2040-Jul,10,192,29,2040-W29,2040-07-08,29,2040-W29,2040-07-09,Non-Holiday,Weekday
5306,2040-07-11,5306,175,Wednesday,July,2040,2040-Jul,11,193,29,2040-W29,2040-07-08,29,2040-W29,2040-07-09,Non-Holiday,Weekday
5307,2040-07-12,5307,175,Thursday,July,2040,2040-Jul,12,194,29,2040-W29,2040-07-08,29,2040-W29,2040-07-09,Non-Holiday,Weekday
5308,2040-07-13,5308,175,Friday,July,2040,2040-Jul,13,195,29,2040-W29,2040-07-08,29,2040-W29,2040-07-09,Non-Holiday,Weekday
5309,2040-07-14,5309,175,Saturday,July,2040,2040-Jul,14,196,29,2040-W29,2040-07-08,29,2040-W29,2040-07-09,Non-Holiday,Weekend
5310,2040-07-15,5310,175,Sunday,July,2040,2040-Jul,15,197,30,2040-W30,2040-07-08,29,2040-W29,2040-07-09,Non-Holiday,Weekend
5311,2040-07-16,5311,175,Monday,July,2040,2040-Jul,16,198,30,2040-W30,2040-07-15,30,2040-W30,2040-07-16,Non-Holiday,Weekday
5312,2040-07-17,5312,175,Tuesday,July,2040,2040-Jul,17,199,30,2040-W30,2040-07-15,30,2040-W30,2040-07-16,Non-Holiday,Weekday
5313,2040-07-18,5313,175,Wednesday,July,2040,2040-Jul,18,200,30,2040-W30,2040-07-15,30,2040-W30,2040-07-16,Non-Holiday,Weekday
5314,2040-07-19,5314,175,Thursday,July,2040,2040-Jul,19,201,30,2040-W30,2040-07-15,30,2040-W30,2040-07-16,Non-Holiday,Weekday
5315,2040-07-20,5315,175,Friday,July,2040,2040-Jul,20,202,30,2040-W30,2040-07-15,30,2040-W30,2040-07-16,Non-Holiday,Weekday
5316,2040-07-21,5316,175,Saturday,July,2040,2040-Jul,21,203,30,2040-W30,2040-07-15,30,2040-W30,2040-07-16,Non-Holiday,Weekend
5317,2040-07-22,5317,175,Sunday,July,2040,2040-Jul,22,204,31,2040-W31,2040-07-15,30,2040-W30,2040-07-16,Non-Holiday,Weekend
5318,2040-07-23,5318,175,Monday,July,2040,2040-Jul,23,205,31,2040-W31,2040-07-22,31,2040-W31,2040-07-23,Non-Holiday,Weekday
5319,2040-07-24,5319,175,Tuesday,July,2040,2040-Jul,24,206,31,2040-W31,2040-07-22,31,2040-W31,2040-07-23,Non-Holiday,Weekday
5320,2040-07-25,5320,175,Wednesday,July,2040,2040-Jul,25,207,31,2040-W31,2040-07-22,31,2040-W31,2040-07-23,Non-Holiday,Weekday
5321,2040-07-26,5321,175,Thursday,July,2040,2040-Jul,26,208,31,2040-W31,2040-07-22,31,2040-W31,2040-07-23,Non-Holiday,Weekday
5322,2040-07-27,5322,175,Friday,July,2040,2040-Jul,27,209,31,2040-W31,2040-07-22,31,2040-W31,2040-07-23,Non-Holiday,Weekday
5323,2040-07-28,5323,175,Saturday,July,2040,2040-Jul,28,210,31,2040-W31,2040-07-22,31,2040-W31,2040-07-23,Non-Holiday,Weekend
5324,2040-07-29,5324,175,Sunday,July,2040,2040-Jul,29,211,32,2040-W32,2040-07-22,31,2040-W31,2040-07-23,Non-Holiday,Weekend
5325,2040-07-30,5325,175,Monday,July,2040,2040-Jul,30,212,32,2040-W32,2040-07-29,32,2040-W32,2040-07-30,Non-Holiday,Weekday
5326,2040-07-31,5326,175,Tuesday,July,2040,2040-Jul,31,213,32,2040-W32,2040-07-29,32,2040-W32,2040-07-30,Non-Holiday,Weekday
5327,2040-08-01,5327,176,Wednesday,August,2040,2040-Aug,1,214,32,2040-W32,2040-07-29,32,2040-W32,2040-07-30,Non-Holiday,Weekday
5328,2040-08-02,5328,176,Thursday,August,2040,2040-Aug,2,215,32,2040-W32,2040-07-29,32,2040-W32,2040-07-30,Non-Holiday,Weekday
5329,2040-08-03,5329,176,Friday,August,2040,2040-Aug,3,216,32,2040-W32,2040-07-29,32,2040-W32,2040-07-30,Non-Holiday,Weekday
5330,2040-08-04,5330,176,Saturday,August,2040,2040-Aug,4,217,32,2040-W32,2040-07-29,32,2040-W32,2040-07-30,Non-Holiday,Weekend
5331,2040-08-05,5331,176,Sunday,August,2040,2040-Aug,5,218,33,2040-W33,2040-07-29,32,2040-W32,2040-07-30,Non-Holiday,Weekend
5332,2040-08-06,5332,176,Monday,August,2040,2040-Aug,6,219,33,2040-W33,2040-08-05,33,2040-W33,2040-08-06,Non-Holiday,Weekday
5333,2040-08-07,5333,176,Tuesday,August,2040,2040-Aug,7,220,33,2040-W33,2040-08-05,33,2040-W33,2040-08-06,Non-Holiday,Weekday
5334,2040-08-08,5334,176,Wednesday,August,2040,2040-Aug,8,221,33,2040-W33,2040-08-05,33,2040-W33,2040-08-06,Non-Holiday,Weekday
5335,2040-08-09,5335,176,Thursday,August,2040,2040-Aug,9,222,33,2040-W33,2040-08-05,33,2040-W33,2040-08-06,Non-Holiday,Weekday
5336,2040-08-10,5336,176,Friday,August,2040,2040-Aug,10,223,33,2040-W33,2040-08-05,33,2040-W33,2040-08-06,Non-Holiday,Weekday
5337,2040-08-11,5337,176,Saturday,August,2040,2040-Aug,11,224,33,2040-W33,2040-08-05,33,2040-W33,2040-08-06,Non-Holiday,Weekend
5338,2040-08-12,5338,176,Sunday,August,2040,2040-Aug,12,225,34,2040-W34,2040-08-05,33,2040-W33,2040-08-06,Non-Holiday,Weekend
5339,2040-08-13,5339,176,Monday,August,2040,2040-Aug,13,226,34,2040-W34,2040-08-12,34,2040-W34,2040-08-13,Non-Holiday,Weekday
5340,2040-08-14,5340,176,Tuesday,August,2040,2040-Aug,14,227,34,2040-W34,2040-08-12,34,2040-W34,2040-08-13,Non-Holiday,Weekday
5341,2040-08-15,5341,176,Wednesday,August,2040,2040-Aug,15,228,34,2040-W34,2040-08-12,34,2040-W34,2040-08-13,Non-Holiday,Weekday
5342,2040-08-16,5342,176,Thursday,August,2040,2040-Aug,16,229,34,2040-W34,2040-08-12,34,2040-W34,2040-08-13,Non-Holiday,Weekday
5343,2040-08-17,5343,176,Friday,August,2040,2040-Aug,17,230,34,2040-W34,2040-08-12,34,2040-W34,2040-08-13,Non-Holiday,Weekday
5344,2040-08-18,5344,176,Saturday,August,2040,2040-Aug,18,231,34,2040-W34,2040-08-12,34,2040-W34,2040-08-13,Non-Holiday,Weekend
5345,2040-08-19,5345,176,Sunday,August,2040,2040-Aug,19,232,35,2040-W35,2040-08-12,34,2040-W34,2040-08-13,Non-Holiday,Weekend
5346,2040-08-20,5346,176,Monday,August,2040,2040-Aug,20,233,35,2040-W35,2040-08-19,35,2040-W35,2040-08-20,Non-Holiday,Weekday
5347,2040-08-21,5347,176,Tuesday,August,2040,2040-Aug,21,234,35,2040-W35,2040-08-19,35,2040-W35,2040-08-20,Non-Holiday,Weekday
5348,2040-08-22,5348,176,Wednesday,August,2040,2040-Aug,22,235,35,2040-W35,2040-08-19,35,2040-W35,2040-08-20,Non-Holiday,Weekday
5349,2040-08-23,5349,176,Thursday,August,2040,2040-Aug,23,236,35,2040-W35,2040-08-19,35,2040-W35,2040-08-20,Non-Holiday,Weekday
5350,2040-08-24,5350,176,Friday,August,2040,2040-Aug,24,237,35,2040-W35,2040-08-19,35,2040-W35,2040-08-20,Non-Holiday,Weekday
5351,2040-08-25,5351,176,Saturday,August,2040,2040-Aug,25,238,35,2040-W35,2040-08-19,35,2040-W35,2040-08-20,Non-Holiday,Weekend
5352,2040-08-26,5352,176,Sunday,August,2040,2040-Aug,26,239,36,2040-W36,2040-08-19,35,2040-W35,2040-08-20,Non-Holiday,Weekend
5353,2040-08-27,5353,176,Monday,August,2040,2040-Aug,27,240,36,2040-W36,2040-08-26,36,2040-W36,2040-08-27,Non-Holiday,Weekday
5354,2040-08-28,5354,176,Tuesday,August,2040,2040-Aug,28,241,36,2040-W36,2040-08-26,36,2040-W36,2040-08-27,Non-Holiday,Weekday
5355,2040-08-29,5355,176,Wednesday,August,2040,2040-Aug,29,242,36,2040-W36,2040-08-26,36,2040-W36,2040-08-27,Non-Holiday,Weekday
5356,2040-08-30,5356,176,Thursday,August,2040,2040-Aug,30,243,36,2040-W36,2040-08-26,36,2040-W36,2040-08-27,Non-Holiday,Weekday
5357,2040-08-31,5357,176,Friday,August,2040,2040-Aug,31,244,36,2040-W36,2040-08-26,36,2040-W36,2040-08-27,Non-Holiday,Weekday
5358,2040-09-01,5358,177,Saturday,September,2040,2040-Sep,1,245,36,2040-W36,2040-08-26,36,2040-W36,2040-08-27,Non-Holiday,Weekend
5359,2040-09-02,5359,177,Sunday,September,2040,2040-Sep,2,246,37,2040-W37,2040-08-26,36,2040-W36,2040-08-27,Non-Holiday,Weekend
5360,2040-09-03,5360,177,Monday,September,2040,2040-Sep,3,247,37,2040-W37,2040-09-02,37,2040-W37,2040-09-03,Non-Holiday,Weekday
5361,2040-09-04,5361,177,Tuesday,September,2040,2040-Sep,4,248,37,2040-W37,2040-09-02,37,2040-W37,2040-09-03,Non-Holiday,Weekday
5362,2040-09-05,5362,177,Wednesday,September,2040,2040-Sep,5,249,37,2040-W37,2040-09-02,37,2040-W37,2040-09-03,Non-Holiday,Weekday
5363,2040-09-06,5363,177,Thursday,September,2040,2040-Sep,6,250,37,2040-W37,2040-09-02,37,2040-W37,2040-09-03,Non-Holiday,Weekday
5364,2040-09-07,5364,177,Friday,September,2040,2040-Sep,7,251,37,2040-W37,2040-09-02,37,2040-W37,2040-09-03,Non-Holiday,Weekday
5365,2040-09-08,5365,177,Saturday,September,2040,2040-Sep,8,252,37,2040-W37,2040-09-02,37,2040-W37,2040-09-03,Non-Holiday,Weekend
5366,2040-09-09,5366,177,Sunday,September,2040,2040-Sep,9,253,38,2040-W38,2040-09-02,37,2040-W37,2040-09-03,Non-Holiday,Weekend
5367,2040-09-10,5367,177,Monday,September,2040,2040-Sep,10,254,38,2040-W38,2040-09-09,38,2040-W38,2040-09-10,Non-Holiday,Weekday
5368,2040-09-11,5368,177,Tuesday,September,2040,2040-Sep,11,255,38,2040-W38,2040-09-09,38,2040-W38,2040-09-10,Non-Holiday,Weekday
5369,2040-09-12,5369,177,Wednesday,September,2040,2040-Sep,12,256,38,2040-W38,2040-09-09,38,2040-W38,2040-09-10,Non-Holiday,Weekday
5370,2040-09-13,5370,177,Thursday,September,2040,2040-Sep,13,257,38,2040-W38,2040-09-09,38,2040-W38,2040-09-10,Non-Holiday,Weekday
5371,2040-09-14,5371,177,Friday,September,2040,2040-Sep,14,258,38,2040-W38,2040-09-09,38,2040-W38,2040-09-10,Non-Holiday,Weekday
5372,2040-09-15,5372,177,Saturday,September,2040,2040-Sep,15,259,38,2040-W38,2040-09-09,38,2040-W38,2040-09-10,Non-Holiday,Weekend
5373,2040-09-16,5373,177,Sunday,September,2040,2040-Sep,16,260,39,2040-W39,2040-09-09,38,2040-W38,2040-09-10,Non-Holiday,Weekend
5374,2040-09-17,5374,177,Monday,September,2040,2040-Sep,17,261,39,2040-W39,2040-09-16,39,2040-W39,2040-09-17,Non-Holiday,Weekday
5375,2040-09-18,5375,177,Tuesday,September,2040,2040-Sep,18,262,39,2040-W39,2040-09-16,39,2040-W39,2040-09-17,Non-Holiday,Weekday
5376,2040-09-19,5376,177,Wednesday,September,2040,2040-Sep,19,263,39,2040-W39,2040-09-16,39,2040-W39,2040-09-17,Non-Holiday,Weekday
5377,2040-09-20,5377,177,Thursday,September,2040,2040-Sep,20,264,39,2040-W39,2040-09-16,39,2040-W39,2040-09-17,Non-Holiday,Weekday
5378,2040-09-21,5378,177,Friday,September,2040,2040-Sep,21,265,39,2040-W39,2040-09-16,39,2040-W39,2040-09-17,Non-Holiday,Weekday
5379,2040-09-22,5379,177,Saturday,September,2040,2040-Sep,22,266,39,2040-W39,2040-09-16,39,2040-W39,2040-09-17,Non-Holiday,Weekend
5380,2040-09-23,5380,177,Sunday,September,2040,2040-Sep,23,267,40,2040-W40,2040-09-16,39,2040-W39,2040-09-17,Non-Holiday,Weekend
5381,2040-09-24,5381,177,Monday,September,2040,2040-Sep,24,268,40,2040-W40,2040-09-23,40,2040-W40,2040-09-24,Non-Holiday,Weekday
5382,2040-09-25,5382,177,Tuesday,September,2040,2040-Sep,25,269,40,2040-W40,2040-09-23,40,2040-W40,2040-09-24,Non-Holiday,Weekday
5383,2040-09-26,5383,177,Wednesday,September,2040,2040-Sep,26,270,40,2040-W40,2040-09-23,40,2040-W40,2040-09-24,Non-Holiday,Weekday
5384,2040-09-27,5384,177,Thursday,September,2040,2040-Sep,27,271,40,2040-W40,2040-09-23,40,2040-W40,2040-09-24,Non-Holiday,Weekday
5385,2040-09-28,5385,177,Friday,September,2040,2040-Sep,28,272,40,2040-W40,2040-09-23,40,2040-W40,2040-09-24,Non-Holiday,Weekday
5386,2040-09-29,5386,177,Saturday,September,2040,2040-Sep,29,273,40,2040-W40,2040-09-23,40,2040-W40,2040-09-24,Non-Holiday,Weekend
5387,2040-09-30,5387,177,Sunday,September,2040,2040-Sep,30,274,41,2040-W41,2040-09-23,40,2040-W40,2040-09-24,Non-Holiday,Weekend
5388,2040-10-01,5388,178,Monday,October,2040,2040-Oct,1,275,41,2040-W41,2040-09-30,41,2040-W41,2040-10-01,Non-Holiday,Weekday
5389,2040-10-02,5389,178,Tuesday,October,2040,2040-Oct,2,276,41,2040-W41,2040-09-30,41,2040-W41,2040-10-01,Non-Holiday,Weekday
5390,2040-10-03,5390,178,Wednesday,October,2040,2040-Oct,3,277,41,2040-W41,2040-09-30,41,2040-W41,2040-10-01,Non-Holiday,Weekday
5391,2040-10-04,5391,178,Thursday,October,2040,2040-Oct,4,278,41,2040-W41,2040-09-30,41,2040-W41,2040-10-01,Non-Holiday,Weekday
5392,2040-10-05,5392,178,Friday,October,2040,2040-Oct,5,279,41,2040-W41,2040-09-30,41,2040-W41,2040-10-01,Non-Holiday,Weekday
5393,2040-10-06,5393,178,Saturday,October,2040,2040-Oct,6,280,41,2040-W41,2040-09-30,41,2040-W41,2040-10-01,Non-Holiday,Weekend
5394,2040-10-07,5394,178,Sunday,October,2040,2040-Oct,7,281,42,2040-W42,2040-09-30,41,2040-W41,2040-10-01,Non-Holiday,Weekend
5395,2040-10-08,5395,178,Monday,October,2040,2040-Oct,8,282,42,2040-W42,2040-10-07,42,2040-W42,2040-10-08,Non-Holiday,Weekday
5396,2040-10-09,5396,178,Tuesday,October,2040,2040-Oct,9,283,42,2040-W42,2040-10-07,42,2040-W42,2040-10-08,Non-Holiday,Weekday
5397,2040-10-10,5397,178,Wednesday,October,2040,2040-Oct,10,284,42,2040-W42,2040-10-07,42,2040-W42,2040-10-08,Non-Holiday,Weekday
5398,2040-10-11,5398,178,Thursday,October,2040,2040-Oct,11,285,42,2040-W42,2040-10-07,42,2040-W42,2040-10-08,Non-Holiday,Weekday
5399,2040-10-12,5399,178,Friday,October,2040,2040-Oct,12,286,42,2040-W42,2040-10-07,42,2040-W42,2040-10-08,Non-Holiday,Weekday
5400,2040-10-13,5400,178,Saturday,October,2040,2040-Oct,13,287,42,2040-W42,2040-10-07,42,2040-W42,2040-10-08,Non-Holiday,Weekend
5401,2040-10-14,5401,178,Sunday,October,2040,2040-Oct,14,288,43,2040-W43,2040-10-07,42,2040-W42,2040-10-08,Non-Holiday,Weekend
5402,2040-10-15,5402,178,Monday,October,2040,2040-Oct,15,289,43,2040-W43,2040-10-14,43,2040-W43,2040-10-15,Non-Holiday,Weekday
5403,2040-10-16,5403,178,Tuesday,October,2040,2040-Oct,16,290,43,2040-W43,2040-10-14,43,2040-W43,2040-10-15,Non-Holiday,Weekday
5404,2040-10-17,5404,178,Wednesday,October,2040,2040-Oct,17,291,43,2040-W43,2040-10-14,43,2040-W43,2040-10-15,Non-Holiday,Weekday
5405,2040-10-18,5405,178,Thursday,October,2040,2040-Oct,18,292,43,2040-W43,2040-10-14,43,2040-W43,2040-10-15,Non-Holiday,Weekday
5406,2040-10-19,5406,178,Friday,October,2040,2040-Oct,19,293,43,2040-W43,2040-10-14,43,2040-W43,2040-10-15,Non-Holiday,Weekday
5407,2040-10-20,5407,178,Saturday,October,2040,2040-Oct,20,294,43,2040-W43,2040-10-14,43,2040-W43,2040-10-15,Non-Holiday,Weekend
5408,2040-10-21,5408,178,Sunday,October,2040,2040-Oct,21,295,44,2040-W44,2040-10-14,43,2040-W43,2040-10-15,Non-Holiday,Weekend
5409,2040-10-22,5409,178,Monday,October,2040,2040-Oct,22,296,44,2040-W44,2040-10-21,44,2040-W44,2040-10-22,Non-Holiday,Weekday
5410,2040-10-23,5410,178,Tuesday,October,2040,2040-Oct,23,297,44,2040-W44,2040-10-21,44,2040-W44,2040-10-22,Non-Holiday,Weekday
5411,2040-10-24,5411,178,Wednesday,October,2040,2040-Oct,24,298,44,2040-W44,2040-10-21,44,2040-W44,2040-10-22,Non-Holiday,Weekday
5412,2040-10-25,5412,178,Thursday,October,2040,2040-Oct,25,299,44,2040-W44,2040-10-21,44,2040-W44,2040-10-22,Non-Holiday,Weekday
5413,2040-10-26,5413,178,Friday,October,2040,2040-Oct,26,300,44,2040-W44,2040-10-21,44,2040-W44,2040-10-22,Non-Holiday,Weekday
5414,2040-10-27,5414,178,Saturday,October,2040,2040-Oct,27,301,44,2040-W44,2040-10-21,44,2040-W44,2040-10-22,Non-Holiday,Weekend
5415,2040-10-28,5415,178,Sunday,October,2040,2040-Oct,28,302,45,2040-W45,2040-10-21,44,2040-W44,2040-10-22,Non-Holiday,Weekend
5416,2040-10-29,5416,178,Monday,October,2040,2040-Oct,29,303,45,2040-W45,2040-10-28,45,2040-W45,2040-10-29,Non-Holiday,Weekday
5417,2040-10-30,5417,178,Tuesday,October,2040,2040-Oct,30,304,45,2040-W45,2040-10-28,45,2040-W45,2040-10-29,Non-Holiday,Weekday
5418,2040-10-31,5418,178,Wednesday,October,2040,2040-Oct,31,305,45,2040-W45,2040-10-28,45,2040-W45,2040-10-29,Non-Holiday,Weekday
5419,2040-11-01,5419,179,Thursday,November,2040,2040-Nov,1,306,45,2040-W45,2040-10-28,45,2040-W45,2040-10-29,Non-Holiday,Weekday
5420,2040-11-02,5420,179,Friday,November,2040,2040-Nov,2,307,45,2040-W45,2040-10-28,45,2040-W45,2040-10-29,Non-Holiday,Weekday
5421,2040-11-03,5421,179,Saturday,November,2040,2040-Nov,3,308,45,2040-W45,2040-10-28,45,2040-W45,2040-10-29,Non-Holiday,Weekend
5422,2040-11-04,5422,179,Sunday,November,2040,2040-Nov,4,309,46,2040-W46,2040-10-28,45,2040-W45,2040-10-29,Non-Holiday,Weekend
5423,2040-11-05,5423,179,Monday,November,2040,2040-Nov,5,310,46,2040-W46,2040-11-04,46,2040-W46,2040-11-05,Non-Holiday,Weekday
5424,2040-11-06,5424,179,Tuesday,November,2040,2040-Nov,6,311,46,2040-W46,2040-11-04,46,2040-W46,2040-11-05,Non-Holiday,Weekday
5425,2040-11-07,5425,179,Wednesday,November,2040,2040-Nov,7,312,46,2040-W46,2040-11-04,46,2040-W46,2040-11-05,Non-Holiday,Weekday
5426,2040-11-08,5426,179,Thursday,November,2040,2040-Nov,8,313,46,2040-W46,2040-11-04,46,2040-W46,2040-11-05,Non-Holiday,Weekday
5427,2040-11-09,5427,179,Friday,November,2040,2040-Nov,9,314,46,2040-W46,2040-11-04,46,2040-W46,2040-11-05,Non-Holiday,Weekday
5428,2040-11-10,5428,179,Saturday,November,2040,2040-Nov,10,315,46,2040-W46,2040-11-04,46,2040-W46,2040-11-05,Non-Holiday,Weekend
5429,2040-11-11,5429,179,Sunday,November,2040,2040-Nov,11,316,47,2040-W47,2040-11-04,46,2040-W46,2040-11-05,Non-Holiday,Weekend
5430,2040-11-12,5430,179,Monday,November,2040,2040-Nov,12,317,47,2040-W47,2040-11-11,47,2040-W47,2040-11-12,Non-Holiday,Weekday
5431,2040-11-13,5431,179,Tuesday,November,2040,2040-Nov,13,318,47,2040-W47,2040-11-11,47,2040-W47,2040-11-12,Non-Holiday,Weekday
5432,2040-11-14,5432,179,Wednesday,November,2040,2040-Nov,14,319,47,2040-W47,2040-11-11,47,2040-W47,2040-11-12,Non-Holiday,Weekday
5433,2040-11-15,5433,179,Thursday,November,2040,2040-Nov,15,320,47,2040-W47,2040-11-11,47,2040-W47,2040-11-12,Non-Holiday,Weekday
5434,2040-11-16,5434,179,Friday,November,2040,2040-Nov,16,321,47,2040-W47,2040-11-11,47,2040-W47,2040-11-12,Non-Holiday,Weekday
5435,2040-11-17,5435,179,Saturday,November,2040,2040-Nov,17,322,47,2040-W47,2040-11-11,47,2040-W47,2040-11-12,Non-Holiday,Weekend
5436,2040-11-18,5436,179,Sunday,November,2040,2040-Nov,18,323,48,2040-W48,2040-11-11,47,2040-W47,2040-11-12,Non-Holiday,Weekend
5437,2040-11-19,5437,179,Monday,November,2040,2040-Nov,19,324,48,2040-W48,2040-11-18,48,2040-W48,2040-11-19,Non-Holiday,Weekday
5438,2040-11-20,5438,179,Tuesday,November,2040,2040-Nov,20,325,48,2040-W48,2040-11-18,48,2040-W48,2040-11-19,Non-Holiday,Weekday
5439,2040-11-21,5439,179,Wednesday,November,2040,2040-Nov,21,326,48,2040-W48,2040-11-18,48,2040-W48,2040-11-19,Non-Holiday,Weekday
5440,2040-11-22,5440,179,Thursday,November,2040,2040-Nov,22,327,48,2040-W48,2040-11-18,48,2040-W48,2040-11-19,Non-Holiday,Weekday
5441,2040-11-23,5441,179,Friday,November,2040,2040-Nov,23,328,48,2040-W48,2040-11-18,48,2040-W48,2040-11-19,Non-Holiday,Weekday
5442,2040-11-24,5442,179,Saturday,November,2040,2040-Nov,24,329,48,2040-W48,2040-11-18,48,2040-W48,2040-11-19,Non-Holiday,Weekend
5443,2040-11-25,5443,179,Sunday,November,2040,2040-Nov,25,330,49,2040-W49,2040-11-18,48,2040-W48,2040-11-19,Non-Holiday,Weekend
5444,2040-11-26,5444,179,Monday,November,2040,2040-Nov,26,331,49,2040-W49,2040-11-25,49,2040-W49,2040-11-26,Non-Holiday,Weekday
5445,2040-11-27,5445,179,Tuesday,November,2040,2040-Nov,27,332,49,2040-W49,2040-11-25,49,2040-W49,2040-11-26,Non-Holiday,Weekday
5446,2040-11-28,5446,179,Wednesday,November,2040,2040-Nov,28,333,49,2040-W49,2040-11-25,49,2040-W49,2040-11-26,Non-Holiday,Weekday
5447,2040-11-29,5447,179,Thursday,November,2040,2040-Nov,29,334,49,2040-W49,2040-11-25,49,2040-W49,2040-11-26,Non-Holiday,Weekday
5448,2040-11-30,5448,179,Friday,November,2040,2040-Nov,30,335,49,2040-W49,2040-11-25,49,2040-W49,2040-11-26,Non-Holiday,Weekday
5449,2040-12-01,5449,180,Saturday,December,2040,2040-Dec,1,336,49,2040-W49,2040-11-25,49,2040-W49,2040-11-26,Non-Holiday,Weekend
5450,2040-12-02,5450,180,Sunday,December,2040,2040-Dec,2,337,50,2040-W50,2040-11-25,49,2040-W49,2040-11-26,Non-Holiday,Weekend
5451,2040-12-03,5451,180,Monday,December,2040,2040-Dec,3,338,50,2040-W50,2040-12-02,50,2040-W50,2040-12-03,Non-Holiday,Weekday
5452,2040-12-04,5452,180,Tuesday,December,2040,2040-Dec,4,339,50,2040-W50,2040-12-02,50,2040-W50,2040-12-03,Non-Holiday,Weekday
5453,2040-12-05,5453,180,Wednesday,December,2040,2040-Dec,5,340,50,2040-W50,2040-12-02,50,2040-W50,2040-12-03,Non-Holiday,Weekday
5454,2040-12-06,5454,180,Thursday,December,2040,2040-Dec,6,341,50,2040-W50,2040-12-02,50,2040-W50,2040-12-03,Non-Holiday,Weekday
5455,2040-12-07,5455,180,Friday,December,2040,2040-Dec,7,342,50,2040-W50,2040-12-02,50,2040-W50,2040-12-03,Non-Holiday,Weekday
5456,2040-12-08,5456,180,Saturday,December,2040,2040-Dec,8,343,50,2040-W50,2040-12-02,50,2040-W50,2040-12-03,Non-Holiday,Weekend
5457,2040-12-09,5457,180,Sunday,December,2040,2040-Dec,9,344,51,2040-W51,2040-12-02,50,2040-W50,2040-12-03,Non-Holiday,Weekend
5458,2040-12-10,5458,180,Monday,December,2040,2040-Dec,10,345,51,2040-W51,2040-12-09,51,2040-W51,2040-12-10,Non-Holiday,Weekday
5459,2040-12-11,5459,180,Tuesday,December,2040,2040-Dec,11,346,51,2040-W51,2040-12-09,51,2040-W51,2040-12-10,Non-Holiday,Weekday
5460,2040-12-12,5460,180,Wednesday,December,2040,2040-Dec,12,347,51,2040-W51,2040-12-09,51,2040-W51,2040-12-10,Non-Holiday,Weekday
5461,2040-12-13,5461,180,Thursday,December,2040,2040-Dec,13,348,51,2040-W51,2040-12-09,51,2040-W51,2040-12-10,Non-Holiday,Weekday
5462,2040-12-14,5462,180,Friday,December,2040,2040-Dec,14,349,51,2040-W51,2040-12-09,51,2040-W51,2040-12-10,Non-Holiday,Weekday
5463,2040-12-15,5463,180,Saturday,December,2040,2040-Dec,15,350,51,2040-W51,2040-12-09,51,2040-W51,2040-12-10,Non-Holiday,Weekend
5464,2040-12-16,5464,180,Sunday,December,2040,2040-Dec,16,351,52,2040-W52,2040-12-09,51,2040-W51,2040-12-10,Non-Holiday,Weekend
5465,2040-12-17,5465,180,Monday,December,2040,2040-Dec,17,352,52,2040-W52,2040-12-16,52,2040-W52,2040-12-17,Non-Holiday,Weekday
5466,2040-12-18,5466,180,Tuesday,December,2040,2040-Dec,18,353,52,2040-W52,2040-12-16,52,2040-W52,2040-12-17,Non-Holiday,Weekday
5467,2040-12-19,5467,180,Wednesday,December,2040,2040-Dec,19,354,52,2040-W52,2040-12-16,52,2040-W52,2040-12-17,Non-Holiday,Weekday
5468,2040-12-20,5468,180,Thursday,December,2040,2040-Dec,20,355,52,2040-W52,2040-12-16,52,2040-W52,2040-12-17,Non-Holiday,Weekday
5469,2040-12-21,5469,180,Friday,December,2040,2040-Dec,21,356,52,2040-W52,2040-12-16,52,2040-W52,2040-12-17,Non-Holiday,Weekday
5470,2040-12-22,5470,180,Saturday,December,2040,2040-Dec,22,357,52,2040-W52,2040-12-16,52,2040-W52,2040-12-17,Non-Holiday,Weekend
5471,2040-12-23,5471,180,Sunday,December,2040,2040-Dec,23,358,53,2040-W53,2040-12-16,52,2040-W52,2040-12-17,Non-Holiday,Weekend
5472,2040-12-24,5472,180,Monday,December,2040,2040-Dec,24,359,53,2040-W53,2040-12-23,53,2040-W53,2040-12-24,Non-Holiday,Weekday
5473,2040-12-25,5473,180,Tuesday,December,2040,2040-Dec,25,360,53,2040-W53,2040-12-23,53,2040-W53,2040-12-24,Non-Holiday,Weekday
5474,2040-12-26,5474,180,Wednesday,December,2040,2040-Dec,26,361,53,2040-W53,2040-12-23,53,2040-W53,2040-12-24,Non-Holiday,Weekday
5475,2040-12-27,5475,180,Thursday,December,2040,2040-Dec,27,362,53,2040-W53,2040-12-23,53,2040-W53,2040-12-24,Non-Holiday,Weekday
5476,2040-12-28,5476,180,Friday,December,2040,2040-Dec,28,363,53,2040-W53,2040-12-23,53,2040-W53,2040-12-24,Non-Holiday,Weekday
5477,2040-12-29,5477,180,Saturday,December,2040,2040-Dec,29,364,53,2040-W53,2040-12-23,53,2040-W53,2040-12-24,Non-Holiday,Weekend
5478,2040-12-30,5478,180,Sunday,December,2040,2040-Dec,30,365,54,2040-W54,2040-12-23,53,2040-W53,2040-12-24,Non-Holiday,Weekend
5479,2040-12-31,5479,180,Monday,December,2040,2040-Dec,31,366,54,2040-W54,2040-12-30,54,2040-W54,2040-12-31,Non-Holiday,Weekday
5480,2041-01-01,5480,181,Tuesday,January,2041,2041-Jan,1,1,1,2041-W01,2040-12-30,1,2041-W01,2040-12-31,Non-Holiday,Weekday
5481,2041-01-02,5481,181,Wednesday,January,2041,2041-Jan,2,2,1,2041-W01,2040-12-30,1,2041-W01,2040-12-31,Non-Holiday,Weekday
5482,2041-01-03,5482,181,Thursday,January,2041,2041-Jan,3,3,1,2041-W01,2040-12-30,1,2041-W01,2040-12-31,Non-Holiday,Weekday
5483,2041-01-04,5483,181,Friday,January,2041,2041-Jan,4,4,1,2041-W01,2040-12-30,1,2041-W01,2040-12-31,Non-Holiday,Weekday
5484,2041-01-05,5484,181,Saturday,January,2041,2041-Jan,5,5,1,2041-W01,2040-12-30,1,2041-W01,2040-12-31,Non-Holiday,Weekend
5485,2041-01-06,5485,181,Sunday,January,2041,2041-Jan,6,6,2,2041-W02,2040-12-30,1,2041-W01,2040-12-31,Non-Holiday,Weekend
5486,2041-01-07,5486,181,Monday,January,2041,2041-Jan,7,7,2,2041-W02,2041-01-06,2,2041-W02,2041-01-07,Non-Holiday,Weekday
5487,2041-01-08,5487,181,Tuesday,January,2041,2041-Jan,8,8,2,2041-W02,2041-01-06,2,2041-W02,2041-01-07,Non-Holiday,Weekday
5488,2041-01-09,5488,181,Wednesday,January,2041,2041-Jan,9,9,2,2041-W02,2041-01-06,2,2041-W02,2041-01-07,Non-Holiday,Weekday
5489,2041-01-10,5489,181,Thursday,January,2041,2041-Jan,10,10,2,2041-W02,2041-01-06,2,2041-W02,2041-01-07,Non-Holiday,Weekday
5490,2041-01-11,5490,181,Friday,January,2041,2041-Jan,11,11,2,2041-W02,2041-01-06,2,2041-W02,2041-01-07,Non-Holiday,Weekday
5491,2041-01-12,5491,181,Saturday,January,2041,2041-Jan,12,12,2,2041-W02,2041-01-06,2,2041-W02,2041-01-07,Non-Holiday,Weekend
5492,2041-01-13,5492,181,Sunday,January,2041,2041-Jan,13,13,3,2041-W03,2041-01-06,2,2041-W02,2041-01-07,Non-Holiday,Weekend
5493,2041-01-14,5493,181,Monday,January,2041,2041-Jan,14,14,3,2041-W03,2041-01-13,3,2041-W03,2041-01-14,Non-Holiday,Weekday
5494,2041-01-15,5494,181,Tuesday,January,2041,2041-Jan,15,15,3,2041-W03,2041-01-13,3,2041-W03,2041-01-14,Non-Holiday,Weekday
5495,2041-01-16,5495,181,Wednesday,January,2041,2041-Jan,16,16,3,2041-W03,2041-01-13,3,2041-W03,2041-01-14,Non-Holiday,Weekday
5496,2041-01-17,5496,181,Thursday,January,2041,2041-Jan,17,17,3,2041-W03,2041-01-13,3,2041-W03,2041-01-14,Non-Holiday,Weekday
5497,2041-01-18,5497,181,Friday,January,2041,2041-Jan,18,18,3,2041-W03,2041-01-13,3,2041-W03,2041-01-14,Non-Holiday,Weekday
5498,2041-01-19,5498,181,Saturday,January,2041,2041-Jan,19,19,3,2041-W03,2041-01-13,3,2041-W03,2041-01-14,Non-Holiday,Weekend
5499,2041-01-20,5499,181,Sunday,January,2041,2041-Jan,20,20,4,2041-W04,2041-01-13,3,2041-W03,2041-01-14,Non-Holiday,Weekend
5500,2041-01-21,5500,181,Monday,January,2041,2041-Jan,21,21,4,2041-W04,2041-01-20,4,2041-W04,2041-01-21,Non-Holiday,Weekday
5501,2041-01-22,5501,181,Tuesday,January,2041,2041-Jan,22,22,4,2041-W04,2041-01-20,4,2041-W04,2041-01-21,Non-Holiday,Weekday
5502,2041-01-23,5502,181,Wednesday,January,2041,2041-Jan,23,23,4,2041-W04,2041-01-20,4,2041-W04,2041-01-21,Non-Holiday,Weekday
5503,2041-01-24,5503,181,Thursday,January,2041,2041-Jan,24,24,4,2041-W04,2041-01-20,4,2041-W04,2041-01-21,Non-Holiday,Weekday
5504,2041-01-25,5504,181,Friday,January,2041,2041-Jan,25,25,4,2041-W04,2041-01-20,4,2041-W04,2041-01-21,Non-Holiday,Weekday
5505,2041-01-26,5505,181,Saturday,January,2041,2041-Jan,26,26,4,2041-W04,2041-01-20,4,2041-W04,2041-01-21,Non-Holiday,Weekend
5506,2041-01-27,5506,181,Sunday,January,2041,2041-Jan,27,27,5,2041-W05,2041-01-20,4,2041-W04,2041-01-21,Non-Holiday,Weekend
5507,2041-01-28,5507,181,Monday,January,2041,2041-Jan,28,28,5,2041-W05,2041-01-27,5,2041-W05,2041-01-28,Non-Holiday,Weekday
5508,2041-01-29,5508,181,Tuesday,January,2041,2041-Jan,29,29,5,2041-W05,2041-01-27,5,2041-W05,2041-01-28,Non-Holiday,Weekday
5509,2041-01-30,5509,181,Wednesday,January,2041,2041-Jan,30,30,5,2041-W05,2041-01-27,5,2041-W05,2041-01-28,Non-Holiday,Weekday
5510,2041-01-31,5510,181,Thursday,January,2041,2041-Jan,31,31,5,2041-W05,2041-01-27,5,2041-W05,2041-01-28,Non-Holiday,Weekday
5511,2041-02-01,5511,182,Friday,February,2041,2041-Feb,1,32,5,2041-W05,2041-01-27,5,2041-W05,2041-01-28,Non-Holiday,Weekday
5512,2041-02-02,5512,182,Saturday,February,2041,2041-Feb,2,33,5,2041-W05,2041-01-27,5,2041-W05,2041-01-28,Non-Holiday,Weekend
5513,2041-02-03,5513,182,Sunday,February,2041,2041-Feb,3,34,6,2041-W06,2041-01-27,5,2041-W05,2041-01-28,Non-Holiday,Weekend
5514,2041-02-04,5514,182,Monday,February,2041,2041-Feb,4,35,6,2041-W06,2041-02-03,6,2041-W06,2041-02-04,Non-Holiday,Weekday
5515,2041-02-05,5515,182,Tuesday,February,2041,2041-Feb,5,36,6,2041-W06,2041-02-03,6,2041-W06,2041-02-04,Non-Holiday,Weekday
5516,2041-02-06,5516,182,Wednesday,February,2041,2041-Feb,6,37,6,2041-W06,2041-02-03,6,2041-W06,2041-02-04,Non-Holiday,Weekday
5517,2041-02-07,5517,182,Thursday,February,2041,2041-Feb,7,38,6,2041-W06,2041-02-03,6,2041-W06,2041-02-04,Non-Holiday,Weekday
5518,2041-02-08,5518,182,Friday,February,2041,2041-Feb,8,39,6,2041-W06,2041-02-03,6,2041-W06,2041-02-04,Non-Holiday,Weekday
5519,2041-02-09,5519,182,Saturday,February,2041,2041-Feb,9,40,6,2041-W06,2041-02-03,6,2041-W06,2041-02-04,Non-Holiday,Weekend
5520,2041-02-10,5520,182,Sunday,February,2041,2041-Feb,10,41,7,2041-W07,2041-02-03,6,2041-W06,2041-02-04,Non-Holiday,Weekend
5521,2041-02-11,5521,182,Monday,February,2041,2041-Feb,11,42,7,2041-W07,2041-02-10,7,2041-W07,2041-02-11,Non-Holiday,Weekday
5522,2041-02-12,5522,182,Tuesday,February,2041,2041-Feb,12,43,7,2041-W07,2041-02-10,7,2041-W07,2041-02-11,Non-Holiday,Weekday
5523,2041-02-13,5523,182,Wednesday,February,2041,2041-Feb,13,44,7,2041-W07,2041-02-10,7,2041-W07,2041-02-11,Non-Holiday,Weekday
5524,2041-02-14,5524,182,Thursday,February,2041,2041-Feb,14,45,7,2041-W07,2041-02-10,7,2041-W07,2041-02-11,Non-Holiday,Weekday
5525,2041-02-15,5525,182,Friday,February,2041,2041-Feb,15,46,7,2041-W07,2041-02-10,7,2041-W07,2041-02-11,Non-Holiday,Weekday
5526,2041-02-16,5526,182,Saturday,February,2041,2041-Feb,16,47,7,2041-W07,2041-02-10,7,2041-W07,2041-02-11,Non-Holiday,Weekend
5527,2041-02-17,5527,182,Sunday,February,2041,2041-Feb,17,48,8,2041-W08,2041-02-10,7,2041-W07,2041-02-11,Non-Holiday,Weekend
5528,2041-02-18,5528,182,Monday,February,2041,2041-Feb,18,49,8,2041-W08,2041-02-17,8,2041-W08,2041-02-18,Non-Holiday,Weekday
5529,2041-02-19,5529,182,Tuesday,February,2041,2041-Feb,19,50,8,2041-W08,2041-02-17,8,2041-W08,2041-02-18,Non-Holiday,Weekday
5530,2041-02-20,5530,182,Wednesday,February,2041,2041-Feb,20,51,8,2041-W08,2041-02-17,8,2041-W08,2041-02-18,Non-Holiday,Weekday
5531,2041-02-21,5531,182,Thursday,February,2041,2041-Feb,21,52,8,2041-W08,2041-02-17,8,2041-W08,2041-02-18,Non-Holiday,Weekday
5532,2041-02-22,5532,182,Friday,February,2041,2041-Feb,22,53,8,2041-W08,2041-02-17,8,2041-W08,2041-02-18,Non-Holiday,Weekday
5533,2041-02-23,5533,182,Saturday,February,2041,2041-Feb,23,54,8,2041-W08,2041-02-17,8,2041-W08,2041-02-18,Non-Holiday,Weekend
5534,2041-02-24,5534,182,Sunday,February,2041,2041-Feb,24,55,9,2041-W09,2041-02-17,8,2041-W08,2041-02-18,Non-Holiday,Weekend
5535,2041-02-25,5535,182,Monday,February,2041,2041-Feb,25,56,9,2041-W09,2041-02-24,9,2041-W09,2041-02-25,Non-Holiday,Weekday
5536,2041-02-26,5536,182,Tuesday,February,2041,2041-Feb,26,57,9,2041-W09,2041-02-24,9,2041-W09,2041-02-25,Non-Holiday,Weekday
5537,2041-02-27,5537,182,Wednesday,February,2041,2041-Feb,27,58,9,2041-W09,2041-02-24,9,2041-W09,2041-02-25,Non-Holiday,Weekday
5538,2041-02-28,5538,182,Thursday,February,2041,2041-Feb,28,59,9,2041-W09,2041-02-24,9,2041-W09,2041-02-25,Non-Holiday,Weekday
5539,2041-03-01,5539,183,Friday,March,2041,2041-Mar,1,60,9,2041-W09,2041-02-24,9,2041-W09,2041-02-25,Non-Holiday,Weekday
5540,2041-03-02,5540,183,Saturday,March,2041,2041-Mar,2,61,9,2041-W09,2041-02-24,9,2041-W09,2041-02-25,Non-Holiday,Weekend
5541,2041-03-03,5541,183,Sunday,March,2041,2041-Mar,3,62,10,2041-W10,2041-02-24,9,2041-W09,2041-02-25,Non-Holiday,Weekend
5542,2041-03-04,5542,183,Monday,March,2041,2041-Mar,4,63,10,2041-W10,2041-03-03,10,2041-W10,2041-03-04,Non-Holiday,Weekday
5543,2041-03-05,5543,183,Tuesday,March,2041,2041-Mar,5,64,10,2041-W10,2041-03-03,10,2041-W10,2041-03-04,Non-Holiday,Weekday
5544,2041-03-06,5544,183,Wednesday,March,2041,2041-Mar,6,65,10,2041-W10,2041-03-03,10,2041-W10,2041-03-04,Non-Holiday,Weekday
5545,2041-03-07,5545,183,Thursday,March,2041,2041-Mar,7,66,10,2041-W10,2041-03-03,10,2041-W10,2041-03-04,Non-Holiday,Weekday
5546,2041-03-08,5546,183,Friday,March,2041,2041-Mar,8,67,10,2041-W10,2041-03-03,10,2041-W10,2041-03-04,Non-Holiday,Weekday
5547,2041-03-09,5547,183,Saturday,March,2041,2041-Mar,9,68,10,2041-W10,2041-03-03,10,2041-W10,2041-03-04,Non-Holiday,Weekend
5548,2041-03-10,5548,183,Sunday,March,2041,2041-Mar,10,69,11,2041-W11,2041-03-03,10,2041-W10,2041-03-04,Non-Holiday,Weekend
5549,2041-03-11,5549,183,Monday,March,2041,2041-Mar,11,70,11,2041-W11,2041-03-10,11,2041-W11,2041-03-11,Non-Holiday,Weekday
5550,2041-03-12,5550,183,Tuesday,March,2041,2041-Mar,12,71,11,2041-W11,2041-03-10,11,2041-W11,2041-03-11,Non-Holiday,Weekday
5551,2041-03-13,5551,183,Wednesday,March,2041,2041-Mar,13,72,11,2041-W11,2041-03-10,11,2041-W11,2041-03-11,Non-Holiday,Weekday
5552,2041-03-14,5552,183,Thursday,March,2041,2041-Mar,14,73,11,2041-W11,2041-03-10,11,2041-W11,2041-03-11,Non-Holiday,Weekday
5553,2041-03-15,5553,183,Friday,March,2041,2041-Mar,15,74,11,2041-W11,2041-03-10,11,2041-W11,2041-03-11,Non-Holiday,Weekday
5554,2041-03-16,5554,183,Saturday,March,2041,2041-Mar,16,75,11,2041-W11,2041-03-10,11,2041-W11,2041-03-11,Non-Holiday,Weekend
5555,2041-03-17,5555,183,Sunday,March,2041,2041-Mar,17,76,12,2041-W12,2041-03-10,11,2041-W11,2041-03-11,Non-Holiday,Weekend
5556,2041-03-18,5556,183,Monday,March,2041,2041-Mar,18,77,12,2041-W12,2041-03-17,12,2041-W12,2041-03-18,Non-Holiday,Weekday
5557,2041-03-19,5557,183,Tuesday,March,2041,2041-Mar,19,78,12,2041-W12,2041-03-17,12,2041-W12,2041-03-18,Non-Holiday,Weekday
5558,2041-03-20,5558,183,Wednesday,March,2041,2041-Mar,20,79,12,2041-W12,2041-03-17,12,2041-W12,2041-03-18,Non-Holiday,Weekday
5559,2041-03-21,5559,183,Thursday,March,2041,2041-Mar,21,80,12,2041-W12,2041-03-17,12,2041-W12,2041-03-18,Non-Holiday,Weekday
5560,2041-03-22,5560,183,Friday,March,2041,2041-Mar,22,81,12,2041-W12,2041-03-17,12,2041-W12,2041-03-18,Non-Holiday,Weekday
5561,2041-03-23,5561,183,Saturday,March,2041,2041-Mar,23,82,12,2041-W12,2041-03-17,12,2041-W12,2041-03-18,Non-Holiday,Weekend
5562,2041-03-24,5562,183,Sunday,March,2041,2041-Mar,24,83,13,2041-W13,2041-03-17,12,2041-W12,2041-03-18,Non-Holiday,Weekend
5563,2041-03-25,5563,183,Monday,March,2041,2041-Mar,25,84,13,2041-W13,2041-03-24,13,2041-W13,2041-03-25,Non-Holiday,Weekday
5564,2041-03-26,5564,183,Tuesday,March,2041,2041-Mar,26,85,13,2041-W13,2041-03-24,13,2041-W13,2041-03-25,Non-Holiday,Weekday
5565,2041-03-27,5565,183,Wednesday,March,2041,2041-Mar,27,86,13,2041-W13,2041-03-24,13,2041-W13,2041-03-25,Non-Holiday,Weekday
5566,2041-03-28,5566,183,Thursday,March,2041,2041-Mar,28,87,13,2041-W13,2041-03-24,13,2041-W13,2041-03-25,Non-Holiday,Weekday
5567,2041-03-29,5567,183,Friday,March,2041,2041-Mar,29,88,13,2041-W13,2041-03-24,13,2041-W13,2041-03-25,Non-Holiday,Weekday
5568,2041-03-30,5568,183,Saturday,March,2041,2041-Mar,30,89,13,2041-W13,2041-03-24,13,2041-W13,2041-03-25,Non-Holiday,Weekend
5569,2041-03-31,5569,183,Sunday,March,2041,2041-Mar,31,90,14,2041-W14,2041-03-24,13,2041-W13,2041-03-25,Non-Holiday,Weekend
5570,2041-04-01,5570,184,Monday,April,2041,2041-Apr,1,91,14,2041-W14,2041-03-31,14,2041-W14,2041-04-01,Non-Holiday,Weekday
5571,2041-04-02,5571,184,Tuesday,April,2041,2041-Apr,2,92,14,2041-W14,2041-03-31,14,2041-W14,2041-04-01,Non-Holiday,Weekday
5572,2041-04-03,5572,184,Wednesday,April,2041,2041-Apr,3,93,14,2041-W14,2041-03-31,14,2041-W14,2041-04-01,Non-Holiday,Weekday
5573,2041-04-04,5573,184,Thursday,April,2041,2041-Apr,4,94,14,2041-W14,2041-03-31,14,2041-W14,2041-04-01,Non-Holiday,Weekday
5574,2041-04-05,5574,184,Friday,April,2041,2041-Apr,5,95,14,2041-W14,2041-03-31,14,2041-W14,2041-04-01,Non-Holiday,Weekday
5575,2041-04-06,5575,184,Saturday,April,2041,2041-Apr,6,96,14,2041-W14,2041-03-31,14,2041-W14,2041-04-01,Non-Holiday,Weekend
5576,2041-04-07,5576,184,Sunday,April,2041,2041-Apr,7,97,15,2041-W15,2041-03-31,14,2041-W14,2041-04-01,Non-Holiday,Weekend
5577,2041-04-08,5577,184,Monday,April,2041,2041-Apr,8,98,15,2041-W15,2041-04-07,15,2041-W15,2041-04-08,Non-Holiday,Weekday
5578,2041-04-09,5578,184,Tuesday,April,2041,2041-Apr,9,99,15,2041-W15,2041-04-07,15,2041-W15,2041-04-08,Non-Holiday,Weekday
5579,2041-04-10,5579,184,Wednesday,April,2041,2041-Apr,10,100,15,2041-W15,2041-04-07,15,2041-W15,2041-04-08,Non-Holiday,Weekday
5580,2041-04-11,5580,184,Thursday,April,2041,2041-Apr,11,101,15,2041-W15,2041-04-07,15,2041-W15,2041-04-08,Non-Holiday,Weekday
5581,2041-04-12,5581,184,Friday,April,2041,2041-Apr,12,102,15,2041-W15,2041-04-07,15,2041-W15,2041-04-08,Non-Holiday,Weekday
5582,2041-04-13,5582,184,Saturday,April,2041,2041-Apr,13,103,15,2041-W15,2041-04-07,15,2041-W15,2041-04-08,Non-Holiday,Weekend
5583,2041-04-14,5583,184,Sunday,April,2041,2041-Apr,14,104,16,2041-W16,2041-04-07,15,2041-W15,2041-04-08,Non-Holiday,Weekend
5584,2041-04-15,5584,184,Monday,April,2041,2041-Apr,15,105,16,2041-W16,2041-04-14,16,2041-W16,2041-04-15,Non-Holiday,Weekday
5585,2041-04-16,5585,184,Tuesday,April,2041,2041-Apr,16,106,16,2041-W16,2041-04-14,16,2041-W16,2041-04-15,Non-Holiday,Weekday
5586,2041-04-17,5586,184,Wednesday,April,2041,2041-Apr,17,107,16,2041-W16,2041-04-14,16,2041-W16,2041-04-15,Non-Holiday,Weekday
5587,2041-04-18,5587,184,Thursday,April,2041,2041-Apr,18,108,16,2041-W16,2041-04-14,16,2041-W16,2041-04-15,Non-Holiday,Weekday
5588,2041-04-19,5588,184,Friday,April,2041,2041-Apr,19,109,16,2041-W16,2041-04-14,16,2041-W16,2041-04-15,Non-Holiday,Weekday
5589,2041-04-20,5589,184,Saturday,April,2041,2041-Apr,20,110,16,2041-W16,2041-04-14,16,2041-W16,2041-04-15,Non-Holiday,Weekend
5590,2041-04-21,5590,184,Sunday,April,2041,2041-Apr,21,111,17,2041-W17,2041-04-14,16,2041-W16,2041-04-15,Non-Holiday,Weekend
5591,2041-04-22,5591,184,Monday,April,2041,2041-Apr,22,112,17,2041-W17,2041-04-21,17,2041-W17,2041-04-22,Non-Holiday,Weekday
5592,2041-04-23,5592,184,Tuesday,April,2041,2041-Apr,23,113,17,2041-W17,2041-04-21,17,2041-W17,2041-04-22,Non-Holiday,Weekday
5593,2041-04-24,5593,184,Wednesday,April,2041,2041-Apr,24,114,17,2041-W17,2041-04-21,17,2041-W17,2041-04-22,Non-Holiday,Weekday
5594,2041-04-25,5594,184,Thursday,April,2041,2041-Apr,25,115,17,2041-W17,2041-04-21,17,2041-W17,2041-04-22,Non-Holiday,Weekday
5595,2041-04-26,5595,184,Friday,April,2041,2041-Apr,26,116,17,2041-W17,2041-04-21,17,2041-W17,2041-04-22,Non-Holiday,Weekday
5596,2041-04-27,5596,184,Saturday,April,2041,2041-Apr,27,117,17,2041-W17,2041-04-21,17,2041-W17,2041-04-22,Non-Holiday,Weekend
5597,2041-04-28,5597,184,Sunday,April,2041,2041-Apr,28,118,18,2041-W18,2041-04-21,17,2041-W17,2041-04-22,Non-Holiday,Weekend
5598,2041-04-29,5598,184,Monday,April,2041,2041-Apr,29,119,18,2041-W18,2041-04-28,18,2041-W18,2041-04-29,Non-Holiday,Weekday
5599,2041-04-30,5599,184,Tuesday,April,2041,2041-Apr,30,120,18,2041-W18,2041-04-28,18,2041-W18,2041-04-29,Non-Holiday,Weekday
5600,2041-05-01,5600,185,Wednesday,May,2041,2041-May,1,121,18,2041-W18,2041-04-28,18,2041-W18,2041-04-29,Non-Holiday,Weekday
5601,2041-05-02,5601,185,Thursday,May,2041,2041-May,2,122,18,2041-W18,2041-04-28,18,2041-W18,2041-04-29,Non-Holiday,Weekday
5602,2041-05-03,5602,185,Friday,May,2041,2041-May,3,123,18,2041-W18,2041-04-28,18,2041-W18,2041-04-29,Non-Holiday,Weekday
5603,2041-05-04,5603,185,Saturday,May,2041,2041-May,4,124,18,2041-W18,2041-04-28,18,2041-W18,2041-04-29,Non-Holiday,Weekend
5604,2041-05-05,5604,185,Sunday,May,2041,2041-May,5,125,19,2041-W19,2041-04-28,18,2041-W18,2041-04-29,Non-Holiday,Weekend
5605,2041-05-06,5605,185,Monday,May,2041,2041-May,6,126,19,2041-W19,2041-05-05,19,2041-W19,2041-05-06,Non-Holiday,Weekday
5606,2041-05-07,5606,185,Tuesday,May,2041,2041-May,7,127,19,2041-W19,2041-05-05,19,2041-W19,2041-05-06,Non-Holiday,Weekday
5607,2041-05-08,5607,185,Wednesday,May,2041,2041-May,8,128,19,2041-W19,2041-05-05,19,2041-W19,2041-05-06,Non-Holiday,Weekday
5608,2041-05-09,5608,185,Thursday,May,2041,2041-May,9,129,19,2041-W19,2041-05-05,19,2041-W19,2041-05-06,Non-Holiday,Weekday
5609,2041-05-10,5609,185,Friday,May,2041,2041-May,10,130,19,2041-W19,2041-05-05,19,2041-W19,2041-05-06,Non-Holiday,Weekday
5610,2041-05-11,5610,185,Saturday,May,2041,2041-May,11,131,19,2041-W19,2041-05-05,19,2041-W19,2041-05-06,Non-Holiday,Weekend
5611,2041-05-12,5611,185,Sunday,May,2041,2041-May,12,132,20,2041-W20,2041-05-05,19,2041-W19,2041-05-06,Non-Holiday,Weekend
5612,2041-05-13,5612,185,Monday,May,2041,2041-May,13,133,20,2041-W20,2041-05-12,20,2041-W20,2041-05-13,Non-Holiday,Weekday
5613,2041-05-14,5613,185,Tuesday,May,2041,2041-May,14,134,20,2041-W20,2041-05-12,20,2041-W20,2041-05-13,Non-Holiday,Weekday
5614,2041-05-15,5614,185,Wednesday,May,2041,2041-May,15,135,20,2041-W20,2041-05-12,20,2041-W20,2041-05-13,Non-Holiday,Weekday
5615,2041-05-16,5615,185,Thursday,May,2041,2041-May,16,136,20,2041-W20,2041-05-12,20,2041-W20,2041-05-13,Non-Holiday,Weekday
5616,2041-05-17,5616,185,Friday,May,2041,2041-May,17,137,20,2041-W20,2041-05-12,20,2041-W20,2041-05-13,Non-Holiday,Weekday
5617,2041-05-18,5617,185,Saturday,May,2041,2041-May,18,138,20,2041-W20,2041-05-12,20,2041-W20,2041-05-13,Non-Holiday,Weekend
5618,2041-05-19,5618,185,Sunday,May,2041,2041-May,19,139,21,2041-W21,2041-05-12,20,2041-W20,2041-05-13,Non-Holiday,Weekend
5619,2041-05-20,5619,185,Monday,May,2041,2041-May,20,140,21,2041-W21,2041-05-19,21,2041-W21,2041-05-20,Non-Holiday,Weekday
5620,2041-05-21,5620,185,Tuesday,May,2041,2041-May,21,141,21,2041-W21,2041-05-19,21,2041-W21,2041-05-20,Non-Holiday,Weekday
5621,2041-05-22,5621,185,Wednesday,May,2041,2041-May,22,142,21,2041-W21,2041-05-19,21,2041-W21,2041-05-20,Non-Holiday,Weekday
5622,2041-05-23,5622,185,Thursday,May,2041,2041-May,23,143,21,2041-W21,2041-05-19,21,2041-W21,2041-05-20,Non-Holiday,Weekday
5623,2041-05-24,5623,185,Friday,May,2041,2041-May,24,144,21,2041-W21,2041-05-19,21,2041-W21,2041-05-20,Non-Holiday,Weekday
5624,2041-05-25,5624,185,Saturday,May,2041,2041-May,25,145,21,2041-W21,2041-05-19,21,2041-W21,2041-05-20,Non-Holiday,Weekend
5625,2041-05-26,5625,185,Sunday,May,2041,2041-May,26,146,22,2041-W22,2041-05-19,21,2041-W21,2041-05-20,Non-Holiday,Weekend
5626,2041-05-27,5626,185,Monday,May,2041,2041-May,27,147,22,2041-W22,2041-05-26,22,2041-W22,2041-05-27,Non-Holiday,Weekday
5627,2041-05-28,5627,185,Tuesday,May,2041,2041-May,28,148,22,2041-W22,2041-05-26,22,2041-W22,2041-05-27,Non-Holiday,Weekday
5628,2041-05-29,5628,185,Wednesday,May,2041,2041-May,29,149,22,2041-W22,2041-05-26,22,2041-W22,2041-05-27,Non-Holiday,Weekday
5629,2041-05-30,5629,185,Thursday,May,2041,2041-May,30,150,22,2041-W22,2041-05-26,22,2041-W22,2041-05-27,Non-Holiday,Weekday
5630,2041-05-31,5630,185,Friday,May,2041,2041-May,31,151,22,2041-W22,2041-05-26,22,2041-W22,2041-05-27,Non-Holiday,Weekday
5631,2041-06-01,5631,186,Saturday,June,2041,2041-Jun,1,152,22,2041-W22,2041-05-26,22,2041-W22,2041-05-27,Non-Holiday,Weekend
5632,2041-06-02,5632,186,Sunday,June,2041,2041-Jun,2,153,23,2041-W23,2041-05-26,22,2041-W22,2041-05-27,Non-Holiday,Weekend
5633,2041-06-03,5633,186,Monday,June,2041,2041-Jun,3,154,23,2041-W23,2041-06-02,23,2041-W23,2041-06-03,Non-Holiday,Weekday
5634,2041-06-04,5634,186,Tuesday,June,2041,2041-Jun,4,155,23,2041-W23,2041-06-02,23,2041-W23,2041-06-03,Non-Holiday,Weekday
5635,2041-06-05,5635,186,Wednesday,June,2041,2041-Jun,5,156,23,2041-W23,2041-06-02,23,2041-W23,2041-06-03,Non-Holiday,Weekday
5636,2041-06-06,5636,186,Thursday,June,2041,2041-Jun,6,157,23,2041-W23,2041-06-02,23,2041-W23,2041-06-03,Non-Holiday,Weekday
5637,2041-06-07,5637,186,Friday,June,2041,2041-Jun,7,158,23,2041-W23,2041-06-02,23,2041-W23,2041-06-03,Non-Holiday,Weekday
5638,2041-06-08,5638,186,Saturday,June,2041,2041-Jun,8,159,23,2041-W23,2041-06-02,23,2041-W23,2041-06-03,Non-Holiday,Weekend
5639,2041-06-09,5639,186,Sunday,June,2041,2041-Jun,9,160,24,2041-W24,2041-06-02,23,2041-W23,2041-06-03,Non-Holiday,Weekend
5640,2041-06-10,5640,186,Monday,June,2041,2041-Jun,10,161,24,2041-W24,2041-06-09,24,2041-W24,2041-06-10,Non-Holiday,Weekday
5641,2041-06-11,5641,186,Tuesday,June,2041,2041-Jun,11,162,24,2041-W24,2041-06-09,24,2041-W24,2041-06-10,Non-Holiday,Weekday
5642,2041-06-12,5642,186,Wednesday,June,2041,2041-Jun,12,163,24,2041-W24,2041-06-09,24,2041-W24,2041-06-10,Non-Holiday,Weekday
5643,2041-06-13,5643,186,Thursday,June,2041,2041-Jun,13,164,24,2041-W24,2041-06-09,24,2041-W24,2041-06-10,Non-Holiday,Weekday
5644,2041-06-14,5644,186,Friday,June,2041,2041-Jun,14,165,24,2041-W24,2041-06-09,24,2041-W24,2041-06-10,Non-Holiday,Weekday
5645,2041-06-15,5645,186,Saturday,June,2041,2041-Jun,15,166,24,2041-W24,2041-06-09,24,2041-W24,2041-06-10,Non-Holiday,Weekend
5646,2041-06-16,5646,186,Sunday,June,2041,2041-Jun,16,167,25,2041-W25,2041-06-09,24,2041-W24,2041-06-10,Non-Holiday,Weekend
5647,2041-06-17,5647,186,Monday,June,2041,2041-Jun,17,168,25,2041-W25,2041-06-16,25,2041-W25,2041-06-17,Non-Holiday,Weekday
5648,2041-06-18,5648,186,Tuesday,June,2041,2041-Jun,18,169,25,2041-W25,2041-06-16,25,2041-W25,2041-06-17,Non-Holiday,Weekday
5649,2041-06-19,5649,186,Wednesday,June,2041,2041-Jun,19,170,25,2041-W25,2041-06-16,25,2041-W25,2041-06-17,Non-Holiday,Weekday
5650,2041-06-20,5650,186,Thursday,June,2041,2041-Jun,20,171,25,2041-W25,2041-06-16,25,2041-W25,2041-06-17,Non-Holiday,Weekday
5651,2041-06-21,5651,186,Friday,June,2041,2041-Jun,21,172,25,2041-W25,2041-06-16,25,2041-W25,2041-06-17,Non-Holiday,Weekday
5652,2041-06-22,5652,186,Saturday,June,2041,2041-Jun,22,173,25,2041-W25,2041-06-16,25,2041-W25,2041-06-17,Non-Holiday,Weekend
5653,2041-06-23,5653,186,Sunday,June,2041,2041-Jun,23,174,26,2041-W26,2041-06-16,25,2041-W25,2041-06-17,Non-Holiday,Weekend
5654,2041-06-24,5654,186,Monday,June,2041,2041-Jun,24,175,26,2041-W26,2041-06-23,26,2041-W26,2041-06-24,Non-Holiday,Weekday
5655,2041-06-25,5655,186,Tuesday,June,2041,2041-Jun,25,176,26,2041-W26,2041-06-23,26,2041-W26,2041-06-24,Non-Holiday,Weekday
5656,2041-06-26,5656,186,Wednesday,June,2041,2041-Jun,26,177,26,2041-W26,2041-06-23,26,2041-W26,2041-06-24,Non-Holiday,Weekday
5657,2041-06-27,5657,186,Thursday,June,2041,2041-Jun,27,178,26,2041-W26,2041-06-23,26,2041-W26,2041-06-24,Non-Holiday,Weekday
5658,2041-06-28,5658,186,Friday,June,2041,2041-Jun,28,179,26,2041-W26,2041-06-23,26,2041-W26,2041-06-24,Non-Holiday,Weekday
5659,2041-06-29,5659,186,Saturday,June,2041,2041-Jun,29,180,26,2041-W26,2041-06-23,26,2041-W26,2041-06-24,Non-Holiday,Weekend
5660,2041-06-30,5660,186,Sunday,June,2041,2041-Jun,30,181,27,2041-W27,2041-06-23,26,2041-W26,2041-06-24,Non-Holiday,Weekend
5661,2041-07-01,5661,187,Monday,July,2041,2041-Jul,1,182,27,2041-W27,2041-06-30,27,2041-W27,2041-07-01,Non-Holiday,Weekday
5662,2041-07-02,5662,187,Tuesday,July,2041,2041-Jul,2,183,27,2041-W27,2041-06-30,27,2041-W27,2041-07-01,Non-Holiday,Weekday
5663,2041-07-03,5663,187,Wednesday,July,2041,2041-Jul,3,184,27,2041-W27,2041-06-30,27,2041-W27,2041-07-01,Non-Holiday,Weekday
5664,2041-07-04,5664,187,Thursday,July,2041,2041-Jul,4,185,27,2041-W27,2041-06-30,27,2041-W27,2041-07-01,Non-Holiday,Weekday
5665,2041-07-05,5665,187,Friday,July,2041,2041-Jul,5,186,27,2041-W27,2041-06-30,27,2041-W27,2041-07-01,Non-Holiday,Weekday
5666,2041-07-06,5666,187,Saturday,July,2041,2041-Jul,6,187,27,2041-W27,2041-06-30,27,2041-W27,2041-07-01,Non-Holiday,Weekend
5667,2041-07-07,5667,187,Sunday,July,2041,2041-Jul,7,188,28,2041-W28,2041-06-30,27,2041-W27,2041-07-01,Non-Holiday,Weekend
5668,2041-07-08,5668,187,Monday,July,2041,2041-Jul,8,189,28,2041-W28,2041-07-07,28,2041-W28,2041-07-08,Non-Holiday,Weekday
5669,2041-07-09,5669,187,Tuesday,July,2041,2041-Jul,9,190,28,2041-W28,2041-07-07,28,2041-W28,2041-07-08,Non-Holiday,Weekday
5670,2041-07-10,5670,187,Wednesday,July,2041,2041-Jul,10,191,28,2041-W28,2041-07-07,28,2041-W28,2041-07-08,Non-Holiday,Weekday
5671,2041-07-11,5671,187,Thursday,July,2041,2041-Jul,11,192,28,2041-W28,2041-07-07,28,2041-W28,2041-07-08,Non-Holiday,Weekday
5672,2041-07-12,5672,187,Friday,July,2041,2041-Jul,12,193,28,2041-W28,2041-07-07,28,2041-W28,2041-07-08,Non-Holiday,Weekday
5673,2041-07-13,5673,187,Saturday,July,2041,2041-Jul,13,194,28,2041-W28,2041-07-07,28,2041-W28,2041-07-08,Non-Holiday,Weekend
5674,2041-07-14,5674,187,Sunday,July,2041,2041-Jul,14,195,29,2041-W29,2041-07-07,28,2041-W28,2041-07-08,Non-Holiday,Weekend
5675,2041-07-15,5675,187,Monday,July,2041,2041-Jul,15,196,29,2041-W29,2041-07-14,29,2041-W29,2041-07-15,Non-Holiday,Weekday
5676,2041-07-16,5676,187,Tuesday,July,2041,2041-Jul,16,197,29,2041-W29,2041-07-14,29,2041-W29,2041-07-15,Non-Holiday,Weekday
5677,2041-07-17,5677,187,Wednesday,July,2041,2041-Jul,17,198,29,2041-W29,2041-07-14,29,2041-W29,2041-07-15,Non-Holiday,Weekday
5678,2041-07-18,5678,187,Thursday,July,2041,2041-Jul,18,199,29,2041-W29,2041-07-14,29,2041-W29,2041-07-15,Non-Holiday,Weekday
5679,2041-07-19,5679,187,Friday,July,2041,2041-Jul,19,200,29,2041-W29,2041-07-14,29,2041-W29,2041-07-15,Non-Holiday,Weekday
5680,2041-07-20,5680,187,Saturday,July,2041,2041-Jul,20,201,29,2041-W29,2041-07-14,29,2041-W29,2041-07-15,Non-Holiday,Weekend
5681,2041-07-21,5681,187,Sunday,July,2041,2041-Jul,21,202,30,2041-W30,2041-07-14,29,2041-W29,2041-07-15,Non-Holiday,Weekend
5682,2041-07-22,5682,187,Monday,July,2041,2041-Jul,22,203,30,2041-W30,2041-07-21,30,2041-W30,2041-07-22,Non-Holiday,Weekday
5683,2041-07-23,5683,187,Tuesday,July,2041,2041-Jul,23,204,30,2041-W30,2041-07-21,30,2041-W30,2041-07-22,Non-Holiday,Weekday
5684,2041-07-24,5684,187,Wednesday,July,2041,2041-Jul,24,205,30,2041-W30,2041-07-21,30,2041-W30,2041-07-22,Non-Holiday,Weekday
5685,2041-07-25,5685,187,Thursday,July,2041,2041-Jul,25,206,30,2041-W30,2041-07-21,30,2041-W30,2041-07-22,Non-Holiday,Weekday
5686,2041-07-26,5686,187,Friday,July,2041,2041-Jul,26,207,30,2041-W30,2041-07-21,30,2041-W30,2041-07-22,Non-Holiday,Weekday
5687,2041-07-27,5687,187,Saturday,July,2041,2041-Jul,27,208,30,2041-W30,2041-07-21,30,2041-W30,2041-07-22,Non-Holiday,Weekend
5688,2041-07-28,5688,187,Sunday,July,2041,2041-Jul,28,209,31,2041-W31,2041-07-21,30,2041-W30,2041-07-22,Non-Holiday,Weekend
5689,2041-07-29,5689,187,Monday,July,2041,2041-Jul,29,210,31,2041-W31,2041-07-28,31,2041-W31,2041-07-29,Non-Holiday,Weekday
5690,2041-07-30,5690,187,Tuesday,July,2041,2041-Jul,30,211,31,2041-W31,2041-07-28,31,2041-W31,2041-07-29,Non-Holiday,Weekday
5691,2041-07-31,5691,187,Wednesday,July,2041,2041-Jul,31,212,31,2041-W31,2041-07-28,31,2041-W31,2041-07-29,Non-Holiday,Weekday
5692,2041-08-01,5692,188,Thursday,August,2041,2041-Aug,1,213,31,2041-W31,2041-07-28,31,2041-W31,2041-07-29,Non-Holiday,Weekday
5693,2041-08-02,5693,188,Friday,August,2041,2041-Aug,2,214,31,2041-W31,2041-07-28,31,2041-W31,2041-07-29,Non-Holiday,Weekday
5694,2041-08-03,5694,188,Saturday,August,2041,2041-Aug,3,215,31,2041-W31,2041-07-28,31,2041-W31,2041-07-29,Non-Holiday,Weekend
5695,2041-08-04,5695,188,Sunday,August,2041,2041-Aug,4,216,32,2041-W32,2041-07-28,31,2041-W31,2041-07-29,Non-Holiday,Weekend
5696,2041-08-05,5696,188,Monday,August,2041,2041-Aug,5,217,32,2041-W32,2041-08-04,32,2041-W32,2041-08-05,Non-Holiday,Weekday
5697,2041-08-06,5697,188,Tuesday,August,2041,2041-Aug,6,218,32,2041-W32,2041-08-04,32,2041-W32,2041-08-05,Non-Holiday,Weekday
5698,2041-08-07,5698,188,Wednesday,August,2041,2041-Aug,7,219,32,2041-W32,2041-08-04,32,2041-W32,2041-08-05,Non-Holiday,Weekday
5699,2041-08-08,5699,188,Thursday,August,2041,2041-Aug,8,220,32,2041-W32,2041-08-04,32,2041-W32,2041-08-05,Non-Holiday,Weekday
5700,2041-08-09,5700,188,Friday,August,2041,2041-Aug,9,221,32,2041-W32,2041-08-04,32,2041-W32,2041-08-05,Non-Holiday,Weekday
5701,2041-08-10,5701,188,Saturday,August,2041,2041-Aug,10,222,32,2041-W32,2041-08-04,32,2041-W32,2041-08-05,Non-Holiday,Weekend
5702,2041-08-11,5702,188,Sunday,August,2041,2041-Aug,11,223,33,2041-W33,2041-08-04,32,2041-W32,2041-08-05,Non-Holiday,Weekend
5703,2041-08-12,5703,188,Monday,August,2041,2041-Aug,12,224,33,2041-W33,2041-08-11,33,2041-W33,2041-08-12,Non-Holiday,Weekday
5704,2041-08-13,5704,188,Tuesday,August,2041,2041-Aug,13,225,33,2041-W33,2041-08-11,33,2041-W33,2041-08-12,Non-Holiday,Weekday
5705,2041-08-14,5705,188,Wednesday,August,2041,2041-Aug,14,226,33,2041-W33,2041-08-11,33,2041-W33,2041-08-12,Non-Holiday,Weekday
5706,2041-08-15,5706,188,Thursday,August,2041,2041-Aug,15,227,33,2041-W33,2041-08-11,33,2041-W33,2041-08-12,Non-Holiday,Weekday
5707,2041-08-16,5707,188,Friday,August,2041,2041-Aug,16,228,33,2041-W33,2041-08-11,33,2041-W33,2041-08-12,Non-Holiday,Weekday
5708,2041-08-17,5708,188,Saturday,August,2041,2041-Aug,17,229,33,2041-W33,2041-08-11,33,2041-W33,2041-08-12,Non-Holiday,Weekend
5709,2041-08-18,5709,188,Sunday,August,2041,2041-Aug,18,230,34,2041-W34,2041-08-11,33,2041-W33,2041-08-12,Non-Holiday,Weekend
5710,2041-08-19,5710,188,Monday,August,2041,2041-Aug,19,231,34,2041-W34,2041-08-18,34,2041-W34,2041-08-19,Non-Holiday,Weekday
5711,2041-08-20,5711,188,Tuesday,August,2041,2041-Aug,20,232,34,2041-W34,2041-08-18,34,2041-W34,2041-08-19,Non-Holiday,Weekday
5712,2041-08-21,5712,188,Wednesday,August,2041,2041-Aug,21,233,34,2041-W34,2041-08-18,34,2041-W34,2041-08-19,Non-Holiday,Weekday
5713,2041-08-22,5713,188,Thursday,August,2041,2041-Aug,22,234,34,2041-W34,2041-08-18,34,2041-W34,2041-08-19,Non-Holiday,Weekday
5714,2041-08-23,5714,188,Friday,August,2041,2041-Aug,23,235,34,2041-W34,2041-08-18,34,2041-W34,2041-08-19,Non-Holiday,Weekday
5715,2041-08-24,5715,188,Saturday,August,2041,2041-Aug,24,236,34,2041-W34,2041-08-18,34,2041-W34,2041-08-19,Non-Holiday,Weekend
5716,2041-08-25,5716,188,Sunday,August,2041,2041-Aug,25,237,35,2041-W35,2041-08-18,34,2041-W34,2041-08-19,Non-Holiday,Weekend
5717,2041-08-26,5717,188,Monday,August,2041,2041-Aug,26,238,35,2041-W35,2041-08-25,35,2041-W35,2041-08-26,Non-Holiday,Weekday
5718,2041-08-27,5718,188,Tuesday,August,2041,2041-Aug,27,239,35,2041-W35,2041-08-25,35,2041-W35,2041-08-26,Non-Holiday,Weekday
5719,2041-08-28,5719,188,Wednesday,August,2041,2041-Aug,28,240,35,2041-W35,2041-08-25,35,2041-W35,2041-08-26,Non-Holiday,Weekday
5720,2041-08-29,5720,188,Thursday,August,2041,2041-Aug,29,241,35,2041-W35,2041-08-25,35,2041-W35,2041-08-26,Non-Holiday,Weekday
5721,2041-08-30,5721,188,Friday,August,2041,2041-Aug,30,242,35,2041-W35,2041-08-25,35,2041-W35,2041-08-26,Non-Holiday,Weekday
5722,2041-08-31,5722,188,Saturday,August,2041,2041-Aug,31,243,35,2041-W35,2041-08-25,35,2041-W35,2041-08-26,Non-Holiday,Weekend
5723,2041-09-01,5723,189,Sunday,September,2041,2041-Sep,1,244,36,2041-W36,2041-08-25,35,2041-W35,2041-08-26,Non-Holiday,Weekend
5724,2041-09-02,5724,189,Monday,September,2041,2041-Sep,2,245,36,2041-W36,2041-09-01,36,2041-W36,2041-09-02,Non-Holiday,Weekday
5725,2041-09-03,5725,189,Tuesday,September,2041,2041-Sep,3,246,36,2041-W36,2041-09-01,36,2041-W36,2041-09-02,Non-Holiday,Weekday
5726,2041-09-04,5726,189,Wednesday,September,2041,2041-Sep,4,247,36,2041-W36,2041-09-01,36,2041-W36,2041-09-02,Non-Holiday,Weekday
5727,2041-09-05,5727,189,Thursday,September,2041,2041-Sep,5,248,36,2041-W36,2041-09-01,36,2041-W36,2041-09-02,Non-Holiday,Weekday
5728,2041-09-06,5728,189,Friday,September,2041,2041-Sep,6,249,36,2041-W36,2041-09-01,36,2041-W36,2041-09-02,Non-Holiday,Weekday
5729,2041-09-07,5729,189,Saturday,September,2041,2041-Sep,7,250,36,2041-W36,2041-09-01,36,2041-W36,2041-09-02,Non-Holiday,Weekend
5730,2041-09-08,5730,189,Sunday,September,2041,2041-Sep,8,251,37,2041-W37,2041-09-01,36,2041-W36,2041-09-02,Non-Holiday,Weekend
5731,2041-09-09,5731,189,Monday,September,2041,2041-Sep,9,252,37,2041-W37,2041-09-08,37,2041-W37,2041-09-09,Non-Holiday,Weekday
5732,2041-09-10,5732,189,Tuesday,September,2041,2041-Sep,10,253,37,2041-W37,2041-09-08,37,2041-W37,2041-09-09,Non-Holiday,Weekday
5733,2041-09-11,5733,189,Wednesday,September,2041,2041-Sep,11,254,37,2041-W37,2041-09-08,37,2041-W37,2041-09-09,Non-Holiday,Weekday
5734,2041-09-12,5734,189,Thursday,September,2041,2041-Sep,12,255,37,2041-W37,2041-09-08,37,2041-W37,2041-09-09,Non-Holiday,Weekday
5735,2041-09-13,5735,189,Friday,September,2041,2041-Sep,13,256,37,2041-W37,2041-09-08,37,2041-W37,2041-09-09,Non-Holiday,Weekday
5736,2041-09-14,5736,189,Saturday,September,2041,2041-Sep,14,257,37,2041-W37,2041-09-08,37,2041-W37,2041-09-09,Non-Holiday,Weekend
5737,2041-09-15,5737,189,Sunday,September,2041,2041-Sep,15,258,38,2041-W38,2041-09-08,37,2041-W37,2041-09-09,Non-Holiday,Weekend
5738,2041-09-16,5738,189,Monday,September,2041,2041-Sep,16,259,38,2041-W38,2041-09-15,38,2041-W38,2041-09-16,Non-Holiday,Weekday
5739,2041-09-17,5739,189,Tuesday,September,2041,2041-Sep,17,260,38,2041-W38,2041-09-15,38,2041-W38,2041-09-16,Non-Holiday,Weekday
5740,2041-09-18,5740,189,Wednesday,September,2041,2041-Sep,18,261,38,2041-W38,2041-09-15,38,2041-W38,2041-09-16,Non-Holiday,Weekday
5741,2041-09-19,5741,189,Thursday,September,2041,2041-Sep,19,262,38,2041-W38,2041-09-15,38,2041-W38,2041-09-16,Non-Holiday,Weekday
5742,2041-09-20,5742,189,Friday,September,2041,2041-Sep,20,263,38,2041-W38,2041-09-15,38,2041-W38,2041-09-16,Non-Holiday,Weekday
5743,2041-09-21,5743,189,Saturday,September,2041,2041-Sep,21,264,38,2041-W38,2041-09-15,38,2041-W38,2041-09-16,Non-Holiday,Weekend
5744,2041-09-22,5744,189,Sunday,September,2041,2041-Sep,22,265,39,2041-W39,2041-09-15,38,2041-W38,2041-09-16,Non-Holiday,Weekend
5745,2041-09-23,5745,189,Monday,September,2041,2041-Sep,23,266,39,2041-W39,2041-09-22,39,2041-W39,2041-09-23,Non-Holiday,Weekday
5746,2041-09-24,5746,189,Tuesday,September,2041,2041-Sep,24,267,39,2041-W39,2041-09-22,39,2041-W39,2041-09-23,Non-Holiday,Weekday
5747,2041-09-25,5747,189,Wednesday,September,2041,2041-Sep,25,268,39,2041-W39,2041-09-22,39,2041-W39,2041-09-23,Non-Holiday,Weekday
5748,2041-09-26,5748,189,Thursday,September,2041,2041-Sep,26,269,39,2041-W39,2041-09-22,39,2041-W39,2041-09-23,Non-Holiday,Weekday
5749,2041-09-27,5749,189,Friday,September,2041,2041-Sep,27,270,39,2041-W39,2041-09-22,39,2041-W39,2041-09-23,Non-Holiday,Weekday
5750,2041-09-28,5750,189,Saturday,September,2041,2041-Sep,28,271,39,2041-W39,2041-09-22,39,2041-W39,2041-09-23,Non-Holiday,Weekend
5751,2041-09-29,5751,189,Sunday,September,2041,2041-Sep,29,272,40,2041-W40,2041-09-22,39,2041-W39,2041-09-23,Non-Holiday,Weekend
5752,2041-09-30,5752,189,Monday,September,2041,2041-Sep,30,273,40,2041-W40,2041-09-29,40,2041-W40,2041-09-30,Non-Holiday,Weekday
5753,2041-10-01,5753,190,Tuesday,October,2041,2041-Oct,1,274,40,2041-W40,2041-09-29,40,2041-W40,2041-09-30,Non-Holiday,Weekday
5754,2041-10-02,5754,190,Wednesday,October,2041,2041-Oct,2,275,40,2041-W40,2041-09-29,40,2041-W40,2041-09-30,Non-Holiday,Weekday
5755,2041-10-03,5755,190,Thursday,October,2041,2041-Oct,3,276,40,2041-W40,2041-09-29,40,2041-W40,2041-09-30,Non-Holiday,Weekday
5756,2041-10-04,5756,190,Friday,October,2041,2041-Oct,4,277,40,2041-W40,2041-09-29,40,2041-W40,2041-09-30,Non-Holiday,Weekday
5757,2041-10-05,5757,190,Saturday,October,2041,2041-Oct,5,278,40,2041-W40,2041-09-29,40,2041-W40,2041-09-30,Non-Holiday,Weekend
5758,2041-10-06,5758,190,Sunday,October,2041,2041-Oct,6,279,41,2041-W41,2041-09-29,40,2041-W40,2041-09-30,Non-Holiday,Weekend
5759,2041-10-07,5759,190,Monday,October,2041,2041-Oct,7,280,41,2041-W41,2041-10-06,41,2041-W41,2041-10-07,Non-Holiday,Weekday
5760,2041-10-08,5760,190,Tuesday,October,2041,2041-Oct,8,281,41,2041-W41,2041-10-06,41,2041-W41,2041-10-07,Non-Holiday,Weekday
5761,2041-10-09,5761,190,Wednesday,October,2041,2041-Oct,9,282,41,2041-W41,2041-10-06,41,2041-W41,2041-10-07,Non-Holiday,Weekday
5762,2041-10-10,5762,190,Thursday,October,2041,2041-Oct,10,283,41,2041-W41,2041-10-06,41,2041-W41,2041-10-07,Non-Holiday,Weekday
5763,2041-10-11,5763,190,Friday,October,2041,2041-Oct,11,284,41,2041-W41,2041-10-06,41,2041-W41,2041-10-07,Non-Holiday,Weekday
5764,2041-10-12,5764,190,Saturday,October,2041,2041-Oct,12,285,41,2041-W41,2041-10-06,41,2041-W41,2041-10-07,Non-Holiday,Weekend
5765,2041-10-13,5765,190,Sunday,October,2041,2041-Oct,13,286,42,2041-W42,2041-10-06,41,2041-W41,2041-10-07,Non-Holiday,Weekend
5766,2041-10-14,5766,190,Monday,October,2041,2041-Oct,14,287,42,2041-W42,2041-10-13,42,2041-W42,2041-10-14,Non-Holiday,Weekday
5767,2041-10-15,5767,190,Tuesday,October,2041,2041-Oct,15,288,42,2041-W42,2041-10-13,42,2041-W42,2041-10-14,Non-Holiday,Weekday
5768,2041-10-16,5768,190,Wednesday,October,2041,2041-Oct,16,289,42,2041-W42,2041-10-13,42,2041-W42,2041-10-14,Non-Holiday,Weekday
5769,2041-10-17,5769,190,Thursday,October,2041,2041-Oct,17,290,42,2041-W42,2041-10-13,42,2041-W42,2041-10-14,Non-Holiday,Weekday
5770,2041-10-18,5770,190,Friday,October,2041,2041-Oct,18,291,42,2041-W42,2041-10-13,42,2041-W42,2041-10-14,Non-Holiday,Weekday
5771,2041-10-19,5771,190,Saturday,October,2041,2041-Oct,19,292,42,2041-W42,2041-10-13,42,2041-W42,2041-10-14,Non-Holiday,Weekend
5772,2041-10-20,5772,190,Sunday,October,2041,2041-Oct,20,293,43,2041-W43,2041-10-13,42,2041-W42,2041-10-14,Non-Holiday,Weekend
5773,2041-10-21,5773,190,Monday,October,2041,2041-Oct,21,294,43,2041-W43,2041-10-20,43,2041-W43,2041-10-21,Non-Holiday,Weekday
5774,2041-10-22,5774,190,Tuesday,October,2041,2041-Oct,22,295,43,2041-W43,2041-10-20,43,2041-W43,2041-10-21,Non-Holiday,Weekday
5775,2041-10-23,5775,190,Wednesday,October,2041,2041-Oct,23,296,43,2041-W43,2041-10-20,43,2041-W43,2041-10-21,Non-Holiday,Weekday
5776,2041-10-24,5776,190,Thursday,October,2041,2041-Oct,24,297,43,2041-W43,2041-10-20,43,2041-W43,2041-10-21,Non-Holiday,Weekday
5777,2041-10-25,5777,190,Friday,October,2041,2041-Oct,25,298,43,2041-W43,2041-10-20,43,2041-W43,2041-10-21,Non-Holiday,Weekday
5778,2041-10-26,5778,190,Saturday,October,2041,2041-Oct,26,299,43,2041-W43,2041-10-20,43,2041-W43,2041-10-21,Non-Holiday,Weekend
5779,2041-10-27,5779,190,Sunday,October,2041,2041-Oct,27,300,44,2041-W44,2041-10-20,43,2041-W43,2041-10-21,Non-Holiday,Weekend
5780,2041-10-28,5780,190,Monday,October,2041,2041-Oct,28,301,44,2041-W44,2041-10-27,44,2041-W44,2041-10-28,Non-Holiday,Weekday
5781,2041-10-29,5781,190,Tuesday,October,2041,2041-Oct,29,302,44,2041-W44,2041-10-27,44,2041-W44,2041-10-28,Non-Holiday,Weekday
5782,2041-10-30,5782,190,Wednesday,October,2041,2041-Oct,30,303,44,2041-W44,2041-10-27,44,2041-W44,2041-10-28,Non-Holiday,Weekday
5783,2041-10-31,5783,190,Thursday,October,2041,2041-Oct,31,304,44,2041-W44,2041-10-27,44,2041-W44,2041-10-28,Non-Holiday,Weekday
5784,2041-11-01,5784,191,Friday,November,2041,2041-Nov,1,305,44,2041-W44,2041-10-27,44,2041-W44,2041-10-28,Non-Holiday,Weekday
5785,2041-11-02,5785,191,Saturday,November,2041,2041-Nov,2,306,44,2041-W44,2041-10-27,44,2041-W44,2041-10-28,Non-Holiday,Weekend
5786,2041-11-03,5786,191,Sunday,November,2041,2041-Nov,3,307,45,2041-W45,2041-10-27,44,2041-W44,2041-10-28,Non-Holiday,Weekend
5787,2041-11-04,5787,191,Monday,November,2041,2041-Nov,4,308,45,2041-W45,2041-11-03,45,2041-W45,2041-11-04,Non-Holiday,Weekday
5788,2041-11-05,5788,191,Tuesday,November,2041,2041-Nov,5,309,45,2041-W45,2041-11-03,45,2041-W45,2041-11-04,Non-Holiday,Weekday
5789,2041-11-06,5789,191,Wednesday,November,2041,2041-Nov,6,310,45,2041-W45,2041-11-03,45,2041-W45,2041-11-04,Non-Holiday,Weekday
5790,2041-11-07,5790,191,Thursday,November,2041,2041-Nov,7,311,45,2041-W45,2041-11-03,45,2041-W45,2041-11-04,Non-Holiday,Weekday
5791,2041-11-08,5791,191,Friday,November,2041,2041-Nov,8,312,45,2041-W45,2041-11-03,45,2041-W45,2041-11-04,Non-Holiday,Weekday
5792,2041-11-09,5792,191,Saturday,November,2041,2041-Nov,9,313,45,2041-W45,2041-11-03,45,2041-W45,2041-11-04,Non-Holiday,Weekend
5793,2041-11-10,5793,191,Sunday,November,2041,2041-Nov,10,314,46,2041-W46,2041-11-03,45,2041-W45,2041-11-04,Non-Holiday,Weekend
5794,2041-11-11,5794,191,Monday,November,2041,2041-Nov,11,315,46,2041-W46,2041-11-10,46,2041-W46,2041-11-11,Non-Holiday,Weekday
5795,2041-11-12,5795,191,Tuesday,November,2041,2041-Nov,12,316,46,2041-W46,2041-11-10,46,2041-W46,2041-11-11,Non-Holiday,Weekday
5796,2041-11-13,5796,191,Wednesday,November,2041,2041-Nov,13,317,46,2041-W46,2041-11-10,46,2041-W46,2041-11-11,Non-Holiday,Weekday
5797,2041-11-14,5797,191,Thursday,November,2041,2041-Nov,14,318,46,2041-W46,2041-11-10,46,2041-W46,2041-11-11,Non-Holiday,Weekday
5798,2041-11-15,5798,191,Friday,November,2041,2041-Nov,15,319,46,2041-W46,2041-11-10,46,2041-W46,2041-11-11,Non-Holiday,Weekday
5799,2041-11-16,5799,191,Saturday,November,2041,2041-Nov,16,320,46,2041-W46,2041-11-10,46,2041-W46,2041-11-11,Non-Holiday,Weekend
5800,2041-11-17,5800,191,Sunday,November,2041,2041-Nov,17,321,47,2041-W47,2041-11-10,46,2041-W46,2041-11-11,Non-Holiday,Weekend
5801,2041-11-18,5801,191,Monday,November,2041,2041-Nov,18,322,47,2041-W47,2041-11-17,47,2041-W47,2041-11-18,Non-Holiday,Weekday
5802,2041-11-19,5802,191,Tuesday,November,2041,2041-Nov,19,323,47,2041-W47,2041-11-17,47,2041-W47,2041-11-18,Non-Holiday,Weekday
5803,2041-11-20,5803,191,Wednesday,November,2041,2041-Nov,20,324,47,2041-W47,2041-11-17,47,2041-W47,2041-11-18,Non-Holiday,Weekday
5804,2041-11-21,5804,191,Thursday,November,2041,2041-Nov,21,325,47,2041-W47,2041-11-17,47,2041-W47,2041-11-18,Non-Holiday,Weekday
5805,2041-11-22,5805,191,Friday,November,2041,2041-Nov,22,326,47,2041-W47,2041-11-17,47,2041-W47,2041-11-18,Non-Holiday,Weekday
5806,2041-11-23,5806,191,Saturday,November,2041,2041-Nov,23,327,47,2041-W47,2041-11-17,47,2041-W47,2041-11-18,Non-Holiday,Weekend
5807,2041-11-24,5807,191,Sunday,November,2041,2041-Nov,24,328,48,2041-W48,2041-11-17,47,2041-W47,2041-11-18,Non-Holiday,Weekend
5808,2041-11-25,5808,191,Monday,November,2041,2041-Nov,25,329,48,2041-W48,2041-11-24,48,2041-W48,2041-11-25,Non-Holiday,Weekday
5809,2041-11-26,5809,191,Tuesday,November,2041,2041-Nov,26,330,48,2041-W48,2041-11-24,48,2041-W48,2041-11-25,Non-Holiday,Weekday
5810,2041-11-27,5810,191,Wednesday,November,2041,2041-Nov,27,331,48,2041-W48,2041-11-24,48,2041-W48,2041-11-25,Non-Holiday,Weekday
5811,2041-11-28,5811,191,Thursday,November,2041,2041-Nov,28,332,48,2041-W48,2041-11-24,48,2041-W48,2041-11-25,Non-Holiday,Weekday
5812,2041-11-29,5812,191,Friday,November,2041,2041-Nov,29,333,48,2041-W48,2041-11-24,48,2041-W48,2041-11-25,Non-Holiday,Weekday
5813,2041-11-30,5813,191,Saturday,November,2041,2041-Nov,30,334,48,2041-W48,2041-11-24,48,2041-W48,2041-11-25,Non-Holiday,Weekend
5814,2041-12-01,5814,192,Sunday,December,2041,2041-Dec,1,335,49,2041-W49,2041-11-24,48,2041-W48,2041-11-25,Non-Holiday,Weekend
5815,2041-12-02,5815,192,Monday,December,2041,2041-Dec,2,336,49,2041-W49,2041-12-01,49,2041-W49,2041-12-02,Non-Holiday,Weekday
5816,2041-12-03,5816,192,Tuesday,December,2041,2041-Dec,3,337,49,2041-W49,2041-12-01,49,2041-W49,2041-12-02,Non-Holiday,Weekday
5817,2041-12-04,5817,192,Wednesday,December,2041,2041-Dec,4,338,49,2041-W49,2041-12-01,49,2041-W49,2041-12-02,Non-Holiday,Weekday
5818,2041-12-05,5818,192,Thursday,December,2041,2041-Dec,5,339,49,2041-W49,2041-12-01,49,2041-W49,2041-12-02,Non-Holiday,Weekday
5819,2041-12-06,5819,192,Friday,December,2041,2041-Dec,6,340,49,2041-W49,2041-12-01,49,2041-W49,2041-12-02,Non-Holiday,Weekday
5820,2041-12-07,5820,192,Saturday,December,2041,2041-Dec,7,341,49,2041-W49,2041-12-01,49,2041-W49,2041-12-02,Non-Holiday,Weekend
5821,2041-12-08,5821,192,Sunday,December,2041,2041-Dec,8,342,50,2041-W50,2041-12-01,49,2041-W49,2041-12-02,Non-Holiday,Weekend
5822,2041-12-09,5822,192,Monday,December,2041,2041-Dec,9,343,50,2041-W50,2041-12-08,50,2041-W50,2041-12-09,Non-Holiday,Weekday
5823,2041-12-10,5823,192,Tuesday,December,2041,2041-Dec,10,344,50,2041-W50,2041-12-08,50,2041-W50,2041-12-09,Non-Holiday,Weekday
5824,2041-12-11,5824,192,Wednesday,December,2041,2041-Dec,11,345,50,2041-W50,2041-12-08,50,2041-W50,2041-12-09,Non-Holiday,Weekday
5825,2041-12-12,5825,192,Thursday,December,2041,2041-Dec,12,346,50,2041-W50,2041-12-08,50,2041-W50,2041-12-09,Non-Holiday,Weekday
5826,2041-12-13,5826,192,Friday,December,2041,2041-Dec,13,347,50,2041-W50,2041-12-08,50,2041-W50,2041-12-09,Non-Holiday,Weekday
5827,2041-12-14,5827,192,Saturday,December,2041,2041-Dec,14,348,50,2041-W50,2041-12-08,50,2041-W50,2041-12-09,Non-Holiday,Weekend
5828,2041-12-15,5828,192,Sunday,December,2041,2041-Dec,15,349,51,2041-W51,2041-12-08,50,2041-W50,2041-12-09,Non-Holiday,Weekend
5829,2041-12-16,5829,192,Monday,December,2041,2041-Dec,16,350,51,2041-W51,2041-12-15,51,2041-W51,2041-12-16,Non-Holiday,Weekday
5830,2041-12-17,5830,192,Tuesday,December,2041,2041-Dec,17,351,51,2041-W51,2041-12-15,51,2041-W51,2041-12-16,Non-Holiday,Weekday
5831,2041-12-18,5831,192,Wednesday,December,2041,2041-Dec,18,352,51,2041-W51,2041-12-15,51,2041-W51,2041-12-16,Non-Holiday,Weekday
5832,2041-12-19,5832,192,Thursday,December,2041,2041-Dec,19,353,51,2041-W51,2041-12-15,51,2041-W51,2041-12-16,Non-Holiday,Weekday
5833,2041-12-20,5833,192,Friday,December,2041,2041-Dec,20,354,51,2041-W51,2041-12-15,51,2041-W51,2041-12-16,Non-Holiday,Weekday
5834,2041-12-21,5834,192,Saturday,December,2041,2041-Dec,21,355,51,2041-W51,2041-12-15,51,2041-W51,2041-12-16,Non-Holiday,Weekend
5835,2041-12-22,5835,192,Sunday,December,2041,2041-Dec,22,356,52,2041-W52,2041-12-15,51,2041-W51,2041-12-16,Non-Holiday,Weekend
5836,2041-12-23,5836,192,Monday,December,2041,2041-Dec,23,357,52,2041-W52,2041-12-22,52,2041-W52,2041-12-23,Non-Holiday,Weekday
5837,2041-12-24,5837,192,Tuesday,December,2041,2041-Dec,24,358,52,2041-W52,2041-12-22,52,2041-W52,2041-12-23,Non-Holiday,Weekday
5838,2041-12-25,5838,192,Wednesday,December,2041,2041-Dec,25,359,52,2041-W52,2041-12-22,52,2041-W52,2041-12-23,Non-Holiday,Weekday
5839,2041-12-26,5839,192,Thursday,December,2041,2041-Dec,26,360,52,2041-W52,2041-12-22,52,2041-W52,2041-12-23,Non-Holiday,Weekday
5840,2041-12-27,5840,192,Friday,December,2041,2041-Dec,27,361,52,2041-W52,2041-12-22,52,2041-W52,2041-12-23,Non-Holiday,Weekday
5841,2041-12-28,5841,192,Saturday,December,2041,2041-Dec,28,362,52,2041-W52,2041-12-22,52,2041-W52,2041-12-23,Non-Holiday,Weekend
5842,2041-12-29,5842,192,Sunday,December,2041,2041-Dec,29,363,53,2041-W53,2041-12-22,52,2041-W52,2041-12-23,Non-Holiday,Weekend
5843,2041-12-30,5843,192,Monday,December,2041,2041-Dec,30,364,53,2041-W53,2041-12-29,53,2041-W53,2041-12-30,Non-Holiday,Weekday
5844,2041-12-31,5844,192,Tuesday,December,2041,2041-Dec,31,365,53,2041-W53,2041-12-29,53,2041-W53,2041-12-30,Non-Holiday,Weekday
5845,2042-01-01,5845,193,Wednesday,January,2042,2042-Jan,1,1,1,2042-W01,2041-12-29,1,2042-W01,2041-12-30,Non-Holiday,Weekday
5846,2042-01-02,5846,193,Thursday,January,2042,2042-Jan,2,2,1,2042-W01,2041-12-29,1,2042-W01,2041-12-30,Non-Holiday,Weekday
5847,2042-01-03,5847,193,Friday,January,2042,2042-Jan,3,3,1,2042-W01,2041-12-29,1,2042-W01,2041-12-30,Non-Holiday,Weekday
5848,2042-01-04,5848,193,Saturday,January,2042,2042-Jan,4,4,1,2042-W01,2041-12-29,1,2042-W01,2041-12-30,Non-Holiday,Weekend
5849,2042-01-05,5849,193,Sunday,January,2042,2042-Jan,5,5,2,2042-W02,2041-12-29,1,2042-W01,2041-12-30,Non-Holiday,Weekend
5850,2042-01-06,5850,193,Monday,January,2042,2042-Jan,6,6,2,2042-W02,2042-01-05,2,2042-W02,2042-01-06,Non-Holiday,Weekday
5851,2042-01-07,5851,193,Tuesday,January,2042,2042-Jan,7,7,2,2042-W02,2042-01-05,2,2042-W02,2042-01-06,Non-Holiday,Weekday
5852,2042-01-08,5852,193,Wednesday,January,2042,2042-Jan,8,8,2,2042-W02,2042-01-05,2,2042-W02,2042-01-06,Non-Holiday,Weekday
5853,2042-01-09,5853,193,Thursday,January,2042,2042-Jan,9,9,2,2042-W02,2042-01-05,2,2042-W02,2042-01-06,Non-Holiday,Weekday
5854,2042-01-10,5854,193,Friday,January,2042,2042-Jan,10,10,2,2042-W02,2042-01-05,2,2042-W02,2042-01-06,Non-Holiday,Weekday
5855,2042-01-11,5855,193,Saturday,January,2042,2042-Jan,11,11,2,2042-W02,2042-01-05,2,2042-W02,2042-01-06,Non-Holiday,Weekend
5856,2042-01-12,5856,193,Sunday,January,2042,2042-Jan,12,12,3,2042-W03,2042-01-05,2,2042-W02,2042-01-06,Non-Holiday,Weekend
5857,2042-01-13,5857,193,Monday,January,2042,2042-Jan,13,13,3,2042-W03,2042-01-12,3,2042-W03,2042-01-13,Non-Holiday,Weekday
5858,2042-01-14,5858,193,Tuesday,January,2042,2042-Jan,14,14,3,2042-W03,2042-01-12,3,2042-W03,2042-01-13,Non-Holiday,Weekday
5859,2042-01-15,5859,193,Wednesday,January,2042,2042-Jan,15,15,3,2042-W03,2042-01-12,3,2042-W03,2042-01-13,Non-Holiday,Weekday
5860,2042-01-16,5860,193,Thursday,January,2042,2042-Jan,16,16,3,2042-W03,2042-01-12,3,2042-W03,2042-01-13,Non-Holiday,Weekday
5861,2042-01-17,5861,193,Friday,January,2042,2042-Jan,17,17,3,2042-W03,2042-01-12,3,2042-W03,2042-01-13,Non-Holiday,Weekday
5862,2042-01-18,5862,193,Saturday,January,2042,2042-Jan,18,18,3,2042-W03,2042-01-12,3,2042-W03,2042-01-13,Non-Holiday,Weekend
5863,2042-01-19,5863,193,Sunday,January,2042,2042-Jan,19,19,4,2042-W04,2042-01-12,3,2042-W03,2042-01-13,Non-Holiday,Weekend
5864,2042-01-20,5864,193,Monday,January,2042,2042-Jan,20,20,4,2042-W04,2042-01-19,4,2042-W04,2042-01-20,Non-Holiday,Weekday
5865,2042-01-21,5865,193,Tuesday,January,2042,2042-Jan,21,21,4,2042-W04,2042-01-19,4,2042-W04,2042-01-20,Non-Holiday,Weekday
5866,2042-01-22,5866,193,Wednesday,January,2042,2042-Jan,22,22,4,2042-W04,2042-01-19,4,2042-W04,2042-01-20,Non-Holiday,Weekday
5867,2042-01-23,5867,193,Thursday,January,2042,2042-Jan,23,23,4,2042-W04,2042-01-19,4,2042-W04,2042-01-20,Non-Holiday,Weekday
5868,2042-01-24,5868,193,Friday,January,2042,2042-Jan,24,24,4,2042-W04,2042-01-19,4,2042-W04,2042-01-20,Non-Holiday,Weekday
5869,2042-01-25,5869,193,Saturday,January,2042,2042-Jan,25,25,4,2042-W04,2042-01-19,4,2042-W04,2042-01-20,Non-Holiday,Weekend
5870,2042-01-26,5870,193,Sunday,January,2042,2042-Jan,26,26,5,2042-W05,2042-01-19,4,2042-W04,2042-01-20,Non-Holiday,Weekend
5871,2042-01-27,5871,193,Monday,January,2042,2042-Jan,27,27,5,2042-W05,2042-01-26,5,2042-W05,2042-01-27,Non-Holiday,Weekday
5872,2042-01-28,5872,193,Tuesday,January,2042,2042-Jan,28,28,5,2042-W05,2042-01-26,5,2042-W05,2042-01-27,Non-Holiday,Weekday
5873,2042-01-29,5873,193,Wednesday,January,2042,2042-Jan,29,29,5,2042-W05,2042-01-26,5,2042-W05,2042-01-27,Non-Holiday,Weekday
5874,2042-01-30,5874,193,Thursday,January,2042,2042-Jan,30,30,5,2042-W05,2042-01-26,5,2042-W05,2042-01-27,Non-Holiday,Weekday
5875,2042-01-31,5875,193,Friday,January,2042,2042-Jan,31,31,5,2042-W05,2042-01-26,5,2042-W05,2042-01-27,Non-Holiday,Weekday
5876,2042-02-01,5876,194,Saturday,February,2042,2042-Feb,1,32,5,2042-W05,2042-01-26,5,2042-W05,2042-01-27,Non-Holiday,Weekend
5877,2042-02-02,5877,194,Sunday,February,2042,2042-Feb,2,33,6,2042-W06,2042-01-26,5,2042-W05,2042-01-27,Non-Holiday,Weekend
5878,2042-02-03,5878,194,Monday,February,2042,2042-Feb,3,34,6,2042-W06,2042-02-02,6,2042-W06,2042-02-03,Non-Holiday,Weekday
5879,2042-02-04,5879,194,Tuesday,February,2042,2042-Feb,4,35,6,2042-W06,2042-02-02,6,2042-W06,2042-02-03,Non-Holiday,Weekday
5880,2042-02-05,5880,194,Wednesday,February,2042,2042-Feb,5,36,6,2042-W06,2042-02-02,6,2042-W06,2042-02-03,Non-Holiday,Weekday
5881,2042-02-06,5881,194,Thursday,February,2042,2042-Feb,6,37,6,2042-W06,2042-02-02,6,2042-W06,2042-02-03,Non-Holiday,Weekday
5882,2042-02-07,5882,194,Friday,February,2042,2042-Feb,7,38,6,2042-W06,2042-02-02,6,2042-W06,2042-02-03,Non-Holiday,Weekday
5883,2042-02-08,5883,194,Saturday,February,2042,2042-Feb,8,39,6,2042-W06,2042-02-02,6,2042-W06,2042-02-03,Non-Holiday,Weekend
5884,2042-02-09,5884,194,Sunday,February,2042,2042-Feb,9,40,7,2042-W07,2042-02-02,6,2042-W06,2042-02-03,Non-Holiday,Weekend
5885,2042-02-10,5885,194,Monday,February,2042,2042-Feb,10,41,7,2042-W07,2042-02-09,7,2042-W07,2042-02-10,Non-Holiday,Weekday
5886,2042-02-11,5886,194,Tuesday,February,2042,2042-Feb,11,42,7,2042-W07,2042-02-09,7,2042-W07,2042-02-10,Non-Holiday,Weekday
5887,2042-02-12,5887,194,Wednesday,February,2042,2042-Feb,12,43,7,2042-W07,2042-02-09,7,2042-W07,2042-02-10,Non-Holiday,Weekday
5888,2042-02-13,5888,194,Thursday,February,2042,2042-Feb,13,44,7,2042-W07,2042-02-09,7,2042-W07,2042-02-10,Non-Holiday,Weekday
5889,2042-02-14,5889,194,Friday,February,2042,2042-Feb,14,45,7,2042-W07,2042-02-09,7,2042-W07,2042-02-10,Non-Holiday,Weekday
5890,2042-02-15,5890,194,Saturday,February,2042,2042-Feb,15,46,7,2042-W07,2042-02-09,7,2042-W07,2042-02-10,Non-Holiday,Weekend
5891,2042-02-16,5891,194,Sunday,February,2042,2042-Feb,16,47,8,2042-W08,2042-02-09,7,2042-W07,2042-02-10,Non-Holiday,Weekend
5892,2042-02-17,5892,194,Monday,February,2042,2042-Feb,17,48,8,2042-W08,2042-02-16,8,2042-W08,2042-02-17,Non-Holiday,Weekday
5893,2042-02-18,5893,194,Tuesday,February,2042,2042-Feb,18,49,8,2042-W08,2042-02-16,8,2042-W08,2042-02-17,Non-Holiday,Weekday
5894,2042-02-19,5894,194,Wednesday,February,2042,2042-Feb,19,50,8,2042-W08,2042-02-16,8,2042-W08,2042-02-17,Non-Holiday,Weekday
5895,2042-02-20,5895,194,Thursday,February,2042,2042-Feb,20,51,8,2042-W08,2042-02-16,8,2042-W08,2042-02-17,Non-Holiday,Weekday
5896,2042-02-21,5896,194,Friday,February,2042,2042-Feb,21,52,8,2042-W08,2042-02-16,8,2042-W08,2042-02-17,Non-Holiday,Weekday
5897,2042-02-22,5897,194,Saturday,February,2042,2042-Feb,22,53,8,2042-W08,2042-02-16,8,2042-W08,2042-02-17,Non-Holiday,Weekend
5898,2042-02-23,5898,194,Sunday,February,2042,2042-Feb,23,54,9,2042-W09,2042-02-16,8,2042-W08,2042-02-17,Non-Holiday,Weekend
5899,2042-02-24,5899,194,Monday,February,2042,2042-Feb,24,55,9,2042-W09,2042-02-23,9,2042-W09,2042-02-24,Non-Holiday,Weekday
5900,2042-02-25,5900,194,Tuesday,February,2042,2042-Feb,25,56,9,2042-W09,2042-02-23,9,2042-W09,2042-02-24,Non-Holiday,Weekday
5901,2042-02-26,5901,194,Wednesday,February,2042,2042-Feb,26,57,9,2042-W09,2042-02-23,9,2042-W09,2042-02-24,Non-Holiday,Weekday
5902,2042-02-27,5902,194,Thursday,February,2042,2042-Feb,27,58,9,2042-W09,2042-02-23,9,2042-W09,2042-02-24,Non-Holiday,Weekday
5903,2042-02-28,5903,194,Friday,February,2042,2042-Feb,28,59,9,2042-W09,2042-02-23,9,2042-W09,2042-02-24,Non-Holiday,Weekday
5904,2042-03-01,5904,195,Saturday,March,2042,2042-Mar,1,60,9,2042-W09,2042-02-23,9,2042-W09,2042-02-24,Non-Holiday,Weekend
5905,2042-03-02,5905,195,Sunday,March,2042,2042-Mar,2,61,10,2042-W10,2042-02-23,9,2042-W09,2042-02-24,Non-Holiday,Weekend
5906,2042-03-03,5906,195,Monday,March,2042,2042-Mar,3,62,10,2042-W10,2042-03-02,10,2042-W10,2042-03-03,Non-Holiday,Weekday
5907,2042-03-04,5907,195,Tuesday,March,2042,2042-Mar,4,63,10,2042-W10,2042-03-02,10,2042-W10,2042-03-03,Non-Holiday,Weekday
5908,2042-03-05,5908,195,Wednesday,March,2042,2042-Mar,5,64,10,2042-W10,2042-03-02,10,2042-W10,2042-03-03,Non-Holiday,Weekday
5909,2042-03-06,5909,195,Thursday,March,2042,2042-Mar,6,65,10,2042-W10,2042-03-02,10,2042-W10,2042-03-03,Non-Holiday,Weekday
5910,2042-03-07,5910,195,Friday,March,2042,2042-Mar,7,66,10,2042-W10,2042-03-02,10,2042-W10,2042-03-03,Non-Holiday,Weekday
5911,2042-03-08,5911,195,Saturday,March,2042,2042-Mar,8,67,10,2042-W10,2042-03-02,10,2042-W10,2042-03-03,Non-Holiday,Weekend
5912,2042-03-09,5912,195,Sunday,March,2042,2042-Mar,9,68,11,2042-W11,2042-03-02,10,2042-W10,2042-03-03,Non-Holiday,Weekend
5913,2042-03-10,5913,195,Monday,March,2042,2042-Mar,10,69,11,2042-W11,2042-03-09,11,2042-W11,2042-03-10,Non-Holiday,Weekday
5914,2042-03-11,5914,195,Tuesday,March,2042,2042-Mar,11,70,11,2042-W11,2042-03-09,11,2042-W11,2042-03-10,Non-Holiday,Weekday
5915,2042-03-12,5915,195,Wednesday,March,2042,2042-Mar,12,71,11,2042-W11,2042-03-09,11,2042-W11,2042-03-10,Non-Holiday,Weekday
5916,2042-03-13,5916,195,Thursday,March,2042,2042-Mar,13,72,11,2042-W11,2042-03-09,11,2042-W11,2042-03-10,Non-Holiday,Weekday
5917,2042-03-14,5917,195,Friday,March,2042,2042-Mar,14,73,11,2042-W11,2042-03-09,11,2042-W11,2042-03-10,Non-Holiday,Weekday
5918,2042-03-15,5918,195,Saturday,March,2042,2042-Mar,15,74,11,2042-W11,2042-03-09,11,2042-W11,2042-03-10,Non-Holiday,Weekend
5919,2042-03-16,5919,195,Sunday,March,2042,2042-Mar,16,75,12,2042-W12,2042-03-09,11,2042-W11,2042-03-10,Non-Holiday,Weekend
5920,2042-03-17,5920,195,Monday,March,2042,2042-Mar,17,76,12,2042-W12,2042-03-16,12,2042-W12,2042-03-17,Non-Holiday,Weekday
5921,2042-03-18,5921,195,Tuesday,March,2042,2042-Mar,18,77,12,2042-W12,2042-03-16,12,2042-W12,2042-03-17,Non-Holiday,Weekday
5922,2042-03-19,5922,195,Wednesday,March,2042,2042-Mar,19,78,12,2042-W12,2042-03-16,12,2042-W12,2042-03-17,Non-Holiday,Weekday
5923,2042-03-20,5923,195,Thursday,March,2042,2042-Mar,20,79,12,2042-W12,2042-03-16,12,2042-W12,2042-03-17,Non-Holiday,Weekday
5924,2042-03-21,5924,195,Friday,March,2042,2042-Mar,21,80,12,2042-W12,2042-03-16,12,2042-W12,2042-03-17,Non-Holiday,Weekday
5925,2042-03-22,5925,195,Saturday,March,2042,2042-Mar,22,81,12,2042-W12,2042-03-16,12,2042-W12,2042-03-17,Non-Holiday,Weekend
5926,2042-03-23,5926,195,Sunday,March,2042,2042-Mar,23,82,13,2042-W13,2042-03-16,12,2042-W12,2042-03-17,Non-Holiday,Weekend
5927,2042-03-24,5927,195,Monday,March,2042,2042-Mar,24,83,13,2042-W13,2042-03-23,13,2042-W13,2042-03-24,Non-Holiday,Weekday
5928,2042-03-25,5928,195,Tuesday,March,2042,2042-Mar,25,84,13,2042-W13,2042-03-23,13,2042-W13,2042-03-24,Non-Holiday,Weekday
5929,2042-03-26,5929,195,Wednesday,March,2042,2042-Mar,26,85,13,2042-W13,2042-03-23,13,2042-W13,2042-03-24,Non-Holiday,Weekday
5930,2042-03-27,5930,195,Thursday,March,2042,2042-Mar,27,86,13,2042-W13,2042-03-23,13,2042-W13,2042-03-24,Non-Holiday,Weekday
5931,2042-03-28,5931,195,Friday,March,2042,2042-Mar,28,87,13,2042-W13,2042-03-23,13,2042-W13,2042-03-24,Non-Holiday,Weekday
5932,2042-03-29,5932,195,Saturday,March,2042,2042-Mar,29,88,13,2042-W13,2042-03-23,13,2042-W13,2042-03-24,Non-Holiday,Weekend
5933,2042-03-30,5933,195,Sunday,March,2042,2042-Mar,30,89,14,2042-W14,2042-03-23,13,2042-W13,2042-03-24,Non-Holiday,Weekend
5934,2042-03-31,5934,195,Monday,March,2042,2042-Mar,31,90,14,2042-W14,2042-03-30,14,2042-W14,2042-03-31,Non-Holiday,Weekday
5935,2042-04-01,5935,196,Tuesday,April,2042,2042-Apr,1,91,14,2042-W14,2042-03-30,14,2042-W14,2042-03-31,Non-Holiday,Weekday
5936,2042-04-02,5936,196,Wednesday,April,2042,2042-Apr,2,92,14,2042-W14,2042-03-30,14,2042-W14,2042-03-31,Non-Holiday,Weekday
5937,2042-04-03,5937,196,Thursday,April,2042,2042-Apr,3,93,14,2042-W14,2042-03-30,14,2042-W14,2042-03-31,Non-Holiday,Weekday
5938,2042-04-04,5938,196,Friday,April,2042,2042-Apr,4,94,14,2042-W14,2042-03-30,14,2042-W14,2042-03-31,Non-Holiday,Weekday
5939,2042-04-05,5939,196,Saturday,April,2042,2042-Apr,5,95,14,2042-W14,2042-03-30,14,2042-W14,2042-03-31,Non-Holiday,Weekend
5940,2042-04-06,5940,196,Sunday,April,2042,2042-Apr,6,96,15,2042-W15,2042-03-30,14,2042-W14,2042-03-31,Non-Holiday,Weekend
5941,2042-04-07,5941,196,Monday,April,2042,2042-Apr,7,97,15,2042-W15,2042-04-06,15,2042-W15,2042-04-07,Non-Holiday,Weekday
5942,2042-04-08,5942,196,Tuesday,April,2042,2042-Apr,8,98,15,2042-W15,2042-04-06,15,2042-W15,2042-04-07,Non-Holiday,Weekday
5943,2042-04-09,5943,196,Wednesday,April,2042,2042-Apr,9,99,15,2042-W15,2042-04-06,15,2042-W15,2042-04-07,Non-Holiday,Weekday
5944,2042-04-10,5944,196,Thursday,April,2042,2042-Apr,10,100,15,2042-W15,2042-04-06,15,2042-W15,2042-04-07,Non-Holiday,Weekday
5945,2042-04-11,5945,196,Friday,April,2042,2042-Apr,11,101,15,2042-W15,2042-04-06,15,2042-W15,2042-04-07,Non-Holiday,Weekday
5946,2042-04-12,5946,196,Saturday,April,2042,2042-Apr,12,102,15,2042-W15,2042-04-06,15,2042-W15,2042-04-07,Non-Holiday,Weekend
5947,2042-04-13,5947,196,Sunday,April,2042,2042-Apr,13,103,16,2042-W16,2042-04-06,15,2042-W15,2042-04-07,Non-Holiday,Weekend
5948,2042-04-14,5948,196,Monday,April,2042,2042-Apr,14,104,16,2042-W16,2042-04-13,16,2042-W16,2042-04-14,Non-Holiday,Weekday
5949,2042-04-15,5949,196,Tuesday,April,2042,2042-Apr,15,105,16,2042-W16,2042-04-13,16,2042-W16,2042-04-14,Non-Holiday,Weekday
5950,2042-04-16,5950,196,Wednesday,April,2042,2042-Apr,16,106,16,2042-W16,2042-04-13,16,2042-W16,2042-04-14,Non-Holiday,Weekday
5951,2042-04-17,5951,196,Thursday,April,2042,2042-Apr,17,107,16,2042-W16,2042-04-13,16,2042-W16,2042-04-14,Non-Holiday,Weekday
5952,2042-04-18,5952,196,Friday,April,2042,2042-Apr,18,108,16,2042-W16,2042-04-13,16,2042-W16,2042-04-14,Non-Holiday,Weekday
5953,2042-04-19,5953,196,Saturday,April,2042,2042-Apr,19,109,16,2042-W16,2042-04-13,16,2042-W16,2042-04-14,Non-Holiday,Weekend
5954,2042-04-20,5954,196,Sunday,April,2042,2042-Apr,20,110,17,2042-W17,2042-04-13,16,2042-W16,2042-04-14,Non-Holiday,Weekend
5955,2042-04-21,5955,196,Monday,April,2042,2042-Apr,21,111,17,2042-W17,2042-04-20,17,2042-W17,2042-04-21,Non-Holiday,Weekday
5956,2042-04-22,5956,196,Tuesday,April,2042,2042-Apr,22,112,17,2042-W17,2042-04-20,17,2042-W17,2042-04-21,Non-Holiday,Weekday
5957,2042-04-23,5957,196,Wednesday,April,2042,2042-Apr,23,113,17,2042-W17,2042-04-20,17,2042-W17,2042-04-21,Non-Holiday,Weekday
5958,2042-04-24,5958,196,Thursday,April,2042,2042-Apr,24,114,17,2042-W17,2042-04-20,17,2042-W17,2042-04-21,Non-Holiday,Weekday
5959,2042-04-25,5959,196,Friday,April,2042,2042-Apr,25,115,17,2042-W17,2042-04-20,17,2042-W17,2042-04-21,Non-Holiday,Weekday
5960,2042-04-26,5960,196,Saturday,April,2042,2042-Apr,26,116,17,2042-W17,2042-04-20,17,2042-W17,2042-04-21,Non-Holiday,Weekend
5961,2042-04-27,5961,196,Sunday,April,2042,2042-Apr,27,117,18,2042-W18,2042-04-20,17,2042-W17,2042-04-21,Non-Holiday,Weekend
5962,2042-04-28,5962,196,Monday,April,2042,2042-Apr,28,118,18,2042-W18,2042-04-27,18,2042-W18,2042-04-28,Non-Holiday,Weekday
5963,2042-04-29,5963,196,Tuesday,April,2042,2042-Apr,29,119,18,2042-W18,2042-04-27,18,2042-W18,2042-04-28,Non-Holiday,Weekday
5964,2042-04-30,5964,196,Wednesday,April,2042,2042-Apr,30,120,18,2042-W18,2042-04-27,18,2042-W18,2042-04-28,Non-Holiday,Weekday
5965,2042-05-01,5965,197,Thursday,May,2042,2042-May,1,121,18,2042-W18,2042-04-27,18,2042-W18,2042-04-28,Non-Holiday,Weekday
5966,2042-05-02,5966,197,Friday,May,2042,2042-May,2,122,18,2042-W18,2042-04-27,18,2042-W18,2042-04-28,Non-Holiday,Weekday
5967,2042-05-03,5967,197,Saturday,May,2042,2042-May,3,123,18,2042-W18,2042-04-27,18,2042-W18,2042-04-28,Non-Holiday,Weekend
5968,2042-05-04,5968,197,Sunday,May,2042,2042-May,4,124,19,2042-W19,2042-04-27,18,2042-W18,2042-04-28,Non-Holiday,Weekend
5969,2042-05-05,5969,197,Monday,May,2042,2042-May,5,125,19,2042-W19,2042-05-04,19,2042-W19,2042-05-05,Non-Holiday,Weekday
5970,2042-05-06,5970,197,Tuesday,May,2042,2042-May,6,126,19,2042-W19,2042-05-04,19,2042-W19,2042-05-05,Non-Holiday,Weekday
5971,2042-05-07,5971,197,Wednesday,May,2042,2042-May,7,127,19,2042-W19,2042-05-04,19,2042-W19,2042-05-05,Non-Holiday,Weekday
5972,2042-05-08,5972,197,Thursday,May,2042,2042-May,8,128,19,2042-W19,2042-05-04,19,2042-W19,2042-05-05,Non-Holiday,Weekday
5973,2042-05-09,5973,197,Friday,May,2042,2042-May,9,129,19,2042-W19,2042-05-04,19,2042-W19,2042-05-05,Non-Holiday,Weekday
5974,2042-05-10,5974,197,Saturday,May,2042,2042-May,10,130,19,2042-W19,2042-05-04,19,2042-W19,2042-05-05,Non-Holiday,Weekend
5975,2042-05-11,5975,197,Sunday,May,2042,2042-May,11,131,20,2042-W20,2042-05-04,19,2042-W19,2042-05-05,Non-Holiday,Weekend
5976,2042-05-12,5976,197,Monday,May,2042,2042-May,12,132,20,2042-W20,2042-05-11,20,2042-W20,2042-05-12,Non-Holiday,Weekday
5977,2042-05-13,5977,197,Tuesday,May,2042,2042-May,13,133,20,2042-W20,2042-05-11,20,2042-W20,2042-05-12,Non-Holiday,Weekday
5978,2042-05-14,5978,197,Wednesday,May,2042,2042-May,14,134,20,2042-W20,2042-05-11,20,2042-W20,2042-05-12,Non-Holiday,Weekday
5979,2042-05-15,5979,197,Thursday,May,2042,2042-May,15,135,20,2042-W20,2042-05-11,20,2042-W20,2042-05-12,Non-Holiday,Weekday
5980,2042-05-16,5980,197,Friday,May,2042,2042-May,16,136,20,2042-W20,2042-05-11,20,2042-W20,2042-05-12,Non-Holiday,Weekday
5981,2042-05-17,5981,197,Saturday,May,2042,2042-May,17,137,20,2042-W20,2042-05-11,20,2042-W20,2042-05-12,Non-Holiday,Weekend
5982,2042-05-18,5982,197,Sunday,May,2042,2042-May,18,138,21,2042-W21,2042-05-11,20,2042-W20,2042-05-12,Non-Holiday,Weekend
5983,2042-05-19,5983,197,Monday,May,2042,2042-May,19,139,21,2042-W21,2042-05-18,21,2042-W21,2042-05-19,Non-Holiday,Weekday
5984,2042-05-20,5984,197,Tuesday,May,2042,2042-May,20,140,21,2042-W21,2042-05-18,21,2042-W21,2042-05-19,Non-Holiday,Weekday
5985,2042-05-21,5985,197,Wednesday,May,2042,2042-May,21,141,21,2042-W21,2042-05-18,21,2042-W21,2042-05-19,Non-Holiday,Weekday
5986,2042-05-22,5986,197,Thursday,May,2042,2042-May,22,142,21,2042-W21,2042-05-18,21,2042-W21,2042-05-19,Non-Holiday,Weekday
5987,2042-05-23,5987,197,Friday,May,2042,2042-May,23,143,21,2042-W21,2042-05-18,21,2042-W21,2042-05-19,Non-Holiday,Weekday
5988,2042-05-24,5988,197,Saturday,May,2042,2042-May,24,144,21,2042-W21,2042-05-18,21,2042-W21,2042-05-19,Non-Holiday,Weekend
5989,2042-05-25,5989,197,Sunday,May,2042,2042-May,25,145,22,2042-W22,2042-05-18,21,2042-W21,2042-05-19,Non-Holiday,Weekend
5990,2042-05-26,5990,197,Monday,May,2042,2042-May,26,146,22,2042-W22,2042-05-25,22,2042-W22,2042-05-26,Non-Holiday,Weekday
5991,2042-05-27,5991,197,Tuesday,May,2042,2042-May,27,147,22,2042-W22,2042-05-25,22,2042-W22,2042-05-26,Non-Holiday,Weekday
5992,2042-05-28,5992,197,Wednesday,May,2042,2042-May,28,148,22,2042-W22,2042-05-25,22,2042-W22,2042-05-26,Non-Holiday,Weekday
5993,2042-05-29,5993,197,Thursday,May,2042,2042-May,29,149,22,2042-W22,2042-05-25,22,2042-W22,2042-05-26,Non-Holiday,Weekday
5994,2042-05-30,5994,197,Friday,May,2042,2042-May,30,150,22,2042-W22,2042-05-25,22,2042-W22,2042-05-26,Non-Holiday,Weekday
5995,2042-05-31,5995,197,Saturday,May,2042,2042-May,31,151,22,2042-W22,2042-05-25,22,2042-W22,2042-05-26,Non-Holiday,Weekend
5996,2042-06-01,5996,198,Sunday,June,2042,2042-Jun,1,152,23,2042-W23,2042-05-25,22,2042-W22,2042-05-26,Non-Holiday,Weekend
5997,2042-06-02,5997,198,Monday,June,2042,2042-Jun,2,153,23,2042-W23,2042-06-01,23,2042-W23,2042-06-02,Non-Holiday,Weekday
5998,2042-06-03,5998,198,Tuesday,June,2042,2042-Jun,3,154,23,2042-W23,2042-06-01,23,2042-W23,2042-06-02,Non-Holiday,Weekday
5999,2042-06-04,5999,198,Wednesday,June,2042,2042-Jun,4,155,23,2042-W23,2042-06-01,23,2042-W23,2042-06-02,Non-Holiday,Weekday
6000,2042-06-05,6000,198,Thursday,June,2042,2042-Jun,5,156,23,2042-W23,2042-06-01,23,2042-W23,2042-06-02,Non-Holiday,Weekday
6001,2042-06-06,6001,198,Friday,June,2042,2042-Jun,6,157,23,2042-W23,2042-06-01,23,2042-W23,2042-06-02,Non-Holiday,Weekday
6002,2042-06-07,6002,198,Saturday,June,2042,2042-Jun,7,158,23,2042-W23,2042-06-01,23,2042-W23,2042-06-02,Non-Holiday,Weekend
6003,2042-06-08,6003,198,Sunday,June,2042,2042-Jun,8,159,24,2042-W24,2042-06-01,23,2042-W23,2042-06-02,Non-Holiday,Weekend
6004,2042-06-09,6004,198,Monday,June,2042,2042-Jun,9,160,24,2042-W24,2042-06-08,24,2042-W24,2042-06-09,Non-Holiday,Weekday
6005,2042-06-10,6005,198,Tuesday,June,2042,2042-Jun,10,161,24,2042-W24,2042-06-08,24,2042-W24,2042-06-09,Non-Holiday,Weekday
6006,2042-06-11,6006,198,Wednesday,June,2042,2042-Jun,11,162,24,2042-W24,2042-06-08,24,2042-W24,2042-06-09,Non-Holiday,Weekday
6007,2042-06-12,6007,198,Thursday,June,2042,2042-Jun,12,163,24,2042-W24,2042-06-08,24,2042-W24,2042-06-09,Non-Holiday,Weekday
6008,2042-06-13,6008,198,Friday,June,2042,2042-Jun,13,164,24,2042-W24,2042-06-08,24,2042-W24,2042-06-09,Non-Holiday,Weekday
6009,2042-06-14,6009,198,Saturday,June,2042,2042-Jun,14,165,24,2042-W24,2042-06-08,24,2042-W24,2042-06-09,Non-Holiday,Weekend
6010,2042-06-15,6010,198,Sunday,June,2042,2042-Jun,15,166,25,2042-W25,2042-06-08,24,2042-W24,2042-06-09,Non-Holiday,Weekend
6011,2042-06-16,6011,198,Monday,June,2042,2042-Jun,16,167,25,2042-W25,2042-06-15,25,2042-W25,2042-06-16,Non-Holiday,Weekday
6012,2042-06-17,6012,198,Tuesday,June,2042,2042-Jun,17,168,25,2042-W25,2042-06-15,25,2042-W25,2042-06-16,Non-Holiday,Weekday
6013,2042-06-18,6013,198,Wednesday,June,2042,2042-Jun,18,169,25,2042-W25,2042-06-15,25,2042-W25,2042-06-16,Non-Holiday,Weekday
6014,2042-06-19,6014,198,Thursday,June,2042,2042-Jun,19,170,25,2042-W25,2042-06-15,25,2042-W25,2042-06-16,Non-Holiday,Weekday
6015,2042-06-20,6015,198,Friday,June,2042,2042-Jun,20,171,25,2042-W25,2042-06-15,25,2042-W25,2042-06-16,Non-Holiday,Weekday
6016,2042-06-21,6016,198,Saturday,June,2042,2042-Jun,21,172,25,2042-W25,2042-06-15,25,2042-W25,2042-06-16,Non-Holiday,Weekend
6017,2042-06-22,6017,198,Sunday,June,2042,2042-Jun,22,173,26,2042-W26,2042-06-15,25,2042-W25,2042-06-16,Non-Holiday,Weekend
6018,2042-06-23,6018,198,Monday,June,2042,2042-Jun,23,174,26,2042-W26,2042-06-22,26,2042-W26,2042-06-23,Non-Holiday,Weekday
6019,2042-06-24,6019,198,Tuesday,June,2042,2042-Jun,24,175,26,2042-W26,2042-06-22,26,2042-W26,2042-06-23,Non-Holiday,Weekday
6020,2042-06-25,6020,198,Wednesday,June,2042,2042-Jun,25,176,26,2042-W26,2042-06-22,26,2042-W26,2042-06-23,Non-Holiday,Weekday
6021,2042-06-26,6021,198,Thursday,June,2042,2042-Jun,26,177,26,2042-W26,2042-06-22,26,2042-W26,2042-06-23,Non-Holiday,Weekday
6022,2042-06-27,6022,198,Friday,June,2042,2042-Jun,27,178,26,2042-W26,2042-06-22,26,2042-W26,2042-06-23,Non-Holiday,Weekday
6023,2042-06-28,6023,198,Saturday,June,2042,2042-Jun,28,179,26,2042-W26,2042-06-22,26,2042-W26,2042-06-23,Non-Holiday,Weekend
6024,2042-06-29,6024,198,Sunday,June,2042,2042-Jun,29,180,27,2042-W27,2042-06-22,26,2042-W26,2042-06-23,Non-Holiday,Weekend
6025,2042-06-30,6025,198,Monday,June,2042,2042-Jun,30,181,27,2042-W27,2042-06-29,27,2042-W27,2042-06-30,Non-Holiday,Weekday
6026,2042-07-01,6026,199,Tuesday,July,2042,2042-Jul,1,182,27,2042-W27,2042-06-29,27,2042-W27,2042-06-30,Non-Holiday,Weekday
6027,2042-07-02,6027,199,Wednesday,July,2042,2042-Jul,2,183,27,2042-W27,2042-06-29,27,2042-W27,2042-06-30,Non-Holiday,Weekday
6028,2042-07-03,6028,199,Thursday,July,2042,2042-Jul,3,184,27,2042-W27,2042-06-29,27,2042-W27,2042-06-30,Non-Holiday,Weekday
6029,2042-07-04,6029,199,Friday,July,2042,2042-Jul,4,185,27,2042-W27,2042-06-29,27,2042-W27,2042-06-30,Non-Holiday,Weekday
6030,2042-07-05,6030,199,Saturday,July,2042,2042-Jul,5,186,27,2042-W27,2042-06-29,27,2042-W27,2042-06-30,Non-Holiday,Weekend
6031,2042-07-06,6031,199,Sunday,July,2042,2042-Jul,6,187,28,2042-W28,2042-06-29,27,2042-W27,2042-06-30,Non-Holiday,Weekend
6032,2042-07-07,6032,199,Monday,July,2042,2042-Jul,7,188,28,2042-W28,2042-07-06,28,2042-W28,2042-07-07,Non-Holiday,Weekday
6033,2042-07-08,6033,199,Tuesday,July,2042,2042-Jul,8,189,28,2042-W28,2042-07-06,28,2042-W28,2042-07-07,Non-Holiday,Weekday
6034,2042-07-09,6034,199,Wednesday,July,2042,2042-Jul,9,190,28,2042-W28,2042-07-06,28,2042-W28,2042-07-07,Non-Holiday,Weekday
6035,2042-07-10,6035,199,Thursday,July,2042,2042-Jul,10,191,28,2042-W28,2042-07-06,28,2042-W28,2042-07-07,Non-Holiday,Weekday
6036,2042-07-11,6036,199,Friday,July,2042,2042-Jul,11,192,28,2042-W28,2042-07-06,28,2042-W28,2042-07-07,Non-Holiday,Weekday
6037,2042-07-12,6037,199,Saturday,July,2042,2042-Jul,12,193,28,2042-W28,2042-07-06,28,2042-W28,2042-07-07,Non-Holiday,Weekend
6038,2042-07-13,6038,199,Sunday,July,2042,2042-Jul,13,194,29,2042-W29,2042-07-06,28,2042-W28,2042-07-07,Non-Holiday,Weekend
6039,2042-07-14,6039,199,Monday,July,2042,2042-Jul,14,195,29,2042-W29,2042-07-13,29,2042-W29,2042-07-14,Non-Holiday,Weekday
6040,2042-07-15,6040,199,Tuesday,July,2042,2042-Jul,15,196,29,2042-W29,2042-07-13,29,2042-W29,2042-07-14,Non-Holiday,Weekday
6041,2042-07-16,6041,199,Wednesday,July,2042,2042-Jul,16,197,29,2042-W29,2042-07-13,29,2042-W29,2042-07-14,Non-Holiday,Weekday
6042,2042-07-17,6042,199,Thursday,July,2042,2042-Jul,17,198,29,2042-W29,2042-07-13,29,2042-W29,2042-07-14,Non-Holiday,Weekday
6043,2042-07-18,6043,199,Friday,July,2042,2042-Jul,18,199,29,2042-W29,2042-07-13,29,2042-W29,2042-07-14,Non-Holiday,Weekday
6044,2042-07-19,6044,199,Saturday,July,2042,2042-Jul,19,200,29,2042-W29,2042-07-13,29,2042-W29,2042-07-14,Non-Holiday,Weekend
6045,2042-07-20,6045,199,Sunday,July,2042,2042-Jul,20,201,30,2042-W30,2042-07-13,29,2042-W29,2042-07-14,Non-Holiday,Weekend
6046,2042-07-21,6046,199,Monday,July,2042,2042-Jul,21,202,30,2042-W30,2042-07-20,30,2042-W30,2042-07-21,Non-Holiday,Weekday
6047,2042-07-22,6047,199,Tuesday,July,2042,2042-Jul,22,203,30,2042-W30,2042-07-20,30,2042-W30,2042-07-21,Non-Holiday,Weekday
6048,2042-07-23,6048,199,Wednesday,July,2042,2042-Jul,23,204,30,2042-W30,2042-07-20,30,2042-W30,2042-07-21,Non-Holiday,Weekday
6049,2042-07-24,6049,199,Thursday,July,2042,2042-Jul,24,205,30,2042-W30,2042-07-20,30,2042-W30,2042-07-21,Non-Holiday,Weekday
6050,2042-07-25,6050,199,Friday,July,2042,2042-Jul,25,206,30,2042-W30,2042-07-20,30,2042-W30,2042-07-21,Non-Holiday,Weekday
6051,2042-07-26,6051,199,Saturday,July,2042,2042-Jul,26,207,30,2042-W30,2042-07-20,30,2042-W30,2042-07-21,Non-Holiday,Weekend
6052,2042-07-27,6052,199,Sunday,July,2042,2042-Jul,27,208,31,2042-W31,2042-07-20,30,2042-W30,2042-07-21,Non-Holiday,Weekend
6053,2042-07-28,6053,199,Monday,July,2042,2042-Jul,28,209,31,2042-W31,2042-07-27,31,2042-W31,2042-07-28,Non-Holiday,Weekday
6054,2042-07-29,6054,199,Tuesday,July,2042,2042-Jul,29,210,31,2042-W31,2042-07-27,31,2042-W31,2042-07-28,Non-Holiday,Weekday
6055,2042-07-30,6055,199,Wednesday,July,2042,2042-Jul,30,211,31,2042-W31,2042-07-27,31,2042-W31,2042-07-28,Non-Holiday,Weekday
6056,2042-07-31,6056,199,Thursday,July,2042,2042-Jul,31,212,31,2042-W31,2042-07-27,31,2042-W31,2042-07-28,Non-Holiday,Weekday
6057,2042-08-01,6057,200,Friday,August,2042,2042-Aug,1,213,31,2042-W31,2042-07-27,31,2042-W31,2042-07-28,Non-Holiday,Weekday
6058,2042-08-02,6058,200,Saturday,August,2042,2042-Aug,2,214,31,2042-W31,2042-07-27,31,2042-W31,2042-07-28,Non-Holiday,Weekend
6059,2042-08-03,6059,200,Sunday,August,2042,2042-Aug,3,215,32,2042-W32,2042-07-27,31,2042-W31,2042-07-28,Non-Holiday,Weekend
6060,2042-08-04,6060,200,Monday,August,2042,2042-Aug,4,216,32,2042-W32,2042-08-03,32,2042-W32,2042-08-04,Non-Holiday,Weekday
6061,2042-08-05,6061,200,Tuesday,August,2042,2042-Aug,5,217,32,2042-W32,2042-08-03,32,2042-W32,2042-08-04,Non-Holiday,Weekday
6062,2042-08-06,6062,200,Wednesday,August,2042,2042-Aug,6,218,32,2042-W32,2042-08-03,32,2042-W32,2042-08-04,Non-Holiday,Weekday
6063,2042-08-07,6063,200,Thursday,August,2042,2042-Aug,7,219,32,2042-W32,2042-08-03,32,2042-W32,2042-08-04,Non-Holiday,Weekday
6064,2042-08-08,6064,200,Friday,August,2042,2042-Aug,8,220,32,2042-W32,2042-08-03,32,2042-W32,2042-08-04,Non-Holiday,Weekday
6065,2042-08-09,6065,200,Saturday,August,2042,2042-Aug,9,221,32,2042-W32,2042-08-03,32,2042-W32,2042-08-04,Non-Holiday,Weekend
6066,2042-08-10,6066,200,Sunday,August,2042,2042-Aug,10,222,33,2042-W33,2042-08-03,32,2042-W32,2042-08-04,Non-Holiday,Weekend
6067,2042-08-11,6067,200,Monday,August,2042,2042-Aug,11,223,33,2042-W33,2042-08-10,33,2042-W33,2042-08-11,Non-Holiday,Weekday
6068,2042-08-12,6068,200,Tuesday,August,2042,2042-Aug,12,224,33,2042-W33,2042-08-10,33,2042-W33,2042-08-11,Non-Holiday,Weekday
6069,2042-08-13,6069,200,Wednesday,August,2042,2042-Aug,13,225,33,2042-W33,2042-08-10,33,2042-W33,2042-08-11,Non-Holiday,Weekday
6070,2042-08-14,6070,200,Thursday,August,2042,2042-Aug,14,226,33,2042-W33,2042-08-10,33,2042-W33,2042-08-11,Non-Holiday,Weekday
6071,2042-08-15,6071,200,Friday,August,2042,2042-Aug,15,227,33,2042-W33,2042-08-10,33,2042-W33,2042-08-11,Non-Holiday,Weekday
6072,2042-08-16,6072,200,Saturday,August,2042,2042-Aug,16,228,33,2042-W33,2042-08-10,33,2042-W33,2042-08-11,Non-Holiday,Weekend
6073,2042-08-17,6073,200,Sunday,August,2042,2042-Aug,17,229,34,2042-W34,2042-08-10,33,2042-W33,2042-08-11,Non-Holiday,Weekend
6074,2042-08-18,6074,200,Monday,August,2042,2042-Aug,18,230,34,2042-W34,2042-08-17,34,2042-W34,2042-08-18,Non-Holiday,Weekday
6075,2042-08-19,6075,200,Tuesday,August,2042,2042-Aug,19,231,34,2042-W34,2042-08-17,34,2042-W34,2042-08-18,Non-Holiday,Weekday
6076,2042-08-20,6076,200,Wednesday,August,2042,2042-Aug,20,232,34,2042-W34,2042-08-17,34,2042-W34,2042-08-18,Non-Holiday,Weekday
6077,2042-08-21,6077,200,Thursday,August,2042,2042-Aug,21,233,34,2042-W34,2042-08-17,34,2042-W34,2042-08-18,Non-Holiday,Weekday
6078,2042-08-22,6078,200,Friday,August,2042,2042-Aug,22,234,34,2042-W34,2042-08-17,34,2042-W34,2042-08-18,Non-Holiday,Weekday
6079,2042-08-23,6079,200,Saturday,August,2042,2042-Aug,23,235,34,2042-W34,2042-08-17,34,2042-W34,2042-08-18,Non-Holiday,Weekend
6080,2042-08-24,6080,200,Sunday,August,2042,2042-Aug,24,236,35,2042-W35,2042-08-17,34,2042-W34,2042-08-18,Non-Holiday,Weekend
6081,2042-08-25,6081,200,Monday,August,2042,2042-Aug,25,237,35,2042-W35,2042-08-24,35,2042-W35,2042-08-25,Non-Holiday,Weekday
6082,2042-08-26,6082,200,Tuesday,August,2042,2042-Aug,26,238,35,2042-W35,2042-08-24,35,2042-W35,2042-08-25,Non-Holiday,Weekday
6083,2042-08-27,6083,200,Wednesday,August,2042,2042-Aug,27,239,35,2042-W35,2042-08-24,35,2042-W35,2042-08-25,Non-Holiday,Weekday
6084,2042-08-28,6084,200,Thursday,August,2042,2042-Aug,28,240,35,2042-W35,2042-08-24,35,2042-W35,2042-08-25,Non-Holiday,Weekday
6085,2042-08-29,6085,200,Friday,August,2042,2042-Aug,29,241,35,2042-W35,2042-08-24,35,2042-W35,2042-08-25,Non-Holiday,Weekday
6086,2042-08-30,6086,200,Saturday,August,2042,2042-Aug,30,242,35,2042-W35,2042-08-24,35,2042-W35,2042-08-25,Non-Holiday,Weekend
6087,2042-08-31,6087,200,Sunday,August,2042,2042-Aug,31,243,36,2042-W36,2042-08-24,35,2042-W35,2042-08-25,Non-Holiday,Weekend
6088,2042-09-01,6088,201,Monday,September,2042,2042-Sep,1,244,36,2042-W36,2042-08-31,36,2042-W36,2042-09-01,Non-Holiday,Weekday
6089,2042-09-02,6089,201,Tuesday,September,2042,2042-Sep,2,245,36,2042-W36,2042-08-31,36,2042-W36,2042-09-01,Non-Holiday,Weekday
6090,2042-09-03,6090,201,Wednesday,September,2042,2042-Sep,3,246,36,2042-W36,2042-08-31,36,2042-W36,2042-09-01,Non-Holiday,Weekday
6091,2042-09-04,6091,201,Thursday,September,2042,2042-Sep,4,247,36,2042-W36,2042-08-31,36,2042-W36,2042-09-01,Non-Holiday,Weekday
6092,2042-09-05,6092,201,Friday,September,2042,2042-Sep,5,248,36,2042-W36,2042-08-31,36,2042-W36,2042-09-01,Non-Holiday,Weekday
6093,2042-09-06,6093,201,Saturday,September,2042,2042-Sep,6,249,36,2042-W36,2042-08-31,36,2042-W36,2042-09-01,Non-Holiday,Weekend
6094,2042-09-07,6094,201,Sunday,September,2042,2042-Sep,7,250,37,2042-W37,2042-08-31,36,2042-W36,2042-09-01,Non-Holiday,Weekend
6095,2042-09-08,6095,201,Monday,September,2042,2042-Sep,8,251,37,2042-W37,2042-09-07,37,2042-W37,2042-09-08,Non-Holiday,Weekday
6096,2042-09-09,6096,201,Tuesday,September,2042,2042-Sep,9,252,37,2042-W37,2042-09-07,37,2042-W37,2042-09-08,Non-Holiday,Weekday
6097,2042-09-10,6097,201,Wednesday,September,2042,2042-Sep,10,253,37,2042-W37,2042-09-07,37,2042-W37,2042-09-08,Non-Holiday,Weekday
6098,2042-09-11,6098,201,Thursday,September,2042,2042-Sep,11,254,37,2042-W37,2042-09-07,37,2042-W37,2042-09-08,Non-Holiday,Weekday
6099,2042-09-12,6099,201,Friday,September,2042,2042-Sep,12,255,37,2042-W37,2042-09-07,37,2042-W37,2042-09-08,Non-Holiday,Weekday
6100,2042-09-13,6100,201,Saturday,September,2042,2042-Sep,13,256,37,2042-W37,2042-09-07,37,2042-W37,2042-09-08,Non-Holiday,Weekend
6101,2042-09-14,6101,201,Sunday,September,2042,2042-Sep,14,257,38,2042-W38,2042-09-07,37,2042-W37,2042-09-08,Non-Holiday,Weekend
6102,2042-09-15,6102,201,Monday,September,2042,2042-Sep,15,258,38,2042-W38,2042-09-14,38,2042-W38,2042-09-15,Non-Holiday,Weekday
6103,2042-09-16,6103,201,Tuesday,September,2042,2042-Sep,16,259,38,2042-W38,2042-09-14,38,2042-W38,2042-09-15,Non-Holiday,Weekday
6104,2042-09-17,6104,201,Wednesday,September,2042,2042-Sep,17,260,38,2042-W38,2042-09-14,38,2042-W38,2042-09-15,Non-Holiday,Weekday
6105,2042-09-18,6105,201,Thursday,September,2042,2042-Sep,18,261,38,2042-W38,2042-09-14,38,2042-W38,2042-09-15,Non-Holiday,Weekday
6106,2042-09-19,6106,201,Friday,September,2042,2042-Sep,19,262,38,2042-W38,2042-09-14,38,2042-W38,2042-09-15,Non-Holiday,Weekday
6107,2042-09-20,6107,201,Saturday,September,2042,2042-Sep,20,263,38,2042-W38,2042-09-14,38,2042-W38,2042-09-15,Non-Holiday,Weekend
6108,2042-09-21,6108,201,Sunday,September,2042,2042-Sep,21,264,39,2042-W39,2042-09-14,38,2042-W38,2042-09-15,Non-Holiday,Weekend
6109,2042-09-22,6109,201,Monday,September,2042,2042-Sep,22,265,39,2042-W39,2042-09-21,39,2042-W39,2042-09-22,Non-Holiday,Weekday
6110,2042-09-23,6110,201,Tuesday,September,2042,2042-Sep,23,266,39,2042-W39,2042-09-21,39,2042-W39,2042-09-22,Non-Holiday,Weekday
6111,2042-09-24,6111,201,Wednesday,September,2042,2042-Sep,24,267,39,2042-W39,2042-09-21,39,2042-W39,2042-09-22,Non-Holiday,Weekday
6112,2042-09-25,6112,201,Thursday,September,2042,2042-Sep,25,268,39,2042-W39,2042-09-21,39,2042-W39,2042-09-22,Non-Holiday,Weekday
6113,2042-09-26,6113,201,Friday,September,2042,2042-Sep,26,269,39,2042-W39,2042-09-21,39,2042-W39,2042-09-22,Non-Holiday,Weekday
6114,2042-09-27,6114,201,Saturday,September,2042,2042-Sep,27,270,39,2042-W39,2042-09-21,39,2042-W39,2042-09-22,Non-Holiday,Weekend
6115,2042-09-28,6115,201,Sunday,September,2042,2042-Sep,28,271,40,2042-W40,2042-09-21,39,2042-W39,2042-09-22,Non-Holiday,Weekend
6116,2042-09-29,6116,201,Monday,September,2042,2042-Sep,29,272,40,2042-W40,2042-09-28,40,2042-W40,2042-09-29,Non-Holiday,Weekday
6117,2042-09-30,6117,201,Tuesday,September,2042,2042-Sep,30,273,40,2042-W40,2042-09-28,40,2042-W40,2042-09-29,Non-Holiday,Weekday
6118,2042-10-01,6118,202,Wednesday,October,2042,2042-Oct,1,274,40,2042-W40,2042-09-28,40,2042-W40,2042-09-29,Non-Holiday,Weekday
6119,2042-10-02,6119,202,Thursday,October,2042,2042-Oct,2,275,40,2042-W40,2042-09-28,40,2042-W40,2042-09-29,Non-Holiday,Weekday
6120,2042-10-03,6120,202,Friday,October,2042,2042-Oct,3,276,40,2042-W40,2042-09-28,40,2042-W40,2042-09-29,Non-Holiday,Weekday
6121,2042-10-04,6121,202,Saturday,October,2042,2042-Oct,4,277,40,2042-W40,2042-09-28,40,2042-W40,2042-09-29,Non-Holiday,Weekend
6122,2042-10-05,6122,202,Sunday,October,2042,2042-Oct,5,278,41,2042-W41,2042-09-28,40,2042-W40,2042-09-29,Non-Holiday,Weekend
6123,2042-10-06,6123,202,Monday,October,2042,2042-Oct,6,279,41,2042-W41,2042-10-05,41,2042-W41,2042-10-06,Non-Holiday,Weekday
6124,2042-10-07,6124,202,Tuesday,October,2042,2042-Oct,7,280,41,2042-W41,2042-10-05,41,2042-W41,2042-10-06,Non-Holiday,Weekday
6125,2042-10-08,6125,202,Wednesday,October,2042,2042-Oct,8,281,41,2042-W41,2042-10-05,41,2042-W41,2042-10-06,Non-Holiday,Weekday
6126,2042-10-09,6126,202,Thursday,October,2042,2042-Oct,9,282,41,2042-W41,2042-10-05,41,2042-W41,2042-10-06,Non-Holiday,Weekday
6127,2042-10-10,6127,202,Friday,October,2042,2042-Oct,10,283,41,2042-W41,2042-10-05,41,2042-W41,2042-10-06,Non-Holiday,Weekday
6128,2042-10-11,6128,202,Saturday,October,2042,2042-Oct,11,284,41,2042-W41,2042-10-05,41,2042-W41,2042-10-06,Non-Holiday,Weekend
6129,2042-10-12,6129,202,Sunday,October,2042,2042-Oct,12,285,42,2042-W42,2042-10-05,41,2042-W41,2042-10-06,Non-Holiday,Weekend
6130,2042-10-13,6130,202,Monday,October,2042,2042-Oct,13,286,42,2042-W42,2042-10-12,42,2042-W42,2042-10-13,Non-Holiday,Weekday
6131,2042-10-14,6131,202,Tuesday,October,2042,2042-Oct,14,287,42,2042-W42,2042-10-12,42,2042-W42,2042-10-13,Non-Holiday,Weekday
6132,2042-10-15,6132,202,Wednesday,October,2042,2042-Oct,15,288,42,2042-W42,2042-10-12,42,2042-W42,2042-10-13,Non-Holiday,Weekday
6133,2042-10-16,6133,202,Thursday,October,2042,2042-Oct,16,289,42,2042-W42,2042-10-12,42,2042-W42,2042-10-13,Non-Holiday,Weekday
6134,2042-10-17,6134,202,Friday,October,2042,2042-Oct,17,290,42,2042-W42,2042-10-12,42,2042-W42,2042-10-13,Non-Holiday,Weekday
6135,2042-10-18,6135,202,Saturday,October,2042,2042-Oct,18,291,42,2042-W42,2042-10-12,42,2042-W42,2042-10-13,Non-Holiday,Weekend
6136,2042-10-19,6136,202,Sunday,October,2042,2042-Oct,19,292,43,2042-W43,2042-10-12,42,2042-W42,2042-10-13,Non-Holiday,Weekend
6137,2042-10-20,6137,202,Monday,October,2042,2042-Oct,20,293,43,2042-W43,2042-10-19,43,2042-W43,2042-10-20,Non-Holiday,Weekday
6138,2042-10-21,6138,202,Tuesday,October,2042,2042-Oct,21,294,43,2042-W43,2042-10-19,43,2042-W43,2042-10-20,Non-Holiday,Weekday
6139,2042-10-22,6139,202,Wednesday,October,2042,2042-Oct,22,295,43,2042-W43,2042-10-19,43,2042-W43,2042-10-20,Non-Holiday,Weekday
6140,2042-10-23,6140,202,Thursday,October,2042,2042-Oct,23,296,43,2042-W43,2042-10-19,43,2042-W43,2042-10-20,Non-Holiday,Weekday
6141,2042-10-24,6141,202,Friday,October,2042,2042-Oct,24,297,43,2042-W43,2042-10-19,43,2042-W43,2042-10-20,Non-Holiday,Weekday
6142,2042-10-25,6142,202,Saturday,October,2042,2042-Oct,25,298,43,2042-W43,2042-10-19,43,2042-W43,2042-10-20,Non-Holiday,Weekend
6143,2042-10-26,6143,202,Sunday,October,2042,2042-Oct,26,299,44,2042-W44,2042-10-19,43,2042-W43,2042-10-20,Non-Holiday,Weekend
6144,2042-10-27,6144,202,Monday,October,2042,2042-Oct,27,300,44,2042-W44,2042-10-26,44,2042-W44,2042-10-27,Non-Holiday,Weekday
6145,2042-10-28,6145,202,Tuesday,October,2042,2042-Oct,28,301,44,2042-W44,2042-10-26,44,2042-W44,2042-10-27,Non-Holiday,Weekday
6146,2042-10-29,6146,202,Wednesday,October,2042,2042-Oct,29,302,44,2042-W44,2042-10-26,44,2042-W44,2042-10-27,Non-Holiday,Weekday
6147,2042-10-30,6147,202,Thursday,October,2042,2042-Oct,30,303,44,2042-W44,2042-10-26,44,2042-W44,2042-10-27,Non-Holiday,Weekday
6148,2042-10-31,6148,202,Friday,October,2042,2042-Oct,31,304,44,2042-W44,2042-10-26,44,2042-W44,2042-10-27,Non-Holiday,Weekday
6149,2042-11-01,6149,203,Saturday,November,2042,2042-Nov,1,305,44,2042-W44,2042-10-26,44,2042-W44,2042-10-27,Non-Holiday,Weekend
6150,2042-11-02,6150,203,Sunday,November,2042,2042-Nov,2,306,45,2042-W45,2042-10-26,44,2042-W44,2042-10-27,Non-Holiday,Weekend
6151,2042-11-03,6151,203,Monday,November,2042,2042-Nov,3,307,45,2042-W45,2042-11-02,45,2042-W45,2042-11-03,Non-Holiday,Weekday
6152,2042-11-04,6152,203,Tuesday,November,2042,2042-Nov,4,308,45,2042-W45,2042-11-02,45,2042-W45,2042-11-03,Non-Holiday,Weekday
6153,2042-11-05,6153,203,Wednesday,November,2042,2042-Nov,5,309,45,2042-W45,2042-11-02,45,2042-W45,2042-11-03,Non-Holiday,Weekday
6154,2042-11-06,6154,203,Thursday,November,2042,2042-Nov,6,310,45,2042-W45,2042-11-02,45,2042-W45,2042-11-03,Non-Holiday,Weekday
6155,2042-11-07,6155,203,Friday,November,2042,2042-Nov,7,311,45,2042-W45,2042-11-02,45,2042-W45,2042-11-03,Non-Holiday,Weekday
6156,2042-11-08,6156,203,Saturday,November,2042,2042-Nov,8,312,45,2042-W45,2042-11-02,45,2042-W45,2042-11-03,Non-Holiday,Weekend
6157,2042-11-09,6157,203,Sunday,November,2042,2042-Nov,9,313,46,2042-W46,2042-11-02,45,2042-W45,2042-11-03,Non-Holiday,Weekend
6158,2042-11-10,6158,203,Monday,November,2042,2042-Nov,10,314,46,2042-W46,2042-11-09,46,2042-W46,2042-11-10,Non-Holiday,Weekday
6159,2042-11-11,6159,203,Tuesday,November,2042,2042-Nov,11,315,46,2042-W46,2042-11-09,46,2042-W46,2042-11-10,Non-Holiday,Weekday
6160,2042-11-12,6160,203,Wednesday,November,2042,2042-Nov,12,316,46,2042-W46,2042-11-09,46,2042-W46,2042-11-10,Non-Holiday,Weekday
6161,2042-11-13,6161,203,Thursday,November,2042,2042-Nov,13,317,46,2042-W46,2042-11-09,46,2042-W46,2042-11-10,Non-Holiday,Weekday
6162,2042-11-14,6162,203,Friday,November,2042,2042-Nov,14,318,46,2042-W46,2042-11-09,46,2042-W46,2042-11-10,Non-Holiday,Weekday
6163,2042-11-15,6163,203,Saturday,November,2042,2042-Nov,15,319,46,2042-W46,2042-11-09,46,2042-W46,2042-11-10,Non-Holiday,Weekend
6164,2042-11-16,6164,203,Sunday,November,2042,2042-Nov,16,320,47,2042-W47,2042-11-09,46,2042-W46,2042-11-10,Non-Holiday,Weekend
6165,2042-11-17,6165,203,Monday,November,2042,2042-Nov,17,321,47,2042-W47,2042-11-16,47,2042-W47,2042-11-17,Non-Holiday,Weekday
6166,2042-11-18,6166,203,Tuesday,November,2042,2042-Nov,18,322,47,2042-W47,2042-11-16,47,2042-W47,2042-11-17,Non-Holiday,Weekday
6167,2042-11-19,6167,203,Wednesday,November,2042,2042-Nov,19,323,47,2042-W47,2042-11-16,47,2042-W47,2042-11-17,Non-Holiday,Weekday
6168,2042-11-20,6168,203,Thursday,November,2042,2042-Nov,20,324,47,2042-W47,2042-11-16,47,2042-W47,2042-11-17,Non-Holiday,Weekday
6169,2042-11-21,6169,203,Friday,November,2042,2042-Nov,21,325,47,2042-W47,2042-11-16,47,2042-W47,2042-11-17,Non-Holiday,Weekday
6170,2042-11-22,6170,203,Saturday,November,2042,2042-Nov,22,326,47,2042-W47,2042-11-16,47,2042-W47,2042-11-17,Non-Holiday,Weekend
6171,2042-11-23,6171,203,Sunday,November,2042,2042-Nov,23,327,48,2042-W48,2042-11-16,47,2042-W47,2042-11-17,Non-Holiday,Weekend
6172,2042-11-24,6172,203,Monday,November,2042,2042-Nov,24,328,48,2042-W48,2042-11-23,48,2042-W48,2042-11-24,Non-Holiday,Weekday
6173,2042-11-25,6173,203,Tuesday,November,2042,2042-Nov,25,329,48,2042-W48,2042-11-23,48,2042-W48,2042-11-24,Non-Holiday,Weekday
6174,2042-11-26,6174,203,Wednesday,November,2042,2042-Nov,26,330,48,2042-W48,2042-11-23,48,2042-W48,2042-11-24,Non-Holiday,Weekday
6175,2042-11-27,6175,203,Thursday,November,2042,2042-Nov,27,331,48,2042-W48,2042-11-23,48,2042-W48,2042-11-24,Non-Holiday,Weekday
6176,2042-11-28,6176,203,Friday,November,2042,2042-Nov,28,332,48,2042-W48,2042-11-23,48,2042-W48,2042-11-24,Non-Holiday,Weekday
6177,2042-11-29,6177,203,Saturday,November,2042,2042-Nov,29,333,48,2042-W48,2042-11-23,48,2042-W48,2042-11-24,Non-Holiday,Weekend
6178,2042-11-30,6178,203,Sunday,November,2042,2042-Nov,30,334,49,2042-W49,2042-11-23,48,2042-W48,2042-11-24,Non-Holiday,Weekend
6179,2042-12-01,6179,204,Monday,December,2042,2042-Dec,1,335,49,2042-W49,2042-11-30,49,2042-W49,2042-12-01,Non-Holiday,Weekday
6180,2042-12-02,6180,204,Tuesday,December,2042,2042-Dec,2,336,49,2042-W49,2042-11-30,49,2042-W49,2042-12-01,Non-Holiday,Weekday
6181,2042-12-03,6181,204,Wednesday,December,2042,2042-Dec,3,337,49,2042-W49,2042-11-30,49,2042-W49,2042-12-01,Non-Holiday,Weekday
6182,2042-12-04,6182,204,Thursday,December,2042,2042-Dec,4,338,49,2042-W49,2042-11-30,49,2042-W49,2042-12-01,Non-Holiday,Weekday
6183,2042-12-05,6183,204,Friday,December,2042,2042-Dec,5,339,49,2042-W49,2042-11-30,49,2042-W49,2042-12-01,Non-Holiday,Weekday
6184,2042-12-06,6184,204,Saturday,December,2042,2042-Dec,6,340,49,2042-W49,2042-11-30,49,2042-W49,2042-12-01,Non-Holiday,Weekend
6185,2042-12-07,6185,204,Sunday,December,2042,2042-Dec,7,341,50,2042-W50,2042-11-30,49,2042-W49,2042-12-01,Non-Holiday,Weekend
6186,2042-12-08,6186,204,Monday,December,2042,2042-Dec,8,342,50,2042-W50,2042-12-07,50,2042-W50,2042-12-08,Non-Holiday,Weekday
6187,2042-12-09,6187,204,Tuesday,December,2042,2042-Dec,9,343,50,2042-W50,2042-12-07,50,2042-W50,2042-12-08,Non-Holiday,Weekday
6188,2042-12-10,6188,204,Wednesday,December,2042,2042-Dec,10,344,50,2042-W50,2042-12-07,50,2042-W50,2042-12-08,Non-Holiday,Weekday
6189,2042-12-11,6189,204,Thursday,December,2042,2042-Dec,11,345,50,2042-W50,2042-12-07,50,2042-W50,2042-12-08,Non-Holiday,Weekday
6190,2042-12-12,6190,204,Friday,December,2042,2042-Dec,12,346,50,2042-W50,2042-12-07,50,2042-W50,2042-12-08,Non-Holiday,Weekday
6191,2042-12-13,6191,204,Saturday,December,2042,2042-Dec,13,347,50,2042-W50,2042-12-07,50,2042-W50,2042-12-08,Non-Holiday,Weekend
6192,2042-12-14,6192,204,Sunday,December,2042,2042-Dec,14,348,51,2042-W51,2042-12-07,50,2042-W50,2042-12-08,Non-Holiday,Weekend
6193,2042-12-15,6193,204,Monday,December,2042,2042-Dec,15,349,51,2042-W51,2042-12-14,51,2042-W51,2042-12-15,Non-Holiday,Weekday
6194,2042-12-16,6194,204,Tuesday,December,2042,2042-Dec,16,350,51,2042-W51,2042-12-14,51,2042-W51,2042-12-15,Non-Holiday,Weekday
6195,2042-12-17,6195,204,Wednesday,December,2042,2042-Dec,17,351,51,2042-W51,2042-12-14,51,2042-W51,2042-12-15,Non-Holiday,Weekday
6196,2042-12-18,6196,204,Thursday,December,2042,2042-Dec,18,352,51,2042-W51,2042-12-14,51,2042-W51,2042-12-15,Non-Holiday,Weekday
6197,2042-12-19,6197,204,Friday,December,2042,2042-Dec,19,353,51,2042-W51,2042-12-14,51,2042-W51,2042-12-15,Non-Holiday,Weekday
6198,2042-12-20,6198,204,Saturday,December,2042,2042-Dec,20,354,51,2042-W51,2042-12-14,51,2042-W51,2042-12-15,Non-Holiday,Weekend
6199,2042-12-21,6199,204,Sunday,December,2042,2042-Dec,21,355,52,2042-W52,2042-12-14,51,2042-W51,2042-12-15,Non-Holiday,Weekend
6200,2042-12-22,6200,204,Monday,December,2042,2042-Dec,22,356,52,2042-W52,2042-12-21,52,2042-W52,2042-12-22,Non-Holiday,Weekday
6201,2042-12-23,6201,204,Tuesday,December,2042,2042-Dec,23,357,52,2042-W52,2042-12-21,52,2042-W52,2042-12-22,Non-Holiday,Weekday
6202,2042-12-24,6202,204,Wednesday,December,2042,2042-Dec,24,358,52,2042-W52,2042-12-21,52,2042-W52,2042-12-22,Non-Holiday,Weekday
6203,2042-12-25,6203,204,Thursday,December,2042,2042-Dec,25,359,52,2042-W52,2042-12-21,52,2042-W52,2042-12-22,Non-Holiday,Weekday
6204,2042-12-26,6204,204,Friday,December,2042,2042-Dec,26,360,52,2042-W52,2042-12-21,52,2042-W52,2042-12-22,Non-Holiday,Weekday
6205,2042-12-27,6205,204,Saturday,December,2042,2042-Dec,27,361,52,2042-W52,2042-12-21,52,2042-W52,2042-12-22,Non-Holiday,Weekend
6206,2042-12-28,6206,204,Sunday,December,2042,2042-Dec,28,362,53,2042-W53,2042-12-21,52,2042-W52,2042-12-22,Non-Holiday,Weekend
6207,2042-12-29,6207,204,Monday,December,2042,2042-Dec,29,363,53,2042-W53,2042-12-28,53,2042-W53,2042-12-29,Non-Holiday,Weekday
6208,2042-12-30,6208,204,Tuesday,December,2042,2042-Dec,30,364,53,2042-W53,2042-12-28,53,2042-W53,2042-12-29,Non-Holiday,Weekday
6209,2042-12-31,6209,204,Wednesday,December,2042,2042-Dec,31,365,53,2042-W53,2042-12-28,53,2042-W53,2042-12-29,Non-Holiday,Weekday
6210,2043-01-01,6210,205,Thursday,January,2043,2043-Jan,1,1,1,2043-W01,2042-12-28,1,2043-W01,2042-12-29,Non-Holiday,Weekday
6211,2043-01-02,6211,205,Friday,January,2043,2043-Jan,2,2,1,2043-W01,2042-12-28,1,2043-W01,2042-12-29,Non-Holiday,Weekday
6212,2043-01-03,6212,205,Saturday,January,2043,2043-Jan,3,3,1,2043-W01,2042-12-28,1,2043-W01,2042-12-29,Non-Holiday,Weekend
6213,2043-01-04,6213,205,Sunday,January,2043,2043-Jan,4,4,2,2043-W02,2042-12-28,1,2043-W01,2042-12-29,Non-Holiday,Weekend
6214,2043-01-05,6214,205,Monday,January,2043,2043-Jan,5,5,2,2043-W02,2043-01-04,2,2043-W02,2043-01-05,Non-Holiday,Weekday
6215,2043-01-06,6215,205,Tuesday,January,2043,2043-Jan,6,6,2,2043-W02,2043-01-04,2,2043-W02,2043-01-05,Non-Holiday,Weekday
6216,2043-01-07,6216,205,Wednesday,January,2043,2043-Jan,7,7,2,2043-W02,2043-01-04,2,2043-W02,2043-01-05,Non-Holiday,Weekday
6217,2043-01-08,6217,205,Thursday,January,2043,2043-Jan,8,8,2,2043-W02,2043-01-04,2,2043-W02,2043-01-05,Non-Holiday,Weekday
6218,2043-01-09,6218,205,Friday,January,2043,2043-Jan,9,9,2,2043-W02,2043-01-04,2,2043-W02,2043-01-05,Non-Holiday,Weekday
6219,2043-01-10,6219,205,Saturday,January,2043,2043-Jan,10,10,2,2043-W02,2043-01-04,2,2043-W02,2043-01-05,Non-Holiday,Weekend
6220,2043-01-11,6220,205,Sunday,January,2043,2043-Jan,11,11,3,2043-W03,2043-01-04,2,2043-W02,2043-01-05,Non-Holiday,Weekend
6221,2043-01-12,6221,205,Monday,January,2043,2043-Jan,12,12,3,2043-W03,2043-01-11,3,2043-W03,2043-01-12,Non-Holiday,Weekday
6222,2043-01-13,6222,205,Tuesday,January,2043,2043-Jan,13,13,3,2043-W03,2043-01-11,3,2043-W03,2043-01-12,Non-Holiday,Weekday
6223,2043-01-14,6223,205,Wednesday,January,2043,2043-Jan,14,14,3,2043-W03,2043-01-11,3,2043-W03,2043-01-12,Non-Holiday,Weekday
6224,2043-01-15,6224,205,Thursday,January,2043,2043-Jan,15,15,3,2043-W03,2043-01-11,3,2043-W03,2043-01-12,Non-Holiday,Weekday
6225,2043-01-16,6225,205,Friday,January,2043,2043-Jan,16,16,3,2043-W03,2043-01-11,3,2043-W03,2043-01-12,Non-Holiday,Weekday
6226,2043-01-17,6226,205,Saturday,January,2043,2043-Jan,17,17,3,2043-W03,2043-01-11,3,2043-W03,2043-01-12,Non-Holiday,Weekend
6227,2043-01-18,6227,205,Sunday,January,2043,2043-Jan,18,18,4,2043-W04,2043-01-11,3,2043-W03,2043-01-12,Non-Holiday,Weekend
6228,2043-01-19,6228,205,Monday,January,2043,2043-Jan,19,19,4,2043-W04,2043-01-18,4,2043-W04,2043-01-19,Non-Holiday,Weekday
6229,2043-01-20,6229,205,Tuesday,January,2043,2043-Jan,20,20,4,2043-W04,2043-01-18,4,2043-W04,2043-01-19,Non-Holiday,Weekday
6230,2043-01-21,6230,205,Wednesday,January,2043,2043-Jan,21,21,4,2043-W04,2043-01-18,4,2043-W04,2043-01-19,Non-Holiday,Weekday
6231,2043-01-22,6231,205,Thursday,January,2043,2043-Jan,22,22,4,2043-W04,2043-01-18,4,2043-W04,2043-01-19,Non-Holiday,Weekday
6232,2043-01-23,6232,205,Friday,January,2043,2043-Jan,23,23,4,2043-W04,2043-01-18,4,2043-W04,2043-01-19,Non-Holiday,Weekday
6233,2043-01-24,6233,205,Saturday,January,2043,2043-Jan,24,24,4,2043-W04,2043-01-18,4,2043-W04,2043-01-19,Non-Holiday,Weekend
6234,2043-01-25,6234,205,Sunday,January,2043,2043-Jan,25,25,5,2043-W05,2043-01-18,4,2043-W04,2043-01-19,Non-Holiday,Weekend
6235,2043-01-26,6235,205,Monday,January,2043,2043-Jan,26,26,5,2043-W05,2043-01-25,5,2043-W05,2043-01-26,Non-Holiday,Weekday
6236,2043-01-27,6236,205,Tuesday,January,2043,2043-Jan,27,27,5,2043-W05,2043-01-25,5,2043-W05,2043-01-26,Non-Holiday,Weekday
6237,2043-01-28,6237,205,Wednesday,January,2043,2043-Jan,28,28,5,2043-W05,2043-01-25,5,2043-W05,2043-01-26,Non-Holiday,Weekday
6238,2043-01-29,6238,205,Thursday,January,2043,2043-Jan,29,29,5,2043-W05,2043-01-25,5,2043-W05,2043-01-26,Non-Holiday,Weekday
6239,2043-01-30,6239,205,Friday,January,2043,2043-Jan,30,30,5,2043-W05,2043-01-25,5,2043-W05,2043-01-26,Non-Holiday,Weekday
6240,2043-01-31,6240,205,Saturday,January,2043,2043-Jan,31,31,5,2043-W05,2043-01-25,5,2043-W05,2043-01-26,Non-Holiday,Weekend
6241,2043-02-01,6241,206,Sunday,February,2043,2043-Feb,1,32,6,2043-W06,2043-01-25,5,2043-W05,2043-01-26,Non-Holiday,Weekend
6242,2043-02-02,6242,206,Monday,February,2043,2043-Feb,2,33,6,2043-W06,2043-02-01,6,2043-W06,2043-02-02,Non-Holiday,Weekday
6243,2043-02-03,6243,206,Tuesday,February,2043,2043-Feb,3,34,6,2043-W06,2043-02-01,6,2043-W06,2043-02-02,Non-Holiday,Weekday
6244,2043-02-04,6244,206,Wednesday,February,2043,2043-Feb,4,35,6,2043-W06,2043-02-01,6,2043-W06,2043-02-02,Non-Holiday,Weekday
6245,2043-02-05,6245,206,Thursday,February,2043,2043-Feb,5,36,6,2043-W06,2043-02-01,6,2043-W06,2043-02-02,Non-Holiday,Weekday
6246,2043-02-06,6246,206,Friday,February,2043,2043-Feb,6,37,6,2043-W06,2043-02-01,6,2043-W06,2043-02-02,Non-Holiday,Weekday
6247,2043-02-07,6247,206,Saturday,February,2043,2043-Feb,7,38,6,2043-W06,2043-02-01,6,2043-W06,2043-02-02,Non-Holiday,Weekend
6248,2043-02-08,6248,206,Sunday,February,2043,2043-Feb,8,39,7,2043-W07,2043-02-01,6,2043-W06,2043-02-02,Non-Holiday,Weekend
6249,2043-02-09,6249,206,Monday,February,2043,2043-Feb,9,40,7,2043-W07,2043-02-08,7,2043-W07,2043-02-09,Non-Holiday,Weekday
6250,2043-02-10,6250,206,Tuesday,February,2043,2043-Feb,10,41,7,2043-W07,2043-02-08,7,2043-W07,2043-02-09,Non-Holiday,Weekday
6251,2043-02-11,6251,206,Wednesday,February,2043,2043-Feb,11,42,7,2043-W07,2043-02-08,7,2043-W07,2043-02-09,Non-Holiday,Weekday
6252,2043-02-12,6252,206,Thursday,February,2043,2043-Feb,12,43,7,2043-W07,2043-02-08,7,2043-W07,2043-02-09,Non-Holiday,Weekday
6253,2043-02-13,6253,206,Friday,February,2043,2043-Feb,13,44,7,2043-W07,2043-02-08,7,2043-W07,2043-02-09,Non-Holiday,Weekday
6254,2043-02-14,6254,206,Saturday,February,2043,2043-Feb,14,45,7,2043-W07,2043-02-08,7,2043-W07,2043-02-09,Non-Holiday,Weekend
6255,2043-02-15,6255,206,Sunday,February,2043,2043-Feb,15,46,8,2043-W08,2043-02-08,7,2043-W07,2043-02-09,Non-Holiday,Weekend
6256,2043-02-16,6256,206,Monday,February,2043,2043-Feb,16,47,8,2043-W08,2043-02-15,8,2043-W08,2043-02-16,Non-Holiday,Weekday
6257,2043-02-17,6257,206,Tuesday,February,2043,2043-Feb,17,48,8,2043-W08,2043-02-15,8,2043-W08,2043-02-16,Non-Holiday,Weekday
6258,2043-02-18,6258,206,Wednesday,February,2043,2043-Feb,18,49,8,2043-W08,2043-02-15,8,2043-W08,2043-02-16,Non-Holiday,Weekday
6259,2043-02-19,6259,206,Thursday,February,2043,2043-Feb,19,50,8,2043-W08,2043-02-15,8,2043-W08,2043-02-16,Non-Holiday,Weekday
6260,2043-02-20,6260,206,Friday,February,2043,2043-Feb,20,51,8,2043-W08,2043-02-15,8,2043-W08,2043-02-16,Non-Holiday,Weekday
6261,2043-02-21,6261,206,Saturday,February,2043,2043-Feb,21,52,8,2043-W08,2043-02-15,8,2043-W08,2043-02-16,Non-Holiday,Weekend
6262,2043-02-22,6262,206,Sunday,February,2043,2043-Feb,22,53,9,2043-W09,2043-02-15,8,2043-W08,2043-02-16,Non-Holiday,Weekend
6263,2043-02-23,6263,206,Monday,February,2043,2043-Feb,23,54,9,2043-W09,2043-02-22,9,2043-W09,2043-02-23,Non-Holiday,Weekday
6264,2043-02-24,6264,206,Tuesday,February,2043,2043-Feb,24,55,9,2043-W09,2043-02-22,9,2043-W09,2043-02-23,Non-Holiday,Weekday
6265,2043-02-25,6265,206,Wednesday,February,2043,2043-Feb,25,56,9,2043-W09,2043-02-22,9,2043-W09,2043-02-23,Non-Holiday,Weekday
6266,2043-02-26,6266,206,Thursday,February,2043,2043-Feb,26,57,9,2043-W09,2043-02-22,9,2043-W09,2043-02-23,Non-Holiday,Weekday
6267,2043-02-27,6267,206,Friday,February,2043,2043-Feb,27,58,9,2043-W09,2043-02-22,9,2043-W09,2043-02-23,Non-Holiday,Weekday
6268,2043-02-28,6268,206,Saturday,February,2043,2043-Feb,28,59,9,2043-W09,2043-02-22,9,2043-W09,2043-02-23,Non-Holiday,Weekend
6269,2043-03-01,6269,207,Sunday,March,2043,2043-Mar,1,60,10,2043-W10,2043-02-22,9,2043-W09,2043-02-23,Non-Holiday,Weekend
6270,2043-03-02,6270,207,Monday,March,2043,2043-Mar,2,61,10,2043-W10,2043-03-01,10,2043-W10,2043-03-02,Non-Holiday,Weekday
6271,2043-03-03,6271,207,Tuesday,March,2043,2043-Mar,3,62,10,2043-W10,2043-03-01,10,2043-W10,2043-03-02,Non-Holiday,Weekday
6272,2043-03-04,6272,207,Wednesday,March,2043,2043-Mar,4,63,10,2043-W10,2043-03-01,10,2043-W10,2043-03-02,Non-Holiday,Weekday
6273,2043-03-05,6273,207,Thursday,March,2043,2043-Mar,5,64,10,2043-W10,2043-03-01,10,2043-W10,2043-03-02,Non-Holiday,Weekday
6274,2043-03-06,6274,207,Friday,March,2043,2043-Mar,6,65,10,2043-W10,2043-03-01,10,2043-W10,2043-03-02,Non-Holiday,Weekday
6275,2043-03-07,6275,207,Saturday,March,2043,2043-Mar,7,66,10,2043-W10,2043-03-01,10,2043-W10,2043-03-02,Non-Holiday,Weekend
6276,2043-03-08,6276,207,Sunday,March,2043,2043-Mar,8,67,11,2043-W11,2043-03-01,10,2043-W10,2043-03-02,Non-Holiday,Weekend
6277,2043-03-09,6277,207,Monday,March,2043,2043-Mar,9,68,11,2043-W11,2043-03-08,11,2043-W11,2043-03-09,Non-Holiday,Weekday
6278,2043-03-10,6278,207,Tuesday,March,2043,2043-Mar,10,69,11,2043-W11,2043-03-08,11,2043-W11,2043-03-09,Non-Holiday,Weekday
6279,2043-03-11,6279,207,Wednesday,March,2043,2043-Mar,11,70,11,2043-W11,2043-03-08,11,2043-W11,2043-03-09,Non-Holiday,Weekday
6280,2043-03-12,6280,207,Thursday,March,2043,2043-Mar,12,71,11,2043-W11,2043-03-08,11,2043-W11,2043-03-09,Non-Holiday,Weekday
6281,2043-03-13,6281,207,Friday,March,2043,2043-Mar,13,72,11,2043-W11,2043-03-08,11,2043-W11,2043-03-09,Non-Holiday,Weekday
6282,2043-03-14,6282,207,Saturday,March,2043,2043-Mar,14,73,11,2043-W11,2043-03-08,11,2043-W11,2043-03-09,Non-Holiday,Weekend
6283,2043-03-15,6283,207,Sunday,March,2043,2043-Mar,15,74,12,2043-W12,2043-03-08,11,2043-W11,2043-03-09,Non-Holiday,Weekend
6284,2043-03-16,6284,207,Monday,March,2043,2043-Mar,16,75,12,2043-W12,2043-03-15,12,2043-W12,2043-03-16,Non-Holiday,Weekday
6285,2043-03-17,6285,207,Tuesday,March,2043,2043-Mar,17,76,12,2043-W12,2043-03-15,12,2043-W12,2043-03-16,Non-Holiday,Weekday
6286,2043-03-18,6286,207,Wednesday,March,2043,2043-Mar,18,77,12,2043-W12,2043-03-15,12,2043-W12,2043-03-16,Non-Holiday,Weekday
6287,2043-03-19,6287,207,Thursday,March,2043,2043-Mar,19,78,12,2043-W12,2043-03-15,12,2043-W12,2043-03-16,Non-Holiday,Weekday
6288,2043-03-20,6288,207,Friday,March,2043,2043-Mar,20,79,12,2043-W12,2043-03-15,12,2043-W12,2043-03-16,Non-Holiday,Weekday
6289,2043-03-21,6289,207,Saturday,March,2043,2043-Mar,21,80,12,2043-W12,2043-03-15,12,2043-W12,2043-03-16,Non-Holiday,Weekend
6290,2043-03-22,6290,207,Sunday,March,2043,2043-Mar,22,81,13,2043-W13,2043-03-15,12,2043-W12,2043-03-16,Non-Holiday,Weekend
6291,2043-03-23,6291,207,Monday,March,2043,2043-Mar,23,82,13,2043-W13,2043-03-22,13,2043-W13,2043-03-23,Non-Holiday,Weekday
6292,2043-03-24,6292,207,Tuesday,March,2043,2043-Mar,24,83,13,2043-W13,2043-03-22,13,2043-W13,2043-03-23,Non-Holiday,Weekday
6293,2043-03-25,6293,207,Wednesday,March,2043,2043-Mar,25,84,13,2043-W13,2043-03-22,13,2043-W13,2043-03-23,Non-Holiday,Weekday
6294,2043-03-26,6294,207,Thursday,March,2043,2043-Mar,26,85,13,2043-W13,2043-03-22,13,2043-W13,2043-03-23,Non-Holiday,Weekday
6295,2043-03-27,6295,207,Friday,March,2043,2043-Mar,27,86,13,2043-W13,2043-03-22,13,2043-W13,2043-03-23,Non-Holiday,Weekday
6296,2043-03-28,6296,207,Saturday,March,2043,2043-Mar,28,87,13,2043-W13,2043-03-22,13,2043-W13,2043-03-23,Non-Holiday,Weekend
6297,2043-03-29,6297,207,Sunday,March,2043,2043-Mar,29,88,14,2043-W14,2043-03-22,13,2043-W13,2043-03-23,Non-Holiday,Weekend
6298,2043-03-30,6298,207,Monday,March,2043,2043-Mar,30,89,14,2043-W14,2043-03-29,14,2043-W14,2043-03-30,Non-Holiday,Weekday
6299,2043-03-31,6299,207,Tuesday,March,2043,2043-Mar,31,90,14,2043-W14,2043-03-29,14,2043-W14,2043-03-30,Non-Holiday,Weekday
6300,2043-04-01,6300,208,Wednesday,April,2043,2043-Apr,1,91,14,2043-W14,2043-03-29,14,2043-W14,2043-03-30,Non-Holiday,Weekday
6301,2043-04-02,6301,208,Thursday,April,2043,2043-Apr,2,92,14,2043-W14,2043-03-29,14,2043-W14,2043-03-30,Non-Holiday,Weekday
6302,2043-04-03,6302,208,Friday,April,2043,2043-Apr,3,93,14,2043-W14,2043-03-29,14,2043-W14,2043-03-30,Non-Holiday,Weekday
6303,2043-04-04,6303,208,Saturday,April,2043,2043-Apr,4,94,14,2043-W14,2043-03-29,14,2043-W14,2043-03-30,Non-Holiday,Weekend
6304,2043-04-05,6304,208,Sunday,April,2043,2043-Apr,5,95,15,2043-W15,2043-03-29,14,2043-W14,2043-03-30,Non-Holiday,Weekend
6305,2043-04-06,6305,208,Monday,April,2043,2043-Apr,6,96,15,2043-W15,2043-04-05,15,2043-W15,2043-04-06,Non-Holiday,Weekday
6306,2043-04-07,6306,208,Tuesday,April,2043,2043-Apr,7,97,15,2043-W15,2043-04-05,15,2043-W15,2043-04-06,Non-Holiday,Weekday
6307,2043-04-08,6307,208,Wednesday,April,2043,2043-Apr,8,98,15,2043-W15,2043-04-05,15,2043-W15,2043-04-06,Non-Holiday,Weekday
6308,2043-04-09,6308,208,Thursday,April,2043,2043-Apr,9,99,15,2043-W15,2043-04-05,15,2043-W15,2043-04-06,Non-Holiday,Weekday
6309,2043-04-10,6309,208,Friday,April,2043,2043-Apr,10,100,15,2043-W15,2043-04-05,15,2043-W15,2043-04-06,Non-Holiday,Weekday
6310,2043-04-11,6310,208,Saturday,April,2043,2043-Apr,11,101,15,2043-W15,2043-04-05,15,2043-W15,2043-04-06,Non-Holiday,Weekend
6311,2043-04-12,6311,208,Sunday,April,2043,2043-Apr,12,102,16,2043-W16,2043-04-05,15,2043-W15,2043-04-06,Non-Holiday,Weekend
6312,2043-04-13,6312,208,Monday,April,2043,2043-Apr,13,103,16,2043-W16,2043-04-12,16,2043-W16,2043-04-13,Non-Holiday,Weekday
6313,2043-04-14,6313,208,Tuesday,April,2043,2043-Apr,14,104,16,2043-W16,2043-04-12,16,2043-W16,2043-04-13,Non-Holiday,Weekday
6314,2043-04-15,6314,208,Wednesday,April,2043,2043-Apr,15,105,16,2043-W16,2043-04-12,16,2043-W16,2043-04-13,Non-Holiday,Weekday
6315,2043-04-16,6315,208,Thursday,April,2043,2043-Apr,16,106,16,2043-W16,2043-04-12,16,2043-W16,2043-04-13,Non-Holiday,Weekday
6316,2043-04-17,6316,208,Friday,April,2043,2043-Apr,17,107,16,2043-W16,2043-04-12,16,2043-W16,2043-04-13,Non-Holiday,Weekday
6317,2043-04-18,6317,208,Saturday,April,2043,2043-Apr,18,108,16,2043-W16,2043-04-12,16,2043-W16,2043-04-13,Non-Holiday,Weekend
6318,2043-04-19,6318,208,Sunday,April,2043,2043-Apr,19,109,17,2043-W17,2043-04-12,16,2043-W16,2043-04-13,Non-Holiday,Weekend
6319,2043-04-20,6319,208,Monday,April,2043,2043-Apr,20,110,17,2043-W17,2043-04-19,17,2043-W17,2043-04-20,Non-Holiday,Weekday
6320,2043-04-21,6320,208,Tuesday,April,2043,2043-Apr,21,111,17,2043-W17,2043-04-19,17,2043-W17,2043-04-20,Non-Holiday,Weekday
6321,2043-04-22,6321,208,Wednesday,April,2043,2043-Apr,22,112,17,2043-W17,2043-04-19,17,2043-W17,2043-04-20,Non-Holiday,Weekday
6322,2043-04-23,6322,208,Thursday,April,2043,2043-Apr,23,113,17,2043-W17,2043-04-19,17,2043-W17,2043-04-20,Non-Holiday,Weekday
6323,2043-04-24,6323,208,Friday,April,2043,2043-Apr,24,114,17,2043-W17,2043-04-19,17,2043-W17,2043-04-20,Non-Holiday,Weekday
6324,2043-04-25,6324,208,Saturday,April,2043,2043-Apr,25,115,17,2043-W17,2043-04-19,17,2043-W17,2043-04-20,Non-Holiday,Weekend
6325,2043-04-26,6325,208,Sunday,April,2043,2043-Apr,26,116,18,2043-W18,2043-04-19,17,2043-W17,2043-04-20,Non-Holiday,Weekend
6326,2043-04-27,6326,208,Monday,April,2043,2043-Apr,27,117,18,2043-W18,2043-04-26,18,2043-W18,2043-04-27,Non-Holiday,Weekday
6327,2043-04-28,6327,208,Tuesday,April,2043,2043-Apr,28,118,18,2043-W18,2043-04-26,18,2043-W18,2043-04-27,Non-Holiday,Weekday
6328,2043-04-29,6328,208,Wednesday,April,2043,2043-Apr,29,119,18,2043-W18,2043-04-26,18,2043-W18,2043-04-27,Non-Holiday,Weekday
6329,2043-04-30,6329,208,Thursday,April,2043,2043-Apr,30,120,18,2043-W18,2043-04-26,18,2043-W18,2043-04-27,Non-Holiday,Weekday
6330,2043-05-01,6330,209,Friday,May,2043,2043-May,1,121,18,2043-W18,2043-04-26,18,2043-W18,2043-04-27,Non-Holiday,Weekday
6331,2043-05-02,6331,209,Saturday,May,2043,2043-May,2,122,18,2043-W18,2043-04-26,18,2043-W18,2043-04-27,Non-Holiday,Weekend
6332,2043-05-03,6332,209,Sunday,May,2043,2043-May,3,123,19,2043-W19,2043-04-26,18,2043-W18,2043-04-27,Non-Holiday,Weekend
6333,2043-05-04,6333,209,Monday,May,2043,2043-May,4,124,19,2043-W19,2043-05-03,19,2043-W19,2043-05-04,Non-Holiday,Weekday
6334,2043-05-05,6334,209,Tuesday,May,2043,2043-May,5,125,19,2043-W19,2043-05-03,19,2043-W19,2043-05-04,Non-Holiday,Weekday
6335,2043-05-06,6335,209,Wednesday,May,2043,2043-May,6,126,19,2043-W19,2043-05-03,19,2043-W19,2043-05-04,Non-Holiday,Weekday
6336,2043-05-07,6336,209,Thursday,May,2043,2043-May,7,127,19,2043-W19,2043-05-03,19,2043-W19,2043-05-04,Non-Holiday,Weekday
6337,2043-05-08,6337,209,Friday,May,2043,2043-May,8,128,19,2043-W19,2043-05-03,19,2043-W19,2043-05-04,Non-Holiday,Weekday
6338,2043-05-09,6338,209,Saturday,May,2043,2043-May,9,129,19,2043-W19,2043-05-03,19,2043-W19,2043-05-04,Non-Holiday,Weekend
6339,2043-05-10,6339,209,Sunday,May,2043,2043-May,10,130,20,2043-W20,2043-05-03,19,2043-W19,2043-05-04,Non-Holiday,Weekend
6340,2043-05-11,6340,209,Monday,May,2043,2043-May,11,131,20,2043-W20,2043-05-10,20,2043-W20,2043-05-11,Non-Holiday,Weekday
6341,2043-05-12,6341,209,Tuesday,May,2043,2043-May,12,132,20,2043-W20,2043-05-10,20,2043-W20,2043-05-11,Non-Holiday,Weekday
6342,2043-05-13,6342,209,Wednesday,May,2043,2043-May,13,133,20,2043-W20,2043-05-10,20,2043-W20,2043-05-11,Non-Holiday,Weekday
6343,2043-05-14,6343,209,Thursday,May,2043,2043-May,14,134,20,2043-W20,2043-05-10,20,2043-W20,2043-05-11,Non-Holiday,Weekday
6344,2043-05-15,6344,209,Friday,May,2043,2043-May,15,135,20,2043-W20,2043-05-10,20,2043-W20,2043-05-11,Non-Holiday,Weekday
6345,2043-05-16,6345,209,Saturday,May,2043,2043-May,16,136,20,2043-W20,2043-05-10,20,2043-W20,2043-05-11,Non-Holiday,Weekend
6346,2043-05-17,6346,209,Sunday,May,2043,2043-May,17,137,21,2043-W21,2043-05-10,20,2043-W20,2043-05-11,Non-Holiday,Weekend
6347,2043-05-18,6347,209,Monday,May,2043,2043-May,18,138,21,2043-W21,2043-05-17,21,2043-W21,2043-05-18,Non-Holiday,Weekday
6348,2043-05-19,6348,209,Tuesday,May,2043,2043-May,19,139,21,2043-W21,2043-05-17,21,2043-W21,2043-05-18,Non-Holiday,Weekday
6349,2043-05-20,6349,209,Wednesday,May,2043,2043-May,20,140,21,2043-W21,2043-05-17,21,2043-W21,2043-05-18,Non-Holiday,Weekday
6350,2043-05-21,6350,209,Thursday,May,2043,2043-May,21,141,21,2043-W21,2043-05-17,21,2043-W21,2043-05-18,Non-Holiday,Weekday
6351,2043-05-22,6351,209,Friday,May,2043,2043-May,22,142,21,2043-W21,2043-05-17,21,2043-W21,2043-05-18,Non-Holiday,Weekday
6352,2043-05-23,6352,209,Saturday,May,2043,2043-May,23,143,21,2043-W21,2043-05-17,21,2043-W21,2043-05-18,Non-Holiday,Weekend
6353,2043-05-24,6353,209,Sunday,May,2043,2043-May,24,144,22,2043-W22,2043-05-17,21,2043-W21,2043-05-18,Non-Holiday,Weekend
6354,2043-05-25,6354,209,Monday,May,2043,2043-May,25,145,22,2043-W22,2043-05-24,22,2043-W22,2043-05-25,Non-Holiday,Weekday
6355,2043-05-26,6355,209,Tuesday,May,2043,2043-May,26,146,22,2043-W22,2043-05-24,22,2043-W22,2043-05-25,Non-Holiday,Weekday
6356,2043-05-27,6356,209,Wednesday,May,2043,2043-May,27,147,22,2043-W22,2043-05-24,22,2043-W22,2043-05-25,Non-Holiday,Weekday
6357,2043-05-28,6357,209,Thursday,May,2043,2043-May,28,148,22,2043-W22,2043-05-24,22,2043-W22,2043-05-25,Non-Holiday,Weekday
6358,2043-05-29,6358,209,Friday,May,2043,2043-May,29,149,22,2043-W22,2043-05-24,22,2043-W22,2043-05-25,Non-Holiday,Weekday
6359,2043-05-30,6359,209,Saturday,May,2043,2043-May,30,150,22,2043-W22,2043-05-24,22,2043-W22,2043-05-25,Non-Holiday,Weekend
6360,2043-05-31,6360,209,Sunday,May,2043,2043-May,31,151,23,2043-W23,2043-05-24,22,2043-W22,2043-05-25,Non-Holiday,Weekend
6361,2043-06-01,6361,210,Monday,June,2043,2043-Jun,1,152,23,2043-W23,2043-05-31,23,2043-W23,2043-06-01,Non-Holiday,Weekday
6362,2043-06-02,6362,210,Tuesday,June,2043,2043-Jun,2,153,23,2043-W23,2043-05-31,23,2043-W23,2043-06-01,Non-Holiday,Weekday
6363,2043-06-03,6363,210,Wednesday,June,2043,2043-Jun,3,154,23,2043-W23,2043-05-31,23,2043-W23,2043-06-01,Non-Holiday,Weekday
6364,2043-06-04,6364,210,Thursday,June,2043,2043-Jun,4,155,23,2043-W23,2043-05-31,23,2043-W23,2043-06-01,Non-Holiday,Weekday
6365,2043-06-05,6365,210,Friday,June,2043,2043-Jun,5,156,23,2043-W23,2043-05-31,23,2043-W23,2043-06-01,Non-Holiday,Weekday
6366,2043-06-06,6366,210,Saturday,June,2043,2043-Jun,6,157,23,2043-W23,2043-05-31,23,2043-W23,2043-06-01,Non-Holiday,Weekend
6367,2043-06-07,6367,210,Sunday,June,2043,2043-Jun,7,158,24,2043-W24,2043-05-31,23,2043-W23,2043-06-01,Non-Holiday,Weekend
6368,2043-06-08,6368,210,Monday,June,2043,2043-Jun,8,159,24,2043-W24,2043-06-07,24,2043-W24,2043-06-08,Non-Holiday,Weekday
6369,2043-06-09,6369,210,Tuesday,June,2043,2043-Jun,9,160,24,2043-W24,2043-06-07,24,2043-W24,2043-06-08,Non-Holiday,Weekday
6370,2043-06-10,6370,210,Wednesday,June,2043,2043-Jun,10,161,24,2043-W24,2043-06-07,24,2043-W24,2043-06-08,Non-Holiday,Weekday
6371,2043-06-11,6371,210,Thursday,June,2043,2043-Jun,11,162,24,2043-W24,2043-06-07,24,2043-W24,2043-06-08,Non-Holiday,Weekday
6372,2043-06-12,6372,210,Friday,June,2043,2043-Jun,12,163,24,2043-W24,2043-06-07,24,2043-W24,2043-06-08,Non-Holiday,Weekday
6373,2043-06-13,6373,210,Saturday,June,2043,2043-Jun,13,164,24,2043-W24,2043-06-07,24,2043-W24,2043-06-08,Non-Holiday,Weekend
6374,2043-06-14,6374,210,Sunday,June,2043,2043-Jun,14,165,25,2043-W25,2043-06-07,24,2043-W24,2043-06-08,Non-Holiday,Weekend
6375,2043-06-15,6375,210,Monday,June,2043,2043-Jun,15,166,25,2043-W25,2043-06-14,25,2043-W25,2043-06-15,Non-Holiday,Weekday
6376,2043-06-16,6376,210,Tuesday,June,2043,2043-Jun,16,167,25,2043-W25,2043-06-14,25,2043-W25,2043-06-15,Non-Holiday,Weekday
6377,2043-06-17,6377,210,Wednesday,June,2043,2043-Jun,17,168,25,2043-W25,2043-06-14,25,2043-W25,2043-06-15,Non-Holiday,Weekday
6378,2043-06-18,6378,210,Thursday,June,2043,2043-Jun,18,169,25,2043-W25,2043-06-14,25,2043-W25,2043-06-15,Non-Holiday,Weekday
6379,2043-06-19,6379,210,Friday,June,2043,2043-Jun,19,170,25,2043-W25,2043-06-14,25,2043-W25,2043-06-15,Non-Holiday,Weekday
6380,2043-06-20,6380,210,Saturday,June,2043,2043-Jun,20,171,25,2043-W25,2043-06-14,25,2043-W25,2043-06-15,Non-Holiday,Weekend
6381,2043-06-21,6381,210,Sunday,June,2043,2043-Jun,21,172,26,2043-W26,2043-06-14,25,2043-W25,2043-06-15,Non-Holiday,Weekend
6382,2043-06-22,6382,210,Monday,June,2043,2043-Jun,22,173,26,2043-W26,2043-06-21,26,2043-W26,2043-06-22,Non-Holiday,Weekday
6383,2043-06-23,6383,210,Tuesday,June,2043,2043-Jun,23,174,26,2043-W26,2043-06-21,26,2043-W26,2043-06-22,Non-Holiday,Weekday
6384,2043-06-24,6384,210,Wednesday,June,2043,2043-Jun,24,175,26,2043-W26,2043-06-21,26,2043-W26,2043-06-22,Non-Holiday,Weekday
6385,2043-06-25,6385,210,Thursday,June,2043,2043-Jun,25,176,26,2043-W26,2043-06-21,26,2043-W26,2043-06-22,Non-Holiday,Weekday
6386,2043-06-26,6386,210,Friday,June,2043,2043-Jun,26,177,26,2043-W26,2043-06-21,26,2043-W26,2043-06-22,Non-Holiday,Weekday
6387,2043-06-27,6387,210,Saturday,June,2043,2043-Jun,27,178,26,2043-W26,2043-06-21,26,2043-W26,2043-06-22,Non-Holiday,Weekend
6388,2043-06-28,6388,210,Sunday,June,2043,2043-Jun,28,179,27,2043-W27,2043-06-21,26,2043-W26,2043-06-22,Non-Holiday,Weekend
6389,2043-06-29,6389,210,Monday,June,2043,2043-Jun,29,180,27,2043-W27,2043-06-28,27,2043-W27,2043-06-29,Non-Holiday,Weekday
6390,2043-06-30,6390,210,Tuesday,June,2043,2043-Jun,30,181,27,2043-W27,2043-06-28,27,2043-W27,2043-06-29,Non-Holiday,Weekday
6391,2043-07-01,6391,211,Wednesday,July,2043,2043-Jul,1,182,27,2043-W27,2043-06-28,27,2043-W27,2043-06-29,Non-Holiday,Weekday
6392,2043-07-02,6392,211,Thursday,July,2043,2043-Jul,2,183,27,2043-W27,2043-06-28,27,2043-W27,2043-06-29,Non-Holiday,Weekday
6393,2043-07-03,6393,211,Friday,July,2043,2043-Jul,3,184,27,2043-W27,2043-06-28,27,2043-W27,2043-06-29,Non-Holiday,Weekday
6394,2043-07-04,6394,211,Saturday,July,2043,2043-Jul,4,185,27,2043-W27,2043-06-28,27,2043-W27,2043-06-29,Non-Holiday,Weekend
6395,2043-07-05,6395,211,Sunday,July,2043,2043-Jul,5,186,28,2043-W28,2043-06-28,27,2043-W27,2043-06-29,Non-Holiday,Weekend
6396,2043-07-06,6396,211,Monday,July,2043,2043-Jul,6,187,28,2043-W28,2043-07-05,28,2043-W28,2043-07-06,Non-Holiday,Weekday
6397,2043-07-07,6397,211,Tuesday,July,2043,2043-Jul,7,188,28,2043-W28,2043-07-05,28,2043-W28,2043-07-06,Non-Holiday,Weekday
6398,2043-07-08,6398,211,Wednesday,July,2043,2043-Jul,8,189,28,2043-W28,2043-07-05,28,2043-W28,2043-07-06,Non-Holiday,Weekday
6399,2043-07-09,6399,211,Thursday,July,2043,2043-Jul,9,190,28,2043-W28,2043-07-05,28,2043-W28,2043-07-06,Non-Holiday,Weekday
6400,2043-07-10,6400,211,Friday,July,2043,2043-Jul,10,191,28,2043-W28,2043-07-05,28,2043-W28,2043-07-06,Non-Holiday,Weekday
6401,2043-07-11,6401,211,Saturday,July,2043,2043-Jul,11,192,28,2043-W28,2043-07-05,28,2043-W28,2043-07-06,Non-Holiday,Weekend
6402,2043-07-12,6402,211,Sunday,July,2043,2043-Jul,12,193,29,2043-W29,2043-07-05,28,2043-W28,2043-07-06,Non-Holiday,Weekend
6403,2043-07-13,6403,211,Monday,July,2043,2043-Jul,13,194,29,2043-W29,2043-07-12,29,2043-W29,2043-07-13,Non-Holiday,Weekday
6404,2043-07-14,6404,211,Tuesday,July,2043,2043-Jul,14,195,29,2043-W29,2043-07-12,29,2043-W29,2043-07-13,Non-Holiday,Weekday
6405,2043-07-15,6405,211,Wednesday,July,2043,2043-Jul,15,196,29,2043-W29,2043-07-12,29,2043-W29,2043-07-13,Non-Holiday,Weekday
6406,2043-07-16,6406,211,Thursday,July,2043,2043-Jul,16,197,29,2043-W29,2043-07-12,29,2043-W29,2043-07-13,Non-Holiday,Weekday
6407,2043-07-17,6407,211,Friday,July,2043,2043-Jul,17,198,29,2043-W29,2043-07-12,29,2043-W29,2043-07-13,Non-Holiday,Weekday
6408,2043-07-18,6408,211,Saturday,July,2043,2043-Jul,18,199,29,2043-W29,2043-07-12,29,2043-W29,2043-07-13,Non-Holiday,Weekend
6409,2043-07-19,6409,211,Sunday,July,2043,2043-Jul,19,200,30,2043-W30,2043-07-12,29,2043-W29,2043-07-13,Non-Holiday,Weekend
6410,2043-07-20,6410,211,Monday,July,2043,2043-Jul,20,201,30,2043-W30,2043-07-19,30,2043-W30,2043-07-20,Non-Holiday,Weekday
6411,2043-07-21,6411,211,Tuesday,July,2043,2043-Jul,21,202,30,2043-W30,2043-07-19,30,2043-W30,2043-07-20,Non-Holiday,Weekday
6412,2043-07-22,6412,211,Wednesday,July,2043,2043-Jul,22,203,30,2043-W30,2043-07-19,30,2043-W30,2043-07-20,Non-Holiday,Weekday
6413,2043-07-23,6413,211,Thursday,July,2043,2043-Jul,23,204,30,2043-W30,2043-07-19,30,2043-W30,2043-07-20,Non-Holiday,Weekday
6414,2043-07-24,6414,211,Friday,July,2043,2043-Jul,24,205,30,2043-W30,2043-07-19,30,2043-W30,2043-07-20,Non-Holiday,Weekday
6415,2043-07-25,6415,211,Saturday,July,2043,2043-Jul,25,206,30,2043-W30,2043-07-19,30,2043-W30,2043-07-20,Non-Holiday,Weekend
6416,2043-07-26,6416,211,Sunday,July,2043,2043-Jul,26,207,31,2043-W31,2043-07-19,30,2043-W30,2043-07-20,Non-Holiday,Weekend
6417,2043-07-27,6417,211,Monday,July,2043,2043-Jul,27,208,31,2043-W31,2043-07-26,31,2043-W31,2043-07-27,Non-Holiday,Weekday
6418,2043-07-28,6418,211,Tuesday,July,2043,2043-Jul,28,209,31,2043-W31,2043-07-26,31,2043-W31,2043-07-27,Non-Holiday,Weekday
6419,2043-07-29,6419,211,Wednesday,July,2043,2043-Jul,29,210,31,2043-W31,2043-07-26,31,2043-W31,2043-07-27,Non-Holiday,Weekday
6420,2043-07-30,6420,211,Thursday,July,2043,2043-Jul,30,211,31,2043-W31,2043-07-26,31,2043-W31,2043-07-27,Non-Holiday,Weekday
6421,2043-07-31,6421,211,Friday,July,2043,2043-Jul,31,212,31,2043-W31,2043-07-26,31,2043-W31,2043-07-27,Non-Holiday,Weekday
6422,2043-08-01,6422,212,Saturday,August,2043,2043-Aug,1,213,31,2043-W31,2043-07-26,31,2043-W31,2043-07-27,Non-Holiday,Weekend
6423,2043-08-02,6423,212,Sunday,August,2043,2043-Aug,2,214,32,2043-W32,2043-07-26,31,2043-W31,2043-07-27,Non-Holiday,Weekend
6424,2043-08-03,6424,212,Monday,August,2043,2043-Aug,3,215,32,2043-W32,2043-08-02,32,2043-W32,2043-08-03,Non-Holiday,Weekday
6425,2043-08-04,6425,212,Tuesday,August,2043,2043-Aug,4,216,32,2043-W32,2043-08-02,32,2043-W32,2043-08-03,Non-Holiday,Weekday
6426,2043-08-05,6426,212,Wednesday,August,2043,2043-Aug,5,217,32,2043-W32,2043-08-02,32,2043-W32,2043-08-03,Non-Holiday,Weekday
6427,2043-08-06,6427,212,Thursday,August,2043,2043-Aug,6,218,32,2043-W32,2043-08-02,32,2043-W32,2043-08-03,Non-Holiday,Weekday
6428,2043-08-07,6428,212,Friday,August,2043,2043-Aug,7,219,32,2043-W32,2043-08-02,32,2043-W32,2043-08-03,Non-Holiday,Weekday
6429,2043-08-08,6429,212,Saturday,August,2043,2043-Aug,8,220,32,2043-W32,2043-08-02,32,2043-W32,2043-08-03,Non-Holiday,Weekend
6430,2043-08-09,6430,212,Sunday,August,2043,2043-Aug,9,221,33,2043-W33,2043-08-02,32,2043-W32,2043-08-03,Non-Holiday,Weekend
6431,2043-08-10,6431,212,Monday,August,2043,2043-Aug,10,222,33,2043-W33,2043-08-09,33,2043-W33,2043-08-10,Non-Holiday,Weekday
6432,2043-08-11,6432,212,Tuesday,August,2043,2043-Aug,11,223,33,2043-W33,2043-08-09,33,2043-W33,2043-08-10,Non-Holiday,Weekday
6433,2043-08-12,6433,212,Wednesday,August,2043,2043-Aug,12,224,33,2043-W33,2043-08-09,33,2043-W33,2043-08-10,Non-Holiday,Weekday
6434,2043-08-13,6434,212,Thursday,August,2043,2043-Aug,13,225,33,2043-W33,2043-08-09,33,2043-W33,2043-08-10,Non-Holiday,Weekday
6435,2043-08-14,6435,212,Friday,August,2043,2043-Aug,14,226,33,2043-W33,2043-08-09,33,2043-W33,2043-08-10,Non-Holiday,Weekday
6436,2043-08-15,6436,212,Saturday,August,2043,2043-Aug,15,227,33,2043-W33,2043-08-09,33,2043-W33,2043-08-10,Non-Holiday,Weekend
6437,2043-08-16,6437,212,Sunday,August,2043,2043-Aug,16,228,34,2043-W34,2043-08-09,33,2043-W33,2043-08-10,Non-Holiday,Weekend
6438,2043-08-17,6438,212,Monday,August,2043,2043-Aug,17,229,34,2043-W34,2043-08-16,34,2043-W34,2043-08-17,Non-Holiday,Weekday
6439,2043-08-18,6439,212,Tuesday,August,2043,2043-Aug,18,230,34,2043-W34,2043-08-16,34,2043-W34,2043-08-17,Non-Holiday,Weekday
6440,2043-08-19,6440,212,Wednesday,August,2043,2043-Aug,19,231,34,2043-W34,2043-08-16,34,2043-W34,2043-08-17,Non-Holiday,Weekday
6441,2043-08-20,6441,212,Thursday,August,2043,2043-Aug,20,232,34,2043-W34,2043-08-16,34,2043-W34,2043-08-17,Non-Holiday,Weekday
6442,2043-08-21,6442,212,Friday,August,2043,2043-Aug,21,233,34,2043-W34,2043-08-16,34,2043-W34,2043-08-17,Non-Holiday,Weekday
6443,2043-08-22,6443,212,Saturday,August,2043,2043-Aug,22,234,34,2043-W34,2043-08-16,34,2043-W34,2043-08-17,Non-Holiday,Weekend
6444,2043-08-23,6444,212,Sunday,August,2043,2043-Aug,23,235,35,2043-W35,2043-08-16,34,2043-W34,2043-08-17,Non-Holiday,Weekend
6445,2043-08-24,6445,212,Monday,August,2043,2043-Aug,24,236,35,2043-W35,2043-08-23,35,2043-W35,2043-08-24,Non-Holiday,Weekday
6446,2043-08-25,6446,212,Tuesday,August,2043,2043-Aug,25,237,35,2043-W35,2043-08-23,35,2043-W35,2043-08-24,Non-Holiday,Weekday
6447,2043-08-26,6447,212,Wednesday,August,2043,2043-Aug,26,238,35,2043-W35,2043-08-23,35,2043-W35,2043-08-24,Non-Holiday,Weekday
6448,2043-08-27,6448,212,Thursday,August,2043,2043-Aug,27,239,35,2043-W35,2043-08-23,35,2043-W35,2043-08-24,Non-Holiday,Weekday
6449,2043-08-28,6449,212,Friday,August,2043,2043-Aug,28,240,35,2043-W35,2043-08-23,35,2043-W35,2043-08-24,Non-Holiday,Weekday
6450,2043-08-29,6450,212,Saturday,August,2043,2043-Aug,29,241,35,2043-W35,2043-08-23,35,2043-W35,2043-08-24,Non-Holiday,Weekend
6451,2043-08-30,6451,212,Sunday,August,2043,2043-Aug,30,242,36,2043-W36,2043-08-23,35,2043-W35,2043-08-24,Non-Holiday,Weekend
6452,2043-08-31,6452,212,Monday,August,2043,2043-Aug,31,243,36,2043-W36,2043-08-30,36,2043-W36,2043-08-31,Non-Holiday,Weekday
6453,2043-09-01,6453,213,Tuesday,September,2043,2043-Sep,1,244,36,2043-W36,2043-08-30,36,2043-W36,2043-08-31,Non-Holiday,Weekday
6454,2043-09-02,6454,213,Wednesday,September,2043,2043-Sep,2,245,36,2043-W36,2043-08-30,36,2043-W36,2043-08-31,Non-Holiday,Weekday
6455,2043-09-03,6455,213,Thursday,September,2043,2043-Sep,3,246,36,2043-W36,2043-08-30,36,2043-W36,2043-08-31,Non-Holiday,Weekday
6456,2043-09-04,6456,213,Friday,September,2043,2043-Sep,4,247,36,2043-W36,2043-08-30,36,2043-W36,2043-08-31,Non-Holiday,Weekday
6457,2043-09-05,6457,213,Saturday,September,2043,2043-Sep,5,248,36,2043-W36,2043-08-30,36,2043-W36,2043-08-31,Non-Holiday,Weekend
6458,2043-09-06,6458,213,Sunday,September,2043,2043-Sep,6,249,37,2043-W37,2043-08-30,36,2043-W36,2043-08-31,Non-Holiday,Weekend
6459,2043-09-07,6459,213,Monday,September,2043,2043-Sep,7,250,37,2043-W37,2043-09-06,37,2043-W37,2043-09-07,Non-Holiday,Weekday
6460,2043-09-08,6460,213,Tuesday,September,2043,2043-Sep,8,251,37,2043-W37,2043-09-06,37,2043-W37,2043-09-07,Non-Holiday,Weekday
6461,2043-09-09,6461,213,Wednesday,September,2043,2043-Sep,9,252,37,2043-W37,2043-09-06,37,2043-W37,2043-09-07,Non-Holiday,Weekday
6462,2043-09-10,6462,213,Thursday,September,2043,2043-Sep,10,253,37,2043-W37,2043-09-06,37,2043-W37,2043-09-07,Non-Holiday,Weekday
6463,2043-09-11,6463,213,Friday,September,2043,2043-Sep,11,254,37,2043-W37,2043-09-06,37,2043-W37,2043-09-07,Non-Holiday,Weekday
6464,2043-09-12,6464,213,Saturday,September,2043,2043-Sep,12,255,37,2043-W37,2043-09-06,37,2043-W37,2043-09-07,Non-Holiday,Weekend
6465,2043-09-13,6465,213,Sunday,September,2043,2043-Sep,13,256,38,2043-W38,2043-09-06,37,2043-W37,2043-09-07,Non-Holiday,Weekend
6466,2043-09-14,6466,213,Monday,September,2043,2043-Sep,14,257,38,2043-W38,2043-09-13,38,2043-W38,2043-09-14,Non-Holiday,Weekday
6467,2043-09-15,6467,213,Tuesday,September,2043,2043-Sep,15,258,38,2043-W38,2043-09-13,38,2043-W38,2043-09-14,Non-Holiday,Weekday
6468,2043-09-16,6468,213,Wednesday,September,2043,2043-Sep,16,259,38,2043-W38,2043-09-13,38,2043-W38,2043-09-14,Non-Holiday,Weekday
6469,2043-09-17,6469,213,Thursday,September,2043,2043-Sep,17,260,38,2043-W38,2043-09-13,38,2043-W38,2043-09-14,Non-Holiday,Weekday
6470,2043-09-18,6470,213,Friday,September,2043,2043-Sep,18,261,38,2043-W38,2043-09-13,38,2043-W38,2043-09-14,Non-Holiday,Weekday
6471,2043-09-19,6471,213,Saturday,September,2043,2043-Sep,19,262,38,2043-W38,2043-09-13,38,2043-W38,2043-09-14,Non-Holiday,Weekend
6472,2043-09-20,6472,213,Sunday,September,2043,2043-Sep,20,263,39,2043-W39,2043-09-13,38,2043-W38,2043-09-14,Non-Holiday,Weekend
6473,2043-09-21,6473,213,Monday,September,2043,2043-Sep,21,264,39,2043-W39,2043-09-20,39,2043-W39,2043-09-21,Non-Holiday,Weekday
6474,2043-09-22,6474,213,Tuesday,September,2043,2043-Sep,22,265,39,2043-W39,2043-09-20,39,2043-W39,2043-09-21,Non-Holiday,Weekday
6475,2043-09-23,6475,213,Wednesday,September,2043,2043-Sep,23,266,39,2043-W39,2043-09-20,39,2043-W39,2043-09-21,Non-Holiday,Weekday
6476,2043-09-24,6476,213,Thursday,September,2043,2043-Sep,24,267,39,2043-W39,2043-09-20,39,2043-W39,2043-09-21,Non-Holiday,Weekday
6477,2043-09-25,6477,213,Friday,September,2043,2043-Sep,25,268,39,2043-W39,2043-09-20,39,2043-W39,2043-09-21,Non-Holiday,Weekday
6478,2043-09-26,6478,213,Saturday,September,2043,2043-Sep,26,269,39,2043-W39,2043-09-20,39,2043-W39,2043-09-21,Non-Holiday,Weekend
6479,2043-09-27,6479,213,Sunday,September,2043,2043-Sep,27,270,40,2043-W40,2043-09-20,39,2043-W39,2043-09-21,Non-Holiday,Weekend
6480,2043-09-28,6480,213,Monday,September,2043,2043-Sep,28,271,40,2043-W40,2043-09-27,40,2043-W40,2043-09-28,Non-Holiday,Weekday
6481,2043-09-29,6481,213,Tuesday,September,2043,2043-Sep,29,272,40,2043-W40,2043-09-27,40,2043-W40,2043-09-28,Non-Holiday,Weekday
6482,2043-09-30,6482,213,Wednesday,September,2043,2043-Sep,30,273,40,2043-W40,2043-09-27,40,2043-W40,2043-09-28,Non-Holiday,Weekday
6483,2043-10-01,6483,214,Thursday,October,2043,2043-Oct,1,274,40,2043-W40,2043-09-27,40,2043-W40,2043-09-28,Non-Holiday,Weekday
6484,2043-10-02,6484,214,Friday,October,2043,2043-Oct,2,275,40,2043-W40,2043-09-27,40,2043-W40,2043-09-28,Non-Holiday,Weekday
6485,2043-10-03,6485,214,Saturday,October,2043,2043-Oct,3,276,40,2043-W40,2043-09-27,40,2043-W40,2043-09-28,Non-Holiday,Weekend
6486,2043-10-04,6486,214,Sunday,October,2043,2043-Oct,4,277,41,2043-W41,2043-09-27,40,2043-W40,2043-09-28,Non-Holiday,Weekend
6487,2043-10-05,6487,214,Monday,October,2043,2043-Oct,5,278,41,2043-W41,2043-10-04,41,2043-W41,2043-10-05,Non-Holiday,Weekday
6488,2043-10-06,6488,214,Tuesday,October,2043,2043-Oct,6,279,41,2043-W41,2043-10-04,41,2043-W41,2043-10-05,Non-Holiday,Weekday
6489,2043-10-07,6489,214,Wednesday,October,2043,2043-Oct,7,280,41,2043-W41,2043-10-04,41,2043-W41,2043-10-05,Non-Holiday,Weekday
6490,2043-10-08,6490,214,Thursday,October,2043,2043-Oct,8,281,41,2043-W41,2043-10-04,41,2043-W41,2043-10-05,Non-Holiday,Weekday
6491,2043-10-09,6491,214,Friday,October,2043,2043-Oct,9,282,41,2043-W41,2043-10-04,41,2043-W41,2043-10-05,Non-Holiday,Weekday
6492,2043-10-10,6492,214,Saturday,October,2043,2043-Oct,10,283,41,2043-W41,2043-10-04,41,2043-W41,2043-10-05,Non-Holiday,Weekend
6493,2043-10-11,6493,214,Sunday,October,2043,2043-Oct,11,284,42,2043-W42,2043-10-04,41,2043-W41,2043-10-05,Non-Holiday,Weekend
6494,2043-10-12,6494,214,Monday,October,2043,2043-Oct,12,285,42,2043-W42,2043-10-11,42,2043-W42,2043-10-12,Non-Holiday,Weekday
6495,2043-10-13,6495,214,Tuesday,October,2043,2043-Oct,13,286,42,2043-W42,2043-10-11,42,2043-W42,2043-10-12,Non-Holiday,Weekday
6496,2043-10-14,6496,214,Wednesday,October,2043,2043-Oct,14,287,42,2043-W42,2043-10-11,42,2043-W42,2043-10-12,Non-Holiday,Weekday
6497,2043-10-15,6497,214,Thursday,October,2043,2043-Oct,15,288,42,2043-W42,2043-10-11,42,2043-W42,2043-10-12,Non-Holiday,Weekday
6498,2043-10-16,6498,214,Friday,October,2043,2043-Oct,16,289,42,2043-W42,2043-10-11,42,2043-W42,2043-10-12,Non-Holiday,Weekday
6499,2043-10-17,6499,214,Saturday,October,2043,2043-Oct,17,290,42,2043-W42,2043-10-11,42,2043-W42,2043-10-12,Non-Holiday,Weekend
6500,2043-10-18,6500,214,Sunday,October,2043,2043-Oct,18,291,43,2043-W43,2043-10-11,42,2043-W42,2043-10-12,Non-Holiday,Weekend
6501,2043-10-19,6501,214,Monday,October,2043,2043-Oct,19,292,43,2043-W43,2043-10-18,43,2043-W43,2043-10-19,Non-Holiday,Weekday
6502,2043-10-20,6502,214,Tuesday,October,2043,2043-Oct,20,293,43,2043-W43,2043-10-18,43,2043-W43,2043-10-19,Non-Holiday,Weekday
6503,2043-10-21,6503,214,Wednesday,October,2043,2043-Oct,21,294,43,2043-W43,2043-10-18,43,2043-W43,2043-10-19,Non-Holiday,Weekday
6504,2043-10-22,6504,214,Thursday,October,2043,2043-Oct,22,295,43,2043-W43,2043-10-18,43,2043-W43,2043-10-19,Non-Holiday,Weekday
6505,2043-10-23,6505,214,Friday,October,2043,2043-Oct,23,296,43,2043-W43,2043-10-18,43,2043-W43,2043-10-19,Non-Holiday,Weekday
6506,2043-10-24,6506,214,Saturday,October,2043,2043-Oct,24,297,43,2043-W43,2043-10-18,43,2043-W43,2043-10-19,Non-Holiday,Weekend
6507,2043-10-25,6507,214,Sunday,October,2043,2043-Oct,25,298,44,2043-W44,2043-10-18,43,2043-W43,2043-10-19,Non-Holiday,Weekend
6508,2043-10-26,6508,214,Monday,October,2043,2043-Oct,26,299,44,2043-W44,2043-10-25,44,2043-W44,2043-10-26,Non-Holiday,Weekday
6509,2043-10-27,6509,214,Tuesday,October,2043,2043-Oct,27,300,44,2043-W44,2043-10-25,44,2043-W44,2043-10-26,Non-Holiday,Weekday
6510,2043-10-28,6510,214,Wednesday,October,2043,2043-Oct,28,301,44,2043-W44,2043-10-25,44,2043-W44,2043-10-26,Non-Holiday,Weekday
6511,2043-10-29,6511,214,Thursday,October,2043,2043-Oct,29,302,44,2043-W44,2043-10-25,44,2043-W44,2043-10-26,Non-Holiday,Weekday
6512,2043-10-30,6512,214,Friday,October,2043,2043-Oct,30,303,44,2043-W44,2043-10-25,44,2043-W44,2043-10-26,Non-Holiday,Weekday
6513,2043-10-31,6513,214,Saturday,October,2043,2043-Oct,31,304,44,2043-W44,2043-10-25,44,2043-W44,2043-10-26,Non-Holiday,Weekend
6514,2043-11-01,6514,215,Sunday,November,2043,2043-Nov,1,305,45,2043-W45,2043-10-25,44,2043-W44,2043-10-26,Non-Holiday,Weekend
6515,2043-11-02,6515,215,Monday,November,2043,2043-Nov,2,306,45,2043-W45,2043-11-01,45,2043-W45,2043-11-02,Non-Holiday,Weekday
6516,2043-11-03,6516,215,Tuesday,November,2043,2043-Nov,3,307,45,2043-W45,2043-11-01,45,2043-W45,2043-11-02,Non-Holiday,Weekday
6517,2043-11-04,6517,215,Wednesday,November,2043,2043-Nov,4,308,45,2043-W45,2043-11-01,45,2043-W45,2043-11-02,Non-Holiday,Weekday
6518,2043-11-05,6518,215,Thursday,November,2043,2043-Nov,5,309,45,2043-W45,2043-11-01,45,2043-W45,2043-11-02,Non-Holiday,Weekday
6519,2043-11-06,6519,215,Friday,November,2043,2043-Nov,6,310,45,2043-W45,2043-11-01,45,2043-W45,2043-11-02,Non-Holiday,Weekday
6520,2043-11-07,6520,215,Saturday,November,2043,2043-Nov,7,311,45,2043-W45,2043-11-01,45,2043-W45,2043-11-02,Non-Holiday,Weekend
6521,2043-11-08,6521,215,Sunday,November,2043,2043-Nov,8,312,46,2043-W46,2043-11-01,45,2043-W45,2043-11-02,Non-Holiday,Weekend
6522,2043-11-09,6522,215,Monday,November,2043,2043-Nov,9,313,46,2043-W46,2043-11-08,46,2043-W46,2043-11-09,Non-Holiday,Weekday
6523,2043-11-10,6523,215,Tuesday,November,2043,2043-Nov,10,314,46,2043-W46,2043-11-08,46,2043-W46,2043-11-09,Non-Holiday,Weekday
6524,2043-11-11,6524,215,Wednesday,November,2043,2043-Nov,11,315,46,2043-W46,2043-11-08,46,2043-W46,2043-11-09,Non-Holiday,Weekday
6525,2043-11-12,6525,215,Thursday,November,2043,2043-Nov,12,316,46,2043-W46,2043-11-08,46,2043-W46,2043-11-09,Non-Holiday,Weekday
6526,2043-11-13,6526,215,Friday,November,2043,2043-Nov,13,317,46,2043-W46,2043-11-08,46,2043-W46,2043-11-09,Non-Holiday,Weekday
6527,2043-11-14,6527,215,Saturday,November,2043,2043-Nov,14,318,46,2043-W46,2043-11-08,46,2043-W46,2043-11-09,Non-Holiday,Weekend
6528,2043-11-15,6528,215,Sunday,November,2043,2043-Nov,15,319,47,2043-W47,2043-11-08,46,2043-W46,2043-11-09,Non-Holiday,Weekend
6529,2043-11-16,6529,215,Monday,November,2043,2043-Nov,16,320,47,2043-W47,2043-11-15,47,2043-W47,2043-11-16,Non-Holiday,Weekday
6530,2043-11-17,6530,215,Tuesday,November,2043,2043-Nov,17,321,47,2043-W47,2043-11-15,47,2043-W47,2043-11-16,Non-Holiday,Weekday
6531,2043-11-18,6531,215,Wednesday,November,2043,2043-Nov,18,322,47,2043-W47,2043-11-15,47,2043-W47,2043-11-16,Non-Holiday,Weekday
6532,2043-11-19,6532,215,Thursday,November,2043,2043-Nov,19,323,47,2043-W47,2043-11-15,47,2043-W47,2043-11-16,Non-Holiday,Weekday
6533,2043-11-20,6533,215,Friday,November,2043,2043-Nov,20,324,47,2043-W47,2043-11-15,47,2043-W47,2043-11-16,Non-Holiday,Weekday
6534,2043-11-21,6534,215,Saturday,November,2043,2043-Nov,21,325,47,2043-W47,2043-11-15,47,2043-W47,2043-11-16,Non-Holiday,Weekend
6535,2043-11-22,6535,215,Sunday,November,2043,2043-Nov,22,326,48,2043-W48,2043-11-15,47,2043-W47,2043-11-16,Non-Holiday,Weekend
6536,2043-11-23,6536,215,Monday,November,2043,2043-Nov,23,327,48,2043-W48,2043-11-22,48,2043-W48,2043-11-23,Non-Holiday,Weekday
6537,2043-11-24,6537,215,Tuesday,November,2043,2043-Nov,24,328,48,2043-W48,2043-11-22,48,2043-W48,2043-11-23,Non-Holiday,Weekday
6538,2043-11-25,6538,215,Wednesday,November,2043,2043-Nov,25,329,48,2043-W48,2043-11-22,48,2043-W48,2043-11-23,Non-Holiday,Weekday
6539,2043-11-26,6539,215,Thursday,November,2043,2043-Nov,26,330,48,2043-W48,2043-11-22,48,2043-W48,2043-11-23,Non-Holiday,Weekday
6540,2043-11-27,6540,215,Friday,November,2043,2043-Nov,27,331,48,2043-W48,2043-11-22,48,2043-W48,2043-11-23,Non-Holiday,Weekday
6541,2043-11-28,6541,215,Saturday,November,2043,2043-Nov,28,332,48,2043-W48,2043-11-22,48,2043-W48,2043-11-23,Non-Holiday,Weekend
6542,2043-11-29,6542,215,Sunday,November,2043,2043-Nov,29,333,49,2043-W49,2043-11-22,48,2043-W48,2043-11-23,Non-Holiday,Weekend
6543,2043-11-30,6543,215,Monday,November,2043,2043-Nov,30,334,49,2043-W49,2043-11-29,49,2043-W49,2043-11-30,Non-Holiday,Weekday
6544,2043-12-01,6544,216,Tuesday,December,2043,2043-Dec,1,335,49,2043-W49,2043-11-29,49,2043-W49,2043-11-30,Non-Holiday,Weekday
6545,2043-12-02,6545,216,Wednesday,December,2043,2043-Dec,2,336,49,2043-W49,2043-11-29,49,2043-W49,2043-11-30,Non-Holiday,Weekday
6546,2043-12-03,6546,216,Thursday,December,2043,2043-Dec,3,337,49,2043-W49,2043-11-29,49,2043-W49,2043-11-30,Non-Holiday,Weekday
6547,2043-12-04,6547,216,Friday,December,2043,2043-Dec,4,338,49,2043-W49,2043-11-29,49,2043-W49,2043-11-30,Non-Holiday,Weekday
6548,2043-12-05,6548,216,Saturday,December,2043,2043-Dec,5,339,49,2043-W49,2043-11-29,49,2043-W49,2043-11-30,Non-Holiday,Weekend
6549,2043-12-06,6549,216,Sunday,December,2043,2043-Dec,6,340,50,2043-W50,2043-11-29,49,2043-W49,2043-11-30,Non-Holiday,Weekend
6550,2043-12-07,6550,216,Monday,December,2043,2043-Dec,7,341,50,2043-W50,2043-12-06,50,2043-W50,2043-12-07,Non-Holiday,Weekday
6551,2043-12-08,6551,216,Tuesday,December,2043,2043-Dec,8,342,50,2043-W50,2043-12-06,50,2043-W50,2043-12-07,Non-Holiday,Weekday
6552,2043-12-09,6552,216,Wednesday,December,2043,2043-Dec,9,343,50,2043-W50,2043-12-06,50,2043-W50,2043-12-07,Non-Holiday,Weekday
6553,2043-12-10,6553,216,Thursday,December,2043,2043-Dec,10,344,50,2043-W50,2043-12-06,50,2043-W50,2043-12-07,Non-Holiday,Weekday
6554,2043-12-11,6554,216,Friday,December,2043,2043-Dec,11,345,50,2043-W50,2043-12-06,50,2043-W50,2043-12-07,Non-Holiday,Weekday
6555,2043-12-12,6555,216,Saturday,December,2043,2043-Dec,12,346,50,2043-W50,2043-12-06,50,2043-W50,2043-12-07,Non-Holiday,Weekend
6556,2043-12-13,6556,216,Sunday,December,2043,2043-Dec,13,347,51,2043-W51,2043-12-06,50,2043-W50,2043-12-07,Non-Holiday,Weekend
6557,2043-12-14,6557,216,Monday,December,2043,2043-Dec,14,348,51,2043-W51,2043-12-13,51,2043-W51,2043-12-14,Non-Holiday,Weekday
6558,2043-12-15,6558,216,Tuesday,December,2043,2043-Dec,15,349,51,2043-W51,2043-12-13,51,2043-W51,2043-12-14,Non-Holiday,Weekday
6559,2043-12-16,6559,216,Wednesday,December,2043,2043-Dec,16,350,51,2043-W51,2043-12-13,51,2043-W51,2043-12-14,Non-Holiday,Weekday
6560,2043-12-17,6560,216,Thursday,December,2043,2043-Dec,17,351,51,2043-W51,2043-12-13,51,2043-W51,2043-12-14,Non-Holiday,Weekday
6561,2043-12-18,6561,216,Friday,December,2043,2043-Dec,18,352,51,2043-W51,2043-12-13,51,2043-W51,2043-12-14,Non-Holiday,Weekday
6562,2043-12-19,6562,216,Saturday,December,2043,2043-Dec,19,353,51,2043-W51,2043-12-13,51,2043-W51,2043-12-14,Non-Holiday,Weekend
6563,2043-12-20,6563,216,Sunday,December,2043,2043-Dec,20,354,52,2043-W52,2043-12-13,51,2043-W51,2043-12-14,Non-Holiday,Weekend
6564,2043-12-21,6564,216,Monday,December,2043,2043-Dec,21,355,52,2043-W52,2043-12-20,52,2043-W52,2043-12-21,Non-Holiday,Weekday
6565,2043-12-22,6565,216,Tuesday,December,2043,2043-Dec,22,356,52,2043-W52,2043-12-20,52,2043-W52,2043-12-21,Non-Holiday,Weekday
6566,2043-12-23,6566,216,Wednesday,December,2043,2043-Dec,23,357,52,2043-W52,2043-12-20,52,2043-W52,2043-12-21,Non-Holiday,Weekday
6567,2043-12-24,6567,216,Thursday,December,2043,2043-Dec,24,358,52,2043-W52,2043-12-20,52,2043-W52,2043-12-21,Non-Holiday,Weekday
6568,2043-12-25,6568,216,Friday,December,2043,2043-Dec,25,359,52,2043-W52,2043-12-20,52,2043-W52,2043-12-21,Non-Holiday,Weekday
6569,2043-12-26,6569,216,Saturday,December,2043,2043-Dec,26,360,52,2043-W52,2043-12-20,52,2043-W52,2043-12-21,Non-Holiday,Weekend
6570,2043-12-27,6570,216,Sunday,December,2043,2043-Dec,27,361,53,2043-W53,2043-12-20,52,2043-W52,2043-12-21,Non-Holiday,Weekend
6571,2043-12-28,6571,216,Monday,December,2043,2043-Dec,28,362,53,2043-W53,2043-12-27,53,2043-W53,2043-12-28,Non-Holiday,Weekday
6572,2043-12-29,6572,216,Tuesday,December,2043,2043-Dec,29,363,53,2043-W53,2043-12-27,53,2043-W53,2043-12-28,Non-Holiday,Weekday
6573,2043-12-30,6573,216,Wednesday,December,2043,2043-Dec,30,364,53,2043-W53,2043-12-27,53,2043-W53,2043-12-28,Non-Holiday,Weekday
6574,2043-12-31,6574,216,Thursday,December,2043,2043-Dec,31,365,53,2043-W53,2043-12-27,53,2043-W53,2043-12-28,Non-Holiday,Weekday
6575,2044-01-01,6575,217,Friday,January,2044,2044-Jan,1,1,1,2044-W01,2043-12-27,1,2044-W01,2043-12-28,Non-Holiday,Weekday
6576,2044-01-02,6576,217,Saturday,January,2044,2044-Jan,2,2,1,2044-W01,2043-12-27,1,2044-W01,2043-12-28,Non-Holiday,Weekend
6577,2044-01-03,6577,217,Sunday,January,2044,2044-Jan,3,3,2,2044-W02,2043-12-27,1,2044-W01,2043-12-28,Non-Holiday,Weekend
6578,2044-01-04,6578,217,Monday,January,2044,2044-Jan,4,4,2,2044-W02,2044-01-03,2,2044-W02,2044-01-04,Non-Holiday,Weekday
6579,2044-01-05,6579,217,Tuesday,January,2044,2044-Jan,5,5,2,2044-W02,2044-01-03,2,2044-W02,2044-01-04,Non-Holiday,Weekday
6580,2044-01-06,6580,217,Wednesday,January,2044,2044-Jan,6,6,2,2044-W02,2044-01-03,2,2044-W02,2044-01-04,Non-Holiday,Weekday
6581,2044-01-07,6581,217,Thursday,January,2044,2044-Jan,7,7,2,2044-W02,2044-01-03,2,2044-W02,2044-01-04,Non-Holiday,Weekday
6582,2044-01-08,6582,217,Friday,January,2044,2044-Jan,8,8,2,2044-W02,2044-01-03,2,2044-W02,2044-01-04,Non-Holiday,Weekday
6583,2044-01-09,6583,217,Saturday,January,2044,2044-Jan,9,9,2,2044-W02,2044-01-03,2,2044-W02,2044-01-04,Non-Holiday,Weekend
6584,2044-01-10,6584,217,Sunday,January,2044,2044-Jan,10,10,3,2044-W03,2044-01-03,2,2044-W02,2044-01-04,Non-Holiday,Weekend
6585,2044-01-11,6585,217,Monday,January,2044,2044-Jan,11,11,3,2044-W03,2044-01-10,3,2044-W03,2044-01-11,Non-Holiday,Weekday
6586,2044-01-12,6586,217,Tuesday,January,2044,2044-Jan,12,12,3,2044-W03,2044-01-10,3,2044-W03,2044-01-11,Non-Holiday,Weekday
6587,2044-01-13,6587,217,Wednesday,January,2044,2044-Jan,13,13,3,2044-W03,2044-01-10,3,2044-W03,2044-01-11,Non-Holiday,Weekday
6588,2044-01-14,6588,217,Thursday,January,2044,2044-Jan,14,14,3,2044-W03,2044-01-10,3,2044-W03,2044-01-11,Non-Holiday,Weekday
6589,2044-01-15,6589,217,Friday,January,2044,2044-Jan,15,15,3,2044-W03,2044-01-10,3,2044-W03,2044-01-11,Non-Holiday,Weekday
6590,2044-01-16,6590,217,Saturday,January,2044,2044-Jan,16,16,3,2044-W03,2044-01-10,3,2044-W03,2044-01-11,Non-Holiday,Weekend
6591,2044-01-17,6591,217,Sunday,January,2044,2044-Jan,17,17,4,2044-W04,2044-01-10,3,2044-W03,2044-01-11,Non-Holiday,Weekend
6592,2044-01-18,6592,217,Monday,January,2044,2044-Jan,18,18,4,2044-W04,2044-01-17,4,2044-W04,2044-01-18,Non-Holiday,Weekday
6593,2044-01-19,6593,217,Tuesday,January,2044,2044-Jan,19,19,4,2044-W04,2044-01-17,4,2044-W04,2044-01-18,Non-Holiday,Weekday
6594,2044-01-20,6594,217,Wednesday,January,2044,2044-Jan,20,20,4,2044-W04,2044-01-17,4,2044-W04,2044-01-18,Non-Holiday,Weekday
6595,2044-01-21,6595,217,Thursday,January,2044,2044-Jan,21,21,4,2044-W04,2044-01-17,4,2044-W04,2044-01-18,Non-Holiday,Weekday
6596,2044-01-22,6596,217,Friday,January,2044,2044-Jan,22,22,4,2044-W04,2044-01-17,4,2044-W04,2044-01-18,Non-Holiday,Weekday
6597,2044-01-23,6597,217,Saturday,January,2044,2044-Jan,23,23,4,2044-W04,2044-01-17,4,2044-W04,2044-01-18,Non-Holiday,Weekend
6598,2044-01-24,6598,217,Sunday,January,2044,2044-Jan,24,24,5,2044-W05,2044-01-17,4,2044-W04,2044-01-18,Non-Holiday,Weekend
6599,2044-01-25,6599,217,Monday,January,2044,2044-Jan,25,25,5,2044-W05,2044-01-24,5,2044-W05,2044-01-25,Non-Holiday,Weekday
6600,2044-01-26,6600,217,Tuesday,January,2044,2044-Jan,26,26,5,2044-W05,2044-01-24,5,2044-W05,2044-01-25,Non-Holiday,Weekday
6601,2044-01-27,6601,217,Wednesday,January,2044,2044-Jan,27,27,5,2044-W05,2044-01-24,5,2044-W05,2044-01-25,Non-Holiday,Weekday
6602,2044-01-28,6602,217,Thursday,January,2044,2044-Jan,28,28,5,2044-W05,2044-01-24,5,2044-W05,2044-01-25,Non-Holiday,Weekday
6603,2044-01-29,6603,217,Friday,January,2044,2044-Jan,29,29,5,2044-W05,2044-01-24,5,2044-W05,2044-01-25,Non-Holiday,Weekday
6604,2044-01-30,6604,217,Saturday,January,2044,2044-Jan,30,30,5,2044-W05,2044-01-24,5,2044-W05,2044-01-25,Non-Holiday,Weekend
6605,2044-01-31,6605,217,Sunday,January,2044,2044-Jan,31,31,6,2044-W06,2044-01-24,5,2044-W05,2044-01-25,Non-Holiday,Weekend
6606,2044-02-01,6606,218,Monday,February,2044,2044-Feb,1,32,6,2044-W06,2044-01-31,6,2044-W06,2044-02-01,Non-Holiday,Weekday
6607,2044-02-02,6607,218,Tuesday,February,2044,2044-Feb,2,33,6,2044-W06,2044-01-31,6,2044-W06,2044-02-01,Non-Holiday,Weekday
6608,2044-02-03,6608,218,Wednesday,February,2044,2044-Feb,3,34,6,2044-W06,2044-01-31,6,2044-W06,2044-02-01,Non-Holiday,Weekday
6609,2044-02-04,6609,218,Thursday,February,2044,2044-Feb,4,35,6,2044-W06,2044-01-31,6,2044-W06,2044-02-01,Non-Holiday,Weekday
6610,2044-02-05,6610,218,Friday,February,2044,2044-Feb,5,36,6,2044-W06,2044-01-31,6,2044-W06,2044-02-01,Non-Holiday,Weekday
6611,2044-02-06,6611,218,Saturday,February,2044,2044-Feb,6,37,6,2044-W06,2044-01-31,6,2044-W06,2044-02-01,Non-Holiday,Weekend
6612,2044-02-07,6612,218,Sunday,February,2044,2044-Feb,7,38,7,2044-W07,2044-01-31,6,2044-W06,2044-02-01,Non-Holiday,Weekend
6613,2044-02-08,6613,218,Monday,February,2044,2044-Feb,8,39,7,2044-W07,2044-02-07,7,2044-W07,2044-02-08,Non-Holiday,Weekday
6614,2044-02-09,6614,218,Tuesday,February,2044,2044-Feb,9,40,7,2044-W07,2044-02-07,7,2044-W07,2044-02-08,Non-Holiday,Weekday
6615,2044-02-10,6615,218,Wednesday,February,2044,2044-Feb,10,41,7,2044-W07,2044-02-07,7,2044-W07,2044-02-08,Non-Holiday,Weekday
6616,2044-02-11,6616,218,Thursday,February,2044,2044-Feb,11,42,7,2044-W07,2044-02-07,7,2044-W07,2044-02-08,Non-Holiday,Weekday
6617,2044-02-12,6617,218,Friday,February,2044,2044-Feb,12,43,7,2044-W07,2044-02-07,7,2044-W07,2044-02-08,Non-Holiday,Weekday
6618,2044-02-13,6618,218,Saturday,February,2044,2044-Feb,13,44,7,2044-W07,2044-02-07,7,2044-W07,2044-02-08,Non-Holiday,Weekend
6619,2044-02-14,6619,218,Sunday,February,2044,2044-Feb,14,45,8,2044-W08,2044-02-07,7,2044-W07,2044-02-08,Non-Holiday,Weekend
6620,2044-02-15,6620,218,Monday,February,2044,2044-Feb,15,46,8,2044-W08,2044-02-14,8,2044-W08,2044-02-15,Non-Holiday,Weekday
6621,2044-02-16,6621,218,Tuesday,February,2044,2044-Feb,16,47,8,2044-W08,2044-02-14,8,2044-W08,2044-02-15,Non-Holiday,Weekday
6622,2044-02-17,6622,218,Wednesday,February,2044,2044-Feb,17,48,8,2044-W08,2044-02-14,8,2044-W08,2044-02-15,Non-Holiday,Weekday
6623,2044-02-18,6623,218,Thursday,February,2044,2044-Feb,18,49,8,2044-W08,2044-02-14,8,2044-W08,2044-02-15,Non-Holiday,Weekday
6624,2044-02-19,6624,218,Friday,February,2044,2044-Feb,19,50,8,2044-W08,2044-02-14,8,2044-W08,2044-02-15,Non-Holiday,Weekday
6625,2044-02-20,6625,218,Saturday,February,2044,2044-Feb,20,51,8,2044-W08,2044-02-14,8,2044-W08,2044-02-15,Non-Holiday,Weekend
6626,2044-02-21,6626,218,Sunday,February,2044,2044-Feb,21,52,9,2044-W09,2044-02-14,8,2044-W08,2044-02-15,Non-Holiday,Weekend
6627,2044-02-22,6627,218,Monday,February,2044,2044-Feb,22,53,9,2044-W09,2044-02-21,9,2044-W09,2044-02-22,Non-Holiday,Weekday
6628,2044-02-23,6628,218,Tuesday,February,2044,2044-Feb,23,54,9,2044-W09,2044-02-21,9,2044-W09,2044-02-22,Non-Holiday,Weekday
6629,2044-02-24,6629,218,Wednesday,February,2044,2044-Feb,24,55,9,2044-W09,2044-02-21,9,2044-W09,2044-02-22,Non-Holiday,Weekday
6630,2044-02-25,6630,218,Thursday,February,2044,2044-Feb,25,56,9,2044-W09,2044-02-21,9,2044-W09,2044-02-22,Non-Holiday,Weekday
6631,2044-02-26,6631,218,Friday,February,2044,2044-Feb,26,57,9,2044-W09,2044-02-21,9,2044-W09,2044-02-22,Non-Holiday,Weekday
6632,2044-02-27,6632,218,Saturday,February,2044,2044-Feb,27,58,9,2044-W09,2044-02-21,9,2044-W09,2044-02-22,Non-Holiday,Weekend
6633,2044-02-28,6633,218,Sunday,February,2044,2044-Feb,28,59,10,2044-W10,2044-02-21,9,2044-W09,2044-02-22,Non-Holiday,Weekend
6634,2044-02-29,6634,218,Monday,February,2044,2044-Feb,29,60,10,2044-W10,2044-02-28,10,2044-W10,2044-02-29,Non-Holiday,Weekday
6635,2044-03-01,6635,219,Tuesday,March,2044,2044-Mar,1,61,10,2044-W10,2044-02-28,10,2044-W10,2044-02-29,Non-Holiday,Weekday
6636,2044-03-02,6636,219,Wednesday,March,2044,2044-Mar,2,62,10,2044-W10,2044-02-28,10,2044-W10,2044-02-29,Non-Holiday,Weekday
6637,2044-03-03,6637,219,Thursday,March,2044,2044-Mar,3,63,10,2044-W10,2044-02-28,10,2044-W10,2044-02-29,Non-Holiday,Weekday
6638,2044-03-04,6638,219,Friday,March,2044,2044-Mar,4,64,10,2044-W10,2044-02-28,10,2044-W10,2044-02-29,Non-Holiday,Weekday
6639,2044-03-05,6639,219,Saturday,March,2044,2044-Mar,5,65,10,2044-W10,2044-02-28,10,2044-W10,2044-02-29,Non-Holiday,Weekend
6640,2044-03-06,6640,219,Sunday,March,2044,2044-Mar,6,66,11,2044-W11,2044-02-28,10,2044-W10,2044-02-29,Non-Holiday,Weekend
6641,2044-03-07,6641,219,Monday,March,2044,2044-Mar,7,67,11,2044-W11,2044-03-06,11,2044-W11,2044-03-07,Non-Holiday,Weekday
6642,2044-03-08,6642,219,Tuesday,March,2044,2044-Mar,8,68,11,2044-W11,2044-03-06,11,2044-W11,2044-03-07,Non-Holiday,Weekday
6643,2044-03-09,6643,219,Wednesday,March,2044,2044-Mar,9,69,11,2044-W11,2044-03-06,11,2044-W11,2044-03-07,Non-Holiday,Weekday
6644,2044-03-10,6644,219,Thursday,March,2044,2044-Mar,10,70,11,2044-W11,2044-03-06,11,2044-W11,2044-03-07,Non-Holiday,Weekday
6645,2044-03-11,6645,219,Friday,March,2044,2044-Mar,11,71,11,2044-W11,2044-03-06,11,2044-W11,2044-03-07,Non-Holiday,Weekday
6646,2044-03-12,6646,219,Saturday,March,2044,2044-Mar,12,72,11,2044-W11,2044-03-06,11,2044-W11,2044-03-07,Non-Holiday,Weekend
6647,2044-03-13,6647,219,Sunday,March,2044,2044-Mar,13,73,12,2044-W12,2044-03-06,11,2044-W11,2044-03-07,Non-Holiday,Weekend
6648,2044-03-14,6648,219,Monday,March,2044,2044-Mar,14,74,12,2044-W12,2044-03-13,12,2044-W12,2044-03-14,Non-Holiday,Weekday
6649,2044-03-15,6649,219,Tuesday,March,2044,2044-Mar,15,75,12,2044-W12,2044-03-13,12,2044-W12,2044-03-14,Non-Holiday,Weekday
6650,2044-03-16,6650,219,Wednesday,March,2044,2044-Mar,16,76,12,2044-W12,2044-03-13,12,2044-W12,2044-03-14,Non-Holiday,Weekday
6651,2044-03-17,6651,219,Thursday,March,2044,2044-Mar,17,77,12,2044-W12,2044-03-13,12,2044-W12,2044-03-14,Non-Holiday,Weekday
6652,2044-03-18,6652,219,Friday,March,2044,2044-Mar,18,78,12,2044-W12,2044-03-13,12,2044-W12,2044-03-14,Non-Holiday,Weekday
6653,2044-03-19,6653,219,Saturday,March,2044,2044-Mar,19,79,12,2044-W12,2044-03-13,12,2044-W12,2044-03-14,Non-Holiday,Weekend
6654,2044-03-20,6654,219,Sunday,March,2044,2044-Mar,20,80,13,2044-W13,2044-03-13,12,2044-W12,2044-03-14,Non-Holiday,Weekend
6655,2044-03-21,6655,219,Monday,March,2044,2044-Mar,21,81,13,2044-W13,2044-03-20,13,2044-W13,2044-03-21,Non-Holiday,Weekday
6656,2044-03-22,6656,219,Tuesday,March,2044,2044-Mar,22,82,13,2044-W13,2044-03-20,13,2044-W13,2044-03-21,Non-Holiday,Weekday
6657,2044-03-23,6657,219,Wednesday,March,2044,2044-Mar,23,83,13,2044-W13,2044-03-20,13,2044-W13,2044-03-21,Non-Holiday,Weekday
6658,2044-03-24,6658,219,Thursday,March,2044,2044-Mar,24,84,13,2044-W13,2044-03-20,13,2044-W13,2044-03-21,Non-Holiday,Weekday
6659,2044-03-25,6659,219,Friday,March,2044,2044-Mar,25,85,13,2044-W13,2044-03-20,13,2044-W13,2044-03-21,Non-Holiday,Weekday
6660,2044-03-26,6660,219,Saturday,March,2044,2044-Mar,26,86,13,2044-W13,2044-03-20,13,2044-W13,2044-03-21,Non-Holiday,Weekend
6661,2044-03-27,6661,219,Sunday,March,2044,2044-Mar,27,87,14,2044-W14,2044-03-20,13,2044-W13,2044-03-21,Non-Holiday,Weekend
6662,2044-03-28,6662,219,Monday,March,2044,2044-Mar,28,88,14,2044-W14,2044-03-27,14,2044-W14,2044-03-28,Non-Holiday,Weekday
6663,2044-03-29,6663,219,Tuesday,March,2044,2044-Mar,29,89,14,2044-W14,2044-03-27,14,2044-W14,2044-03-28,Non-Holiday,Weekday
6664,2044-03-30,6664,219,Wednesday,March,2044,2044-Mar,30,90,14,2044-W14,2044-03-27,14,2044-W14,2044-03-28,Non-Holiday,Weekday
6665,2044-03-31,6665,219,Thursday,March,2044,2044-Mar,31,91,14,2044-W14,2044-03-27,14,2044-W14,2044-03-28,Non-Holiday,Weekday
6666,2044-04-01,6666,220,Friday,April,2044,2044-Apr,1,92,14,2044-W14,2044-03-27,14,2044-W14,2044-03-28,Non-Holiday,Weekday
6667,2044-04-02,6667,220,Saturday,April,2044,2044-Apr,2,93,14,2044-W14,2044-03-27,14,2044-W14,2044-03-28,Non-Holiday,Weekend
6668,2044-04-03,6668,220,Sunday,April,2044,2044-Apr,3,94,15,2044-W15,2044-03-27,14,2044-W14,2044-03-28,Non-Holiday,Weekend
6669,2044-04-04,6669,220,Monday,April,2044,2044-Apr,4,95,15,2044-W15,2044-04-03,15,2044-W15,2044-04-04,Non-Holiday,Weekday
6670,2044-04-05,6670,220,Tuesday,April,2044,2044-Apr,5,96,15,2044-W15,2044-04-03,15,2044-W15,2044-04-04,Non-Holiday,Weekday
6671,2044-04-06,6671,220,Wednesday,April,2044,2044-Apr,6,97,15,2044-W15,2044-04-03,15,2044-W15,2044-04-04,Non-Holiday,Weekday
6672,2044-04-07,6672,220,Thursday,April,2044,2044-Apr,7,98,15,2044-W15,2044-04-03,15,2044-W15,2044-04-04,Non-Holiday,Weekday
6673,2044-04-08,6673,220,Friday,April,2044,2044-Apr,8,99,15,2044-W15,2044-04-03,15,2044-W15,2044-04-04,Non-Holiday,Weekday
6674,2044-04-09,6674,220,Saturday,April,2044,2044-Apr,9,100,15,2044-W15,2044-04-03,15,2044-W15,2044-04-04,Non-Holiday,Weekend
6675,2044-04-10,6675,220,Sunday,April,2044,2044-Apr,10,101,16,2044-W16,2044-04-03,15,2044-W15,2044-04-04,Non-Holiday,Weekend
6676,2044-04-11,6676,220,Monday,April,2044,2044-Apr,11,102,16,2044-W16,2044-04-10,16,2044-W16,2044-04-11,Non-Holiday,Weekday
6677,2044-04-12,6677,220,Tuesday,April,2044,2044-Apr,12,103,16,2044-W16,2044-04-10,16,2044-W16,2044-04-11,Non-Holiday,Weekday
6678,2044-04-13,6678,220,Wednesday,April,2044,2044-Apr,13,104,16,2044-W16,2044-04-10,16,2044-W16,2044-04-11,Non-Holiday,Weekday
6679,2044-04-14,6679,220,Thursday,April,2044,2044-Apr,14,105,16,2044-W16,2044-04-10,16,2044-W16,2044-04-11,Non-Holiday,Weekday
6680,2044-04-15,6680,220,Friday,April,2044,2044-Apr,15,106,16,2044-W16,2044-04-10,16,2044-W16,2044-04-11,Non-Holiday,Weekday
6681,2044-04-16,6681,220,Saturday,April,2044,2044-Apr,16,107,16,2044-W16,2044-04-10,16,2044-W16,2044-04-11,Non-Holiday,Weekend
6682,2044-04-17,6682,220,Sunday,April,2044,2044-Apr,17,108,17,2044-W17,2044-04-10,16,2044-W16,2044-04-11,Non-Holiday,Weekend
6683,2044-04-18,6683,220,Monday,April,2044,2044-Apr,18,109,17,2044-W17,2044-04-17,17,2044-W17,2044-04-18,Non-Holiday,Weekday
6684,2044-04-19,6684,220,Tuesday,April,2044,2044-Apr,19,110,17,2044-W17,2044-04-17,17,2044-W17,2044-04-18,Non-Holiday,Weekday
6685,2044-04-20,6685,220,Wednesday,April,2044,2044-Apr,20,111,17,2044-W17,2044-04-17,17,2044-W17,2044-04-18,Non-Holiday,Weekday
6686,2044-04-21,6686,220,Thursday,April,2044,2044-Apr,21,112,17,2044-W17,2044-04-17,17,2044-W17,2044-04-18,Non-Holiday,Weekday
6687,2044-04-22,6687,220,Friday,April,2044,2044-Apr,22,113,17,2044-W17,2044-04-17,17,2044-W17,2044-04-18,Non-Holiday,Weekday
6688,2044-04-23,6688,220,Saturday,April,2044,2044-Apr,23,114,17,2044-W17,2044-04-17,17,2044-W17,2044-04-18,Non-Holiday,Weekend
6689,2044-04-24,6689,220,Sunday,April,2044,2044-Apr,24,115,18,2044-W18,2044-04-17,17,2044-W17,2044-04-18,Non-Holiday,Weekend
6690,2044-04-25,6690,220,Monday,April,2044,2044-Apr,25,116,18,2044-W18,2044-04-24,18,2044-W18,2044-04-25,Non-Holiday,Weekday
6691,2044-04-26,6691,220,Tuesday,April,2044,2044-Apr,26,117,18,2044-W18,2044-04-24,18,2044-W18,2044-04-25,Non-Holiday,Weekday
6692,2044-04-27,6692,220,Wednesday,April,2044,2044-Apr,27,118,18,2044-W18,2044-04-24,18,2044-W18,2044-04-25,Non-Holiday,Weekday
6693,2044-04-28,6693,220,Thursday,April,2044,2044-Apr,28,119,18,2044-W18,2044-04-24,18,2044-W18,2044-04-25,Non-Holiday,Weekday
6694,2044-04-29,6694,220,Friday,April,2044,2044-Apr,29,120,18,2044-W18,2044-04-24,18,2044-W18,2044-04-25,Non-Holiday,Weekday
6695,2044-04-30,6695,220,Saturday,April,2044,2044-Apr,30,121,18,2044-W18,2044-04-24,18,2044-W18,2044-04-25,Non-Holiday,Weekend
6696,2044-05-01,6696,221,Sunday,May,2044,2044-May,1,122,19,2044-W19,2044-04-24,18,2044-W18,2044-04-25,Non-Holiday,Weekend
6697,2044-05-02,6697,221,Monday,May,2044,2044-May,2,123,19,2044-W19,2044-05-01,19,2044-W19,2044-05-02,Non-Holiday,Weekday
6698,2044-05-03,6698,221,Tuesday,May,2044,2044-May,3,124,19,2044-W19,2044-05-01,19,2044-W19,2044-05-02,Non-Holiday,Weekday
6699,2044-05-04,6699,221,Wednesday,May,2044,2044-May,4,125,19,2044-W19,2044-05-01,19,2044-W19,2044-05-02,Non-Holiday,Weekday
6700,2044-05-05,6700,221,Thursday,May,2044,2044-May,5,126,19,2044-W19,2044-05-01,19,2044-W19,2044-05-02,Non-Holiday,Weekday
6701,2044-05-06,6701,221,Friday,May,2044,2044-May,6,127,19,2044-W19,2044-05-01,19,2044-W19,2044-05-02,Non-Holiday,Weekday
6702,2044-05-07,6702,221,Saturday,May,2044,2044-May,7,128,19,2044-W19,2044-05-01,19,2044-W19,2044-05-02,Non-Holiday,Weekend
6703,2044-05-08,6703,221,Sunday,May,2044,2044-May,8,129,20,2044-W20,2044-05-01,19,2044-W19,2044-05-02,Non-Holiday,Weekend
6704,2044-05-09,6704,221,Monday,May,2044,2044-May,9,130,20,2044-W20,2044-05-08,20,2044-W20,2044-05-09,Non-Holiday,Weekday
6705,2044-05-10,6705,221,Tuesday,May,2044,2044-May,10,131,20,2044-W20,2044-05-08,20,2044-W20,2044-05-09,Non-Holiday,Weekday
6706,2044-05-11,6706,221,Wednesday,May,2044,2044-May,11,132,20,2044-W20,2044-05-08,20,2044-W20,2044-05-09,Non-Holiday,Weekday
6707,2044-05-12,6707,221,Thursday,May,2044,2044-May,12,133,20,2044-W20,2044-05-08,20,2044-W20,2044-05-09,Non-Holiday,Weekday
6708,2044-05-13,6708,221,Friday,May,2044,2044-May,13,134,20,2044-W20,2044-05-08,20,2044-W20,2044-05-09,Non-Holiday,Weekday
6709,2044-05-14,6709,221,Saturday,May,2044,2044-May,14,135,20,2044-W20,2044-05-08,20,2044-W20,2044-05-09,Non-Holiday,Weekend
6710,2044-05-15,6710,221,Sunday,May,2044,2044-May,15,136,21,2044-W21,2044-05-08,20,2044-W20,2044-05-09,Non-Holiday,Weekend
6711,2044-05-16,6711,221,Monday,May,2044,2044-May,16,137,21,2044-W21,2044-05-15,21,2044-W21,2044-05-16,Non-Holiday,Weekday
6712,2044-05-17,6712,221,Tuesday,May,2044,2044-May,17,138,21,2044-W21,2044-05-15,21,2044-W21,2044-05-16,Non-Holiday,Weekday
6713,2044-05-18,6713,221,Wednesday,May,2044,2044-May,18,139,21,2044-W21,2044-05-15,21,2044-W21,2044-05-16,Non-Holiday,Weekday
6714,2044-05-19,6714,221,Thursday,May,2044,2044-May,19,140,21,2044-W21,2044-05-15,21,2044-W21,2044-05-16,Non-Holiday,Weekday
6715,2044-05-20,6715,221,Friday,May,2044,2044-May,20,141,21,2044-W21,2044-05-15,21,2044-W21,2044-05-16,Non-Holiday,Weekday
6716,2044-05-21,6716,221,Saturday,May,2044,2044-May,21,142,21,2044-W21,2044-05-15,21,2044-W21,2044-05-16,Non-Holiday,Weekend
6717,2044-05-22,6717,221,Sunday,May,2044,2044-May,22,143,22,2044-W22,2044-05-15,21,2044-W21,2044-05-16,Non-Holiday,Weekend
6718,2044-05-23,6718,221,Monday,May,2044,2044-May,23,144,22,2044-W22,2044-05-22,22,2044-W22,2044-05-23,Non-Holiday,Weekday
6719,2044-05-24,6719,221,Tuesday,May,2044,2044-May,24,145,22,2044-W22,2044-05-22,22,2044-W22,2044-05-23,Non-Holiday,Weekday
6720,2044-05-25,6720,221,Wednesday,May,2044,2044-May,25,146,22,2044-W22,2044-05-22,22,2044-W22,2044-05-23,Non-Holiday,Weekday
6721,2044-05-26,6721,221,Thursday,May,2044,2044-May,26,147,22,2044-W22,2044-05-22,22,2044-W22,2044-05-23,Non-Holiday,Weekday
6722,2044-05-27,6722,221,Friday,May,2044,2044-May,27,148,22,2044-W22,2044-05-22,22,2044-W22,2044-05-23,Non-Holiday,Weekday
6723,2044-05-28,6723,221,Saturday,May,2044,2044-May,28,149,22,2044-W22,2044-05-22,22,2044-W22,2044-05-23,Non-Holiday,Weekend
6724,2044-05-29,6724,221,Sunday,May,2044,2044-May,29,150,23,2044-W23,2044-05-22,22,2044-W22,2044-05-23,Non-Holiday,Weekend
6725,2044-05-30,6725,221,Monday,May,2044,2044-May,30,151,23,2044-W23,2044-05-29,23,2044-W23,2044-05-30,Non-Holiday,Weekday
6726,2044-05-31,6726,221,Tuesday,May,2044,2044-May,31,152,23,2044-W23,2044-05-29,23,2044-W23,2044-05-30,Non-Holiday,Weekday
6727,2044-06-01,6727,222,Wednesday,June,2044,2044-Jun,1,153,23,2044-W23,2044-05-29,23,2044-W23,2044-05-30,Non-Holiday,Weekday
6728,2044-06-02,6728,222,Thursday,June,2044,2044-Jun,2,154,23,2044-W23,2044-05-29,23,2044-W23,2044-05-30,Non-Holiday,Weekday
6729,2044-06-03,6729,222,Friday,June,2044,2044-Jun,3,155,23,2044-W23,2044-05-29,23,2044-W23,2044-05-30,Non-Holiday,Weekday
6730,2044-06-04,6730,222,Saturday,June,2044,2044-Jun,4,156,23,2044-W23,2044-05-29,23,2044-W23,2044-05-30,Non-Holiday,Weekend
6731,2044-06-05,6731,222,Sunday,June,2044,2044-Jun,5,157,24,2044-W24,2044-05-29,23,2044-W23,2044-05-30,Non-Holiday,Weekend
6732,2044-06-06,6732,222,Monday,June,2044,2044-Jun,6,158,24,2044-W24,2044-06-05,24,2044-W24,2044-06-06,Non-Holiday,Weekday
6733,2044-06-07,6733,222,Tuesday,June,2044,2044-Jun,7,159,24,2044-W24,2044-06-05,24,2044-W24,2044-06-06,Non-Holiday,Weekday
6734,2044-06-08,6734,222,Wednesday,June,2044,2044-Jun,8,160,24,2044-W24,2044-06-05,24,2044-W24,2044-06-06,Non-Holiday,Weekday
6735,2044-06-09,6735,222,Thursday,June,2044,2044-Jun,9,161,24,2044-W24,2044-06-05,24,2044-W24,2044-06-06,Non-Holiday,Weekday
6736,2044-06-10,6736,222,Friday,June,2044,2044-Jun,10,162,24,2044-W24,2044-06-05,24,2044-W24,2044-06-06,Non-Holiday,Weekday
6737,2044-06-11,6737,222,Saturday,June,2044,2044-Jun,11,163,24,2044-W24,2044-06-05,24,2044-W24,2044-06-06,Non-Holiday,Weekend
6738,2044-06-12,6738,222,Sunday,June,2044,2044-Jun,12,164,25,2044-W25,2044-06-05,24,2044-W24,2044-06-06,Non-Holiday,Weekend
6739,2044-06-13,6739,222,Monday,June,2044,2044-Jun,13,165,25,2044-W25,2044-06-12,25,2044-W25,2044-06-13,Non-Holiday,Weekday
6740,2044-06-14,6740,222,Tuesday,June,2044,2044-Jun,14,166,25,2044-W25,2044-06-12,25,2044-W25,2044-06-13,Non-Holiday,Weekday
6741,2044-06-15,6741,222,Wednesday,June,2044,2044-Jun,15,167,25,2044-W25,2044-06-12,25,2044-W25,2044-06-13,Non-Holiday,Weekday
6742,2044-06-16,6742,222,Thursday,June,2044,2044-Jun,16,168,25,2044-W25,2044-06-12,25,2044-W25,2044-06-13,Non-Holiday,Weekday
6743,2044-06-17,6743,222,Friday,June,2044,2044-Jun,17,169,25,2044-W25,2044-06-12,25,2044-W25,2044-06-13,Non-Holiday,Weekday
6744,2044-06-18,6744,222,Saturday,June,2044,2044-Jun,18,170,25,2044-W25,2044-06-12,25,2044-W25,2044-06-13,Non-Holiday,Weekend
6745,2044-06-19,6745,222,Sunday,June,2044,2044-Jun,19,171,26,2044-W26,2044-06-12,25,2044-W25,2044-06-13,Non-Holiday,Weekend
6746,2044-06-20,6746,222,Monday,June,2044,2044-Jun,20,172,26,2044-W26,2044-06-19,26,2044-W26,2044-06-20,Non-Holiday,Weekday
6747,2044-06-21,6747,222,Tuesday,June,2044,2044-Jun,21,173,26,2044-W26,2044-06-19,26,2044-W26,2044-06-20,Non-Holiday,Weekday
6748,2044-06-22,6748,222,Wednesday,June,2044,2044-Jun,22,174,26,2044-W26,2044-06-19,26,2044-W26,2044-06-20,Non-Holiday,Weekday
6749,2044-06-23,6749,222,Thursday,June,2044,2044-Jun,23,175,26,2044-W26,2044-06-19,26,2044-W26,2044-06-20,Non-Holiday,Weekday
6750,2044-06-24,6750,222,Friday,June,2044,2044-Jun,24,176,26,2044-W26,2044-06-19,26,2044-W26,2044-06-20,Non-Holiday,Weekday
6751,2044-06-25,6751,222,Saturday,June,2044,2044-Jun,25,177,26,2044-W26,2044-06-19,26,2044-W26,2044-06-20,Non-Holiday,Weekend
6752,2044-06-26,6752,222,Sunday,June,2044,2044-Jun,26,178,27,2044-W27,2044-06-19,26,2044-W26,2044-06-20,Non-Holiday,Weekend
6753,2044-06-27,6753,222,Monday,June,2044,2044-Jun,27,179,27,2044-W27,2044-06-26,27,2044-W27,2044-06-27,Non-Holiday,Weekday
6754,2044-06-28,6754,222,Tuesday,June,2044,2044-Jun,28,180,27,2044-W27,2044-06-26,27,2044-W27,2044-06-27,Non-Holiday,Weekday
6755,2044-06-29,6755,222,Wednesday,June,2044,2044-Jun,29,181,27,2044-W27,2044-06-26,27,2044-W27,2044-06-27,Non-Holiday,Weekday
6756,2044-06-30,6756,222,Thursday,June,2044,2044-Jun,30,182,27,2044-W27,2044-06-26,27,2044-W27,2044-06-27,Non-Holiday,Weekday
6757,2044-07-01,6757,223,Friday,July,2044,2044-Jul,1,183,27,2044-W27,2044-06-26,27,2044-W27,2044-06-27,Non-Holiday,Weekday
6758,2044-07-02,6758,223,Saturday,July,2044,2044-Jul,2,184,27,2044-W27,2044-06-26,27,2044-W27,2044-06-27,Non-Holiday,Weekend
6759,2044-07-03,6759,223,Sunday,July,2044,2044-Jul,3,185,28,2044-W28,2044-06-26,27,2044-W27,2044-06-27,Non-Holiday,Weekend
6760,2044-07-04,6760,223,Monday,July,2044,2044-Jul,4,186,28,2044-W28,2044-07-03,28,2044-W28,2044-07-04,Non-Holiday,Weekday
6761,2044-07-05,6761,223,Tuesday,July,2044,2044-Jul,5,187,28,2044-W28,2044-07-03,28,2044-W28,2044-07-04,Non-Holiday,Weekday
6762,2044-07-06,6762,223,Wednesday,July,2044,2044-Jul,6,188,28,2044-W28,2044-07-03,28,2044-W28,2044-07-04,Non-Holiday,Weekday
6763,2044-07-07,6763,223,Thursday,July,2044,2044-Jul,7,189,28,2044-W28,2044-07-03,28,2044-W28,2044-07-04,Non-Holiday,Weekday
6764,2044-07-08,6764,223,Friday,July,2044,2044-Jul,8,190,28,2044-W28,2044-07-03,28,2044-W28,2044-07-04,Non-Holiday,Weekday
6765,2044-07-09,6765,223,Saturday,July,2044,2044-Jul,9,191,28,2044-W28,2044-07-03,28,2044-W28,2044-07-04,Non-Holiday,Weekend
6766,2044-07-10,6766,223,Sunday,July,2044,2044-Jul,10,192,29,2044-W29,2044-07-03,28,2044-W28,2044-07-04,Non-Holiday,Weekend
6767,2044-07-11,6767,223,Monday,July,2044,2044-Jul,11,193,29,2044-W29,2044-07-10,29,2044-W29,2044-07-11,Non-Holiday,Weekday
6768,2044-07-12,6768,223,Tuesday,July,2044,2044-Jul,12,194,29,2044-W29,2044-07-10,29,2044-W29,2044-07-11,Non-Holiday,Weekday
6769,2044-07-13,6769,223,Wednesday,July,2044,2044-Jul,13,195,29,2044-W29,2044-07-10,29,2044-W29,2044-07-11,Non-Holiday,Weekday
6770,2044-07-14,6770,223,Thursday,July,2044,2044-Jul,14,196,29,2044-W29,2044-07-10,29,2044-W29,2044-07-11,Non-Holiday,Weekday
6771,2044-07-15,6771,223,Friday,July,2044,2044-Jul,15,197,29,2044-W29,2044-07-10,29,2044-W29,2044-07-11,Non-Holiday,Weekday
6772,2044-07-16,6772,223,Saturday,July,2044,2044-Jul,16,198,29,2044-W29,2044-07-10,29,2044-W29,2044-07-11,Non-Holiday,Weekend
6773,2044-07-17,6773,223,Sunday,July,2044,2044-Jul,17,199,30,2044-W30,2044-07-10,29,2044-W29,2044-07-11,Non-Holiday,Weekend
6774,2044-07-18,6774,223,Monday,July,2044,2044-Jul,18,200,30,2044-W30,2044-07-17,30,2044-W30,2044-07-18,Non-Holiday,Weekday
6775,2044-07-19,6775,223,Tuesday,July,2044,2044-Jul,19,201,30,2044-W30,2044-07-17,30,2044-W30,2044-07-18,Non-Holiday,Weekday
6776,2044-07-20,6776,223,Wednesday,July,2044,2044-Jul,20,202,30,2044-W30,2044-07-17,30,2044-W30,2044-07-18,Non-Holiday,Weekday
6777,2044-07-21,6777,223,Thursday,July,2044,2044-Jul,21,203,30,2044-W30,2044-07-17,30,2044-W30,2044-07-18,Non-Holiday,Weekday
6778,2044-07-22,6778,223,Friday,July,2044,2044-Jul,22,204,30,2044-W30,2044-07-17,30,2044-W30,2044-07-18,Non-Holiday,Weekday
6779,2044-07-23,6779,223,Saturday,July,2044,2044-Jul,23,205,30,2044-W30,2044-07-17,30,2044-W30,2044-07-18,Non-Holiday,Weekend
6780,2044-07-24,6780,223,Sunday,July,2044,2044-Jul,24,206,31,2044-W31,2044-07-17,30,2044-W30,2044-07-18,Non-Holiday,Weekend
6781,2044-07-25,6781,223,Monday,July,2044,2044-Jul,25,207,31,2044-W31,2044-07-24,31,2044-W31,2044-07-25,Non-Holiday,Weekday
6782,2044-07-26,6782,223,Tuesday,July,2044,2044-Jul,26,208,31,2044-W31,2044-07-24,31,2044-W31,2044-07-25,Non-Holiday,Weekday
6783,2044-07-27,6783,223,Wednesday,July,2044,2044-Jul,27,209,31,2044-W31,2044-07-24,31,2044-W31,2044-07-25,Non-Holiday,Weekday
6784,2044-07-28,6784,223,Thursday,July,2044,2044-Jul,28,210,31,2044-W31,2044-07-24,31,2044-W31,2044-07-25,Non-Holiday,Weekday
6785,2044-07-29,6785,223,Friday,July,2044,2044-Jul,29,211,31,2044-W31,2044-07-24,31,2044-W31,2044-07-25,Non-Holiday,Weekday
6786,2044-07-30,6786,223,Saturday,July,2044,2044-Jul,30,212,31,2044-W31,2044-07-24,31,2044-W31,2044-07-25,Non-Holiday,Weekend
6787,2044-07-31,6787,223,Sunday,July,2044,2044-Jul,31,213,32,2044-W32,2044-07-24,31,2044-W31,2044-07-25,Non-Holiday,Weekend
6788,2044-08-01,6788,224,Monday,August,2044,2044-Aug,1,214,32,2044-W32,2044-07-31,32,2044-W32,2044-08-01,Non-Holiday,Weekday
6789,2044-08-02,6789,224,Tuesday,August,2044,2044-Aug,2,215,32,2044-W32,2044-07-31,32,2044-W32,2044-08-01,Non-Holiday,Weekday
6790,2044-08-03,6790,224,Wednesday,August,2044,2044-Aug,3,216,32,2044-W32,2044-07-31,32,2044-W32,2044-08-01,Non-Holiday,Weekday
6791,2044-08-04,6791,224,Thursday,August,2044,2044-Aug,4,217,32,2044-W32,2044-07-31,32,2044-W32,2044-08-01,Non-Holiday,Weekday
6792,2044-08-05,6792,224,Friday,August,2044,2044-Aug,5,218,32,2044-W32,2044-07-31,32,2044-W32,2044-08-01,Non-Holiday,Weekday
6793,2044-08-06,6793,224,Saturday,August,2044,2044-Aug,6,219,32,2044-W32,2044-07-31,32,2044-W32,2044-08-01,Non-Holiday,Weekend
6794,2044-08-07,6794,224,Sunday,August,2044,2044-Aug,7,220,33,2044-W33,2044-07-31,32,2044-W32,2044-08-01,Non-Holiday,Weekend
6795,2044-08-08,6795,224,Monday,August,2044,2044-Aug,8,221,33,2044-W33,2044-08-07,33,2044-W33,2044-08-08,Non-Holiday,Weekday
6796,2044-08-09,6796,224,Tuesday,August,2044,2044-Aug,9,222,33,2044-W33,2044-08-07,33,2044-W33,2044-08-08,Non-Holiday,Weekday
6797,2044-08-10,6797,224,Wednesday,August,2044,2044-Aug,10,223,33,2044-W33,2044-08-07,33,2044-W33,2044-08-08,Non-Holiday,Weekday
6798,2044-08-11,6798,224,Thursday,August,2044,2044-Aug,11,224,33,2044-W33,2044-08-07,33,2044-W33,2044-08-08,Non-Holiday,Weekday
6799,2044-08-12,6799,224,Friday,August,2044,2044-Aug,12,225,33,2044-W33,2044-08-07,33,2044-W33,2044-08-08,Non-Holiday,Weekday
6800,2044-08-13,6800,224,Saturday,August,2044,2044-Aug,13,226,33,2044-W33,2044-08-07,33,2044-W33,2044-08-08,Non-Holiday,Weekend
6801,2044-08-14,6801,224,Sunday,August,2044,2044-Aug,14,227,34,2044-W34,2044-08-07,33,2044-W33,2044-08-08,Non-Holiday,Weekend
6802,2044-08-15,6802,224,Monday,August,2044,2044-Aug,15,228,34,2044-W34,2044-08-14,34,2044-W34,2044-08-15,Non-Holiday,Weekday
6803,2044-08-16,6803,224,Tuesday,August,2044,2044-Aug,16,229,34,2044-W34,2044-08-14,34,2044-W34,2044-08-15,Non-Holiday,Weekday
6804,2044-08-17,6804,224,Wednesday,August,2044,2044-Aug,17,230,34,2044-W34,2044-08-14,34,2044-W34,2044-08-15,Non-Holiday,Weekday
6805,2044-08-18,6805,224,Thursday,August,2044,2044-Aug,18,231,34,2044-W34,2044-08-14,34,2044-W34,2044-08-15,Non-Holiday,Weekday
6806,2044-08-19,6806,224,Friday,August,2044,2044-Aug,19,232,34,2044-W34,2044-08-14,34,2044-W34,2044-08-15,Non-Holiday,Weekday
6807,2044-08-20,6807,224,Saturday,August,2044,2044-Aug,20,233,34,2044-W34,2044-08-14,34,2044-W34,2044-08-15,Non-Holiday,Weekend
6808,2044-08-21,6808,224,Sunday,August,2044,2044-Aug,21,234,35,2044-W35,2044-08-14,34,2044-W34,2044-08-15,Non-Holiday,Weekend
6809,2044-08-22,6809,224,Monday,August,2044,2044-Aug,22,235,35,2044-W35,2044-08-21,35,2044-W35,2044-08-22,Non-Holiday,Weekday
6810,2044-08-23,6810,224,Tuesday,August,2044,2044-Aug,23,236,35,2044-W35,2044-08-21,35,2044-W35,2044-08-22,Non-Holiday,Weekday
6811,2044-08-24,6811,224,Wednesday,August,2044,2044-Aug,24,237,35,2044-W35,2044-08-21,35,2044-W35,2044-08-22,Non-Holiday,Weekday
6812,2044-08-25,6812,224,Thursday,August,2044,2044-Aug,25,238,35,2044-W35,2044-08-21,35,2044-W35,2044-08-22,Non-Holiday,Weekday
6813,2044-08-26,6813,224,Friday,August,2044,2044-Aug,26,239,35,2044-W35,2044-08-21,35,2044-W35,2044-08-22,Non-Holiday,Weekday
6814,2044-08-27,6814,224,Saturday,August,2044,2044-Aug,27,240,35,2044-W35,2044-08-21,35,2044-W35,2044-08-22,Non-Holiday,Weekend
6815,2044-08-28,6815,224,Sunday,August,2044,2044-Aug,28,241,36,2044-W36,2044-08-21,35,2044-W35,2044-08-22,Non-Holiday,Weekend
6816,2044-08-29,6816,224,Monday,August,2044,2044-Aug,29,242,36,2044-W36,2044-08-28,36,2044-W36,2044-08-29,Non-Holiday,Weekday
6817,2044-08-30,6817,224,Tuesday,August,2044,2044-Aug,30,243,36,2044-W36,2044-08-28,36,2044-W36,2044-08-29,Non-Holiday,Weekday
6818,2044-08-31,6818,224,Wednesday,August,2044,2044-Aug,31,244,36,2044-W36,2044-08-28,36,2044-W36,2044-08-29,Non-Holiday,Weekday
6819,2044-09-01,6819,225,Thursday,September,2044,2044-Sep,1,245,36,2044-W36,2044-08-28,36,2044-W36,2044-08-29,Non-Holiday,Weekday
6820,2044-09-02,6820,225,Friday,September,2044,2044-Sep,2,246,36,2044-W36,2044-08-28,36,2044-W36,2044-08-29,Non-Holiday,Weekday
6821,2044-09-03,6821,225,Saturday,September,2044,2044-Sep,3,247,36,2044-W36,2044-08-28,36,2044-W36,2044-08-29,Non-Holiday,Weekend
6822,2044-09-04,6822,225,Sunday,September,2044,2044-Sep,4,248,37,2044-W37,2044-08-28,36,2044-W36,2044-08-29,Non-Holiday,Weekend
6823,2044-09-05,6823,225,Monday,September,2044,2044-Sep,5,249,37,2044-W37,2044-09-04,37,2044-W37,2044-09-05,Non-Holiday,Weekday
6824,2044-09-06,6824,225,Tuesday,September,2044,2044-Sep,6,250,37,2044-W37,2044-09-04,37,2044-W37,2044-09-05,Non-Holiday,Weekday
6825,2044-09-07,6825,225,Wednesday,September,2044,2044-Sep,7,251,37,2044-W37,2044-09-04,37,2044-W37,2044-09-05,Non-Holiday,Weekday
6826,2044-09-08,6826,225,Thursday,September,2044,2044-Sep,8,252,37,2044-W37,2044-09-04,37,2044-W37,2044-09-05,Non-Holiday,Weekday
6827,2044-09-09,6827,225,Friday,September,2044,2044-Sep,9,253,37,2044-W37,2044-09-04,37,2044-W37,2044-09-05,Non-Holiday,Weekday
6828,2044-09-10,6828,225,Saturday,September,2044,2044-Sep,10,254,37,2044-W37,2044-09-04,37,2044-W37,2044-09-05,Non-Holiday,Weekend
6829,2044-09-11,6829,225,Sunday,September,2044,2044-Sep,11,255,38,2044-W38,2044-09-04,37,2044-W37,2044-09-05,Non-Holiday,Weekend
6830,2044-09-12,6830,225,Monday,September,2044,2044-Sep,12,256,38,2044-W38,2044-09-11,38,2044-W38,2044-09-12,Non-Holiday,Weekday
6831,2044-09-13,6831,225,Tuesday,September,2044,2044-Sep,13,257,38,2044-W38,2044-09-11,38,2044-W38,2044-09-12,Non-Holiday,Weekday
6832,2044-09-14,6832,225,Wednesday,September,2044,2044-Sep,14,258,38,2044-W38,2044-09-11,38,2044-W38,2044-09-12,Non-Holiday,Weekday
6833,2044-09-15,6833,225,Thursday,September,2044,2044-Sep,15,259,38,2044-W38,2044-09-11,38,2044-W38,2044-09-12,Non-Holiday,Weekday
6834,2044-09-16,6834,225,Friday,September,2044,2044-Sep,16,260,38,2044-W38,2044-09-11,38,2044-W38,2044-09-12,Non-Holiday,Weekday
6835,2044-09-17,6835,225,Saturday,September,2044,2044-Sep,17,261,38,2044-W38,2044-09-11,38,2044-W38,2044-09-12,Non-Holiday,Weekend
6836,2044-09-18,6836,225,Sunday,September,2044,2044-Sep,18,262,39,2044-W39,2044-09-11,38,2044-W38,2044-09-12,Non-Holiday,Weekend
6837,2044-09-19,6837,225,Monday,September,2044,2044-Sep,19,263,39,2044-W39,2044-09-18,39,2044-W39,2044-09-19,Non-Holiday,Weekday
6838,2044-09-20,6838,225,Tuesday,September,2044,2044-Sep,20,264,39,2044-W39,2044-09-18,39,2044-W39,2044-09-19,Non-Holiday,Weekday
6839,2044-09-21,6839,225,Wednesday,September,2044,2044-Sep,21,265,39,2044-W39,2044-09-18,39,2044-W39,2044-09-19,Non-Holiday,Weekday
6840,2044-09-22,6840,225,Thursday,September,2044,2044-Sep,22,266,39,2044-W39,2044-09-18,39,2044-W39,2044-09-19,Non-Holiday,Weekday
6841,2044-09-23,6841,225,Friday,September,2044,2044-Sep,23,267,39,2044-W39,2044-09-18,39,2044-W39,2044-09-19,Non-Holiday,Weekday
6842,2044-09-24,6842,225,Saturday,September,2044,2044-Sep,24,268,39,2044-W39,2044-09-18,39,2044-W39,2044-09-19,Non-Holiday,Weekend
6843,2044-09-25,6843,225,Sunday,September,2044,2044-Sep,25,269,40,2044-W40,2044-09-18,39,2044-W39,2044-09-19,Non-Holiday,Weekend
6844,2044-09-26,6844,225,Monday,September,2044,2044-Sep,26,270,40,2044-W40,2044-09-25,40,2044-W40,2044-09-26,Non-Holiday,Weekday
6845,2044-09-27,6845,225,Tuesday,September,2044,2044-Sep,27,271,40,2044-W40,2044-09-25,40,2044-W40,2044-09-26,Non-Holiday,Weekday
6846,2044-09-28,6846,225,Wednesday,September,2044,2044-Sep,28,272,40,2044-W40,2044-09-25,40,2044-W40,2044-09-26,Non-Holiday,Weekday
6847,2044-09-29,6847,225,Thursday,September,2044,2044-Sep,29,273,40,2044-W40,2044-09-25,40,2044-W40,2044-09-26,Non-Holiday,Weekday
6848,2044-09-30,6848,225,Friday,September,2044,2044-Sep,30,274,40,2044-W40,2044-09-25,40,2044-W40,2044-09-26,Non-Holiday,Weekday
6849,2044-10-01,6849,226,Saturday,October,2044,2044-Oct,1,275,40,2044-W40,2044-09-25,40,2044-W40,2044-09-26,Non-Holiday,Weekend
6850,2044-10-02,6850,226,Sunday,October,2044,2044-Oct,2,276,41,2044-W41,2044-09-25,40,2044-W40,2044-09-26,Non-Holiday,Weekend
6851,2044-10-03,6851,226,Monday,October,2044,2044-Oct,3,277,41,2044-W41,2044-10-02,41,2044-W41,2044-10-03,Non-Holiday,Weekday
6852,2044-10-04,6852,226,Tuesday,October,2044,2044-Oct,4,278,41,2044-W41,2044-10-02,41,2044-W41,2044-10-03,Non-Holiday,Weekday
6853,2044-10-05,6853,226,Wednesday,October,2044,2044-Oct,5,279,41,2044-W41,2044-10-02,41,2044-W41,2044-10-03,Non-Holiday,Weekday
6854,2044-10-06,6854,226,Thursday,October,2044,2044-Oct,6,280,41,2044-W41,2044-10-02,41,2044-W41,2044-10-03,Non-Holiday,Weekday
6855,2044-10-07,6855,226,Friday,October,2044,2044-Oct,7,281,41,2044-W41,2044-10-02,41,2044-W41,2044-10-03,Non-Holiday,Weekday
6856,2044-10-08,6856,226,Saturday,October,2044,2044-Oct,8,282,41,2044-W41,2044-10-02,41,2044-W41,2044-10-03,Non-Holiday,Weekend
6857,2044-10-09,6857,226,Sunday,October,2044,2044-Oct,9,283,42,2044-W42,2044-10-02,41,2044-W41,2044-10-03,Non-Holiday,Weekend
6858,2044-10-10,6858,226,Monday,October,2044,2044-Oct,10,284,42,2044-W42,2044-10-09,42,2044-W42,2044-10-10,Non-Holiday,Weekday
6859,2044-10-11,6859,226,Tuesday,October,2044,2044-Oct,11,285,42,2044-W42,2044-10-09,42,2044-W42,2044-10-10,Non-Holiday,Weekday
6860,2044-10-12,6860,226,Wednesday,October,2044,2044-Oct,12,286,42,2044-W42,2044-10-09,42,2044-W42,2044-10-10,Non-Holiday,Weekday
6861,2044-10-13,6861,226,Thursday,October,2044,2044-Oct,13,287,42,2044-W42,2044-10-09,42,2044-W42,2044-10-10,Non-Holiday,Weekday
6862,2044-10-14,6862,226,Friday,October,2044,2044-Oct,14,288,42,2044-W42,2044-10-09,42,2044-W42,2044-10-10,Non-Holiday,Weekday
6863,2044-10-15,6863,226,Saturday,October,2044,2044-Oct,15,289,42,2044-W42,2044-10-09,42,2044-W42,2044-10-10,Non-Holiday,Weekend
6864,2044-10-16,6864,226,Sunday,October,2044,2044-Oct,16,290,43,2044-W43,2044-10-09,42,2044-W42,2044-10-10,Non-Holiday,Weekend
6865,2044-10-17,6865,226,Monday,October,2044,2044-Oct,17,291,43,2044-W43,2044-10-16,43,2044-W43,2044-10-17,Non-Holiday,Weekday
6866,2044-10-18,6866,226,Tuesday,October,2044,2044-Oct,18,292,43,2044-W43,2044-10-16,43,2044-W43,2044-10-17,Non-Holiday,Weekday
6867,2044-10-19,6867,226,Wednesday,October,2044,2044-Oct,19,293,43,2044-W43,2044-10-16,43,2044-W43,2044-10-17,Non-Holiday,Weekday
6868,2044-10-20,6868,226,Thursday,October,2044,2044-Oct,20,294,43,2044-W43,2044-10-16,43,2044-W43,2044-10-17,Non-Holiday,Weekday
6869,2044-10-21,6869,226,Friday,October,2044,2044-Oct,21,295,43,2044-W43,2044-10-16,43,2044-W43,2044-10-17,Non-Holiday,Weekday
6870,2044-10-22,6870,226,Saturday,October,2044,2044-Oct,22,296,43,2044-W43,2044-10-16,43,2044-W43,2044-10-17,Non-Holiday,Weekend
6871,2044-10-23,6871,226,Sunday,October,2044,2044-Oct,23,297,44,2044-W44,2044-10-16,43,2044-W43,2044-10-17,Non-Holiday,Weekend
6872,2044-10-24,6872,226,Monday,October,2044,2044-Oct,24,298,44,2044-W44,2044-10-23,44,2044-W44,2044-10-24,Non-Holiday,Weekday
6873,2044-10-25,6873,226,Tuesday,October,2044,2044-Oct,25,299,44,2044-W44,2044-10-23,44,2044-W44,2044-10-24,Non-Holiday,Weekday
6874,2044-10-26,6874,226,Wednesday,October,2044,2044-Oct,26,300,44,2044-W44,2044-10-23,44,2044-W44,2044-10-24,Non-Holiday,Weekday
6875,2044-10-27,6875,226,Thursday,October,2044,2044-Oct,27,301,44,2044-W44,2044-10-23,44,2044-W44,2044-10-24,Non-Holiday,Weekday
6876,2044-10-28,6876,226,Friday,October,2044,2044-Oct,28,302,44,2044-W44,2044-10-23,44,2044-W44,2044-10-24,Non-Holiday,Weekday
6877,2044-10-29,6877,226,Saturday,October,2044,2044-Oct,29,303,44,2044-W44,2044-10-23,44,2044-W44,2044-10-24,Non-Holiday,Weekend
6878,2044-10-30,6878,226,Sunday,October,2044,2044-Oct,30,304,45,2044-W45,2044-10-23,44,2044-W44,2044-10-24,Non-Holiday,Weekend
6879,2044-10-31,6879,226,Monday,October,2044,2044-Oct,31,305,45,2044-W45,2044-10-30,45,2044-W45,2044-10-31,Non-Holiday,Weekday
6880,2044-11-01,6880,227,Tuesday,November,2044,2044-Nov,1,306,45,2044-W45,2044-10-30,45,2044-W45,2044-10-31,Non-Holiday,Weekday
6881,2044-11-02,6881,227,Wednesday,November,2044,2044-Nov,2,307,45,2044-W45,2044-10-30,45,2044-W45,2044-10-31,Non-Holiday,Weekday
6882,2044-11-03,6882,227,Thursday,November,2044,2044-Nov,3,308,45,2044-W45,2044-10-30,45,2044-W45,2044-10-31,Non-Holiday,Weekday
6883,2044-11-04,6883,227,Friday,November,2044,2044-Nov,4,309,45,2044-W45,2044-10-30,45,2044-W45,2044-10-31,Non-Holiday,Weekday
6884,2044-11-05,6884,227,Saturday,November,2044,2044-Nov,5,310,45,2044-W45,2044-10-30,45,2044-W45,2044-10-31,Non-Holiday,Weekend
6885,2044-11-06,6885,227,Sunday,November,2044,2044-Nov,6,311,46,2044-W46,2044-10-30,45,2044-W45,2044-10-31,Non-Holiday,Weekend
6886,2044-11-07,6886,227,Monday,November,2044,2044-Nov,7,312,46,2044-W46,2044-11-06,46,2044-W46,2044-11-07,Non-Holiday,Weekday
6887,2044-11-08,6887,227,Tuesday,November,2044,2044-Nov,8,313,46,2044-W46,2044-11-06,46,2044-W46,2044-11-07,Non-Holiday,Weekday
6888,2044-11-09,6888,227,Wednesday,November,2044,2044-Nov,9,314,46,2044-W46,2044-11-06,46,2044-W46,2044-11-07,Non-Holiday,Weekday
6889,2044-11-10,6889,227,Thursday,November,2044,2044-Nov,10,315,46,2044-W46,2044-11-06,46,2044-W46,2044-11-07,Non-Holiday,Weekday
6890,2044-11-11,6890,227,Friday,November,2044,2044-Nov,11,316,46,2044-W46,2044-11-06,46,2044-W46,2044-11-07,Non-Holiday,Weekday
6891,2044-11-12,6891,227,Saturday,November,2044,2044-Nov,12,317,46,2044-W46,2044-11-06,46,2044-W46,2044-11-07,Non-Holiday,Weekend
6892,2044-11-13,6892,227,Sunday,November,2044,2044-Nov,13,318,47,2044-W47,2044-11-06,46,2044-W46,2044-11-07,Non-Holiday,Weekend
6893,2044-11-14,6893,227,Monday,November,2044,2044-Nov,14,319,47,2044-W47,2044-11-13,47,2044-W47,2044-11-14,Non-Holiday,Weekday
6894,2044-11-15,6894,227,Tuesday,November,2044,2044-Nov,15,320,47,2044-W47,2044-11-13,47,2044-W47,2044-11-14,Non-Holiday,Weekday
6895,2044-11-16,6895,227,Wednesday,November,2044,2044-Nov,16,321,47,2044-W47,2044-11-13,47,2044-W47,2044-11-14,Non-Holiday,Weekday
6896,2044-11-17,6896,227,Thursday,November,2044,2044-Nov,17,322,47,2044-W47,2044-11-13,47,2044-W47,2044-11-14,Non-Holiday,Weekday
6897,2044-11-18,6897,227,Friday,November,2044,2044-Nov,18,323,47,2044-W47,2044-11-13,47,2044-W47,2044-11-14,Non-Holiday,Weekday
6898,2044-11-19,6898,227,Saturday,November,2044,2044-Nov,19,324,47,2044-W47,2044-11-13,47,2044-W47,2044-11-14,Non-Holiday,Weekend
6899,2044-11-20,6899,227,Sunday,November,2044,2044-Nov,20,325,48,2044-W48,2044-11-13,47,2044-W47,2044-11-14,Non-Holiday,Weekend
6900,2044-11-21,6900,227,Monday,November,2044,2044-Nov,21,326,48,2044-W48,2044-11-20,48,2044-W48,2044-11-21,Non-Holiday,Weekday
6901,2044-11-22,6901,227,Tuesday,November,2044,2044-Nov,22,327,48,2044-W48,2044-11-20,48,2044-W48,2044-11-21,Non-Holiday,Weekday
6902,2044-11-23,6902,227,Wednesday,November,2044,2044-Nov,23,328,48,2044-W48,2044-11-20,48,2044-W48,2044-11-21,Non-Holiday,Weekday
6903,2044-11-24,6903,227,Thursday,November,2044,2044-Nov,24,329,48,2044-W48,2044-11-20,48,2044-W48,2044-11-21,Non-Holiday,Weekday
6904,2044-11-25,6904,227,Friday,November,2044,2044-Nov,25,330,48,2044-W48,2044-11-20,48,2044-W48,2044-11-21,Non-Holiday,Weekday
6905,2044-11-26,6905,227,Saturday,November,2044,2044-Nov,26,331,48,2044-W48,2044-11-20,48,2044-W48,2044-11-21,Non-Holiday,Weekend
6906,2044-11-27,6906,227,Sunday,November,2044,2044-Nov,27,332,49,2044-W49,2044-11-20,48,2044-W48,2044-11-21,Non-Holiday,Weekend
6907,2044-11-28,6907,227,Monday,November,2044,2044-Nov,28,333,49,2044-W49,2044-11-27,49,2044-W49,2044-11-28,Non-Holiday,Weekday
6908,2044-11-29,6908,227,Tuesday,November,2044,2044-Nov,29,334,49,2044-W49,2044-11-27,49,2044-W49,2044-11-28,Non-Holiday,Weekday
6909,2044-11-30,6909,227,Wednesday,November,2044,2044-Nov,30,335,49,2044-W49,2044-11-27,49,2044-W49,2044-11-28,Non-Holiday,Weekday
6910,2044-12-01,6910,228,Thursday,December,2044,2044-Dec,1,336,49,2044-W49,2044-11-27,49,2044-W49,2044-11-28,Non-Holiday,Weekday
6911,2044-12-02,6911,228,Friday,December,2044,2044-Dec,2,337,49,2044-W49,2044-11-27,49,2044-W49,2044-11-28,Non-Holiday,Weekday
6912,2044-12-03,6912,228,Saturday,December,2044,2044-Dec,3,338,49,2044-W49,2044-11-27,49,2044-W49,2044-11-28,Non-Holiday,Weekend
6913,2044-12-04,6913,228,Sunday,December,2044,2044-Dec,4,339,50,2044-W50,2044-11-27,49,2044-W49,2044-11-28,Non-Holiday,Weekend
6914,2044-12-05,6914,228,Monday,December,2044,2044-Dec,5,340,50,2044-W50,2044-12-04,50,2044-W50,2044-12-05,Non-Holiday,Weekday
6915,2044-12-06,6915,228,Tuesday,December,2044,2044-Dec,6,341,50,2044-W50,2044-12-04,50,2044-W50,2044-12-05,Non-Holiday,Weekday
6916,2044-12-07,6916,228,Wednesday,December,2044,2044-Dec,7,342,50,2044-W50,2044-12-04,50,2044-W50,2044-12-05,Non-Holiday,Weekday
6917,2044-12-08,6917,228,Thursday,December,2044,2044-Dec,8,343,50,2044-W50,2044-12-04,50,2044-W50,2044-12-05,Non-Holiday,Weekday
6918,2044-12-09,6918,228,Friday,December,2044,2044-Dec,9,344,50,2044-W50,2044-12-04,50,2044-W50,2044-12-05,Non-Holiday,Weekday
6919,2044-12-10,6919,228,Saturday,December,2044,2044-Dec,10,345,50,2044-W50,2044-12-04,50,2044-W50,2044-12-05,Non-Holiday,Weekend
6920,2044-12-11,6920,228,Sunday,December,2044,2044-Dec,11,346,51,2044-W51,2044-12-04,50,2044-W50,2044-12-05,Non-Holiday,Weekend
6921,2044-12-12,6921,228,Monday,December,2044,2044-Dec,12,347,51,2044-W51,2044-12-11,51,2044-W51,2044-12-12,Non-Holiday,Weekday
6922,2044-12-13,6922,228,Tuesday,December,2044,2044-Dec,13,348,51,2044-W51,2044-12-11,51,2044-W51,2044-12-12,Non-Holiday,Weekday
6923,2044-12-14,6923,228,Wednesday,December,2044,2044-Dec,14,349,51,2044-W51,2044-12-11,51,2044-W51,2044-12-12,Non-Holiday,Weekday
6924,2044-12-15,6924,228,Thursday,December,2044,2044-Dec,15,350,51,2044-W51,2044-12-11,51,2044-W51,2044-12-12,Non-Holiday,Weekday
6925,2044-12-16,6925,228,Friday,December,2044,2044-Dec,16,351,51,2044-W51,2044-12-11,51,2044-W51,2044-12-12,Non-Holiday,Weekday
6926,2044-12-17,6926,228,Saturday,December,2044,2044-Dec,17,352,51,2044-W51,2044-12-11,51,2044-W51,2044-12-12,Non-Holiday,Weekend
6927,2044-12-18,6927,228,Sunday,December,2044,2044-Dec,18,353,52,2044-W52,2044-12-11,51,2044-W51,2044-12-12,Non-Holiday,Weekend
6928,2044-12-19,6928,228,Monday,December,2044,2044-Dec,19,354,52,2044-W52,2044-12-18,52,2044-W52,2044-12-19,Non-Holiday,Weekday
6929,2044-12-20,6929,228,Tuesday,December,2044,2044-Dec,20,355,52,2044-W52,2044-12-18,52,2044-W52,2044-12-19,Non-Holiday,Weekday
6930,2044-12-21,6930,228,Wednesday,December,2044,2044-Dec,21,356,52,2044-W52,2044-12-18,52,2044-W52,2044-12-19,Non-Holiday,Weekday
6931,2044-12-22,6931,228,Thursday,December,2044,2044-Dec,22,357,52,2044-W52,2044-12-18,52,2044-W52,2044-12-19,Non-Holiday,Weekday
6932,2044-12-23,6932,228,Friday,December,2044,2044-Dec,23,358,52,2044-W52,2044-12-18,52,2044-W52,2044-12-19,Non-Holiday,Weekday
6933,2044-12-24,6933,228,Saturday,December,2044,2044-Dec,24,359,52,2044-W52,2044-12-18,52,2044-W52,2044-12-19,Non-Holiday,Weekend
6934,2044-12-25,6934,228,Sunday,December,2044,2044-Dec,25,360,53,2044-W53,2044-12-18,52,2044-W52,2044-12-19,Non-Holiday,Weekend
6935,2044-12-26,6935,228,Monday,December,2044,2044-Dec,26,361,53,2044-W53,2044-12-25,53,2044-W53,2044-12-26,Non-Holiday,Weekday
6936,2044-12-27,6936,228,Tuesday,December,2044,2044-Dec,27,362,53,2044-W53,2044-12-25,53,2044-W53,2044-12-26,Non-Holiday,Weekday
6937,2044-12-28,6937,228,Wednesday,December,2044,2044-Dec,28,363,53,2044-W53,2044-12-25,53,2044-W53,2044-12-26,Non-Holiday,Weekday
6938,2044-12-29,6938,228,Thursday,December,2044,2044-Dec,29,364,53,2044-W53,2044-12-25,53,2044-W53,2044-12-26,Non-Holiday,Weekday
6939,2044-12-30,6939,228,Friday,December,2044,2044-Dec,30,365,53,2044-W53,2044-12-25,53,2044-W53,2044-12-26,Non-Holiday,Weekday
6940,2044-12-31,6940,228,Saturday,December,2044,2044-Dec,31,366,53,2044-W53,2044-12-25,53,2044-W53,2044-12-26,Non-Holiday,Weekend
6941,2045-01-01,6941,229,Sunday,January,2045,2045-Jan,1,1,2,2045-W02,2044-12-25,1,2045-W01,2044-12-26,Non-Holiday,Weekend
6942,2045-01-02,6942,229,Monday,January,2045,2045-Jan,2,2,2,2045-W02,2045-01-01,2,2045-W02,2045-01-02,Non-Holiday,Weekday
6943,2045-01-03,6943,229,Tuesday,January,2045,2045-Jan,3,3,2,2045-W02,2045-01-01,2,2045-W02,2045-01-02,Non-Holiday,Weekday
6944,2045-01-04,6944,229,Wednesday,January,2045,2045-Jan,4,4,2,2045-W02,2045-01-01,2,2045-W02,2045-01-02,Non-Holiday,Weekday
6945,2045-01-05,6945,229,Thursday,January,2045,2045-Jan,5,5,2,2045-W02,2045-01-01,2,2045-W02,2045-01-02,Non-Holiday,Weekday
6946,2045-01-06,6946,229,Friday,January,2045,2045-Jan,6,6,2,2045-W02,2045-01-01,2,2045-W02,2045-01-02,Non-Holiday,Weekday
6947,2045-01-07,6947,229,Saturday,January,2045,2045-Jan,7,7,2,2045-W02,2045-01-01,2,2045-W02,2045-01-02,Non-Holiday,Weekend
6948,2045-01-08,6948,229,Sunday,January,2045,2045-Jan,8,8,3,2045-W03,2045-01-01,2,2045-W02,2045-01-02,Non-Holiday,Weekend
6949,2045-01-09,6949,229,Monday,January,2045,2045-Jan,9,9,3,2045-W03,2045-01-08,3,2045-W03,2045-01-09,Non-Holiday,Weekday
6950,2045-01-10,6950,229,Tuesday,January,2045,2045-Jan,10,10,3,2045-W03,2045-01-08,3,2045-W03,2045-01-09,Non-Holiday,Weekday
6951,2045-01-11,6951,229,Wednesday,January,2045,2045-Jan,11,11,3,2045-W03,2045-01-08,3,2045-W03,2045-01-09,Non-Holiday,Weekday
6952,2045-01-12,6952,229,Thursday,January,2045,2045-Jan,12,12,3,2045-W03,2045-01-08,3,2045-W03,2045-01-09,Non-Holiday,Weekday
6953,2045-01-13,6953,229,Friday,January,2045,2045-Jan,13,13,3,2045-W03,2045-01-08,3,2045-W03,2045-01-09,Non-Holiday,Weekday
6954,2045-01-14,6954,229,Saturday,January,2045,2045-Jan,14,14,3,2045-W03,2045-01-08,3,2045-W03,2045-01-09,Non-Holiday,Weekend
6955,2045-01-15,6955,229,Sunday,January,2045,2045-Jan,15,15,4,2045-W04,2045-01-08,3,2045-W03,2045-01-09,Non-Holiday,Weekend
6956,2045-01-16,6956,229,Monday,January,2045,2045-Jan,16,16,4,2045-W04,2045-01-15,4,2045-W04,2045-01-16,Non-Holiday,Weekday
6957,2045-01-17,6957,229,Tuesday,January,2045,2045-Jan,17,17,4,2045-W04,2045-01-15,4,2045-W04,2045-01-16,Non-Holiday,Weekday
6958,2045-01-18,6958,229,Wednesday,January,2045,2045-Jan,18,18,4,2045-W04,2045-01-15,4,2045-W04,2045-01-16,Non-Holiday,Weekday
6959,2045-01-19,6959,229,Thursday,January,2045,2045-Jan,19,19,4,2045-W04,2045-01-15,4,2045-W04,2045-01-16,Non-Holiday,Weekday
6960,2045-01-20,6960,229,Friday,January,2045,2045-Jan,20,20,4,2045-W04,2045-01-15,4,2045-W04,2045-01-16,Non-Holiday,Weekday
6961,2045-01-21,6961,229,Saturday,January,2045,2045-Jan,21,21,4,2045-W04,2045-01-15,4,2045-W04,2045-01-16,Non-Holiday,Weekend
6962,2045-01-22,6962,229,Sunday,January,2045,2045-Jan,22,22,5,2045-W05,2045-01-15,4,2045-W04,2045-01-16,Non-Holiday,Weekend
6963,2045-01-23,6963,229,Monday,January,2045,2045-Jan,23,23,5,2045-W05,2045-01-22,5,2045-W05,2045-01-23,Non-Holiday,Weekday
6964,2045-01-24,6964,229,Tuesday,January,2045,2045-Jan,24,24,5,2045-W05,2045-01-22,5,2045-W05,2045-01-23,Non-Holiday,Weekday
6965,2045-01-25,6965,229,Wednesday,January,2045,2045-Jan,25,25,5,2045-W05,2045-01-22,5,2045-W05,2045-01-23,Non-Holiday,Weekday
6966,2045-01-26,6966,229,Thursday,January,2045,2045-Jan,26,26,5,2045-W05,2045-01-22,5,2045-W05,2045-01-23,Non-Holiday,Weekday
6967,2045-01-27,6967,229,Friday,January,2045,2045-Jan,27,27,5,2045-W05,2045-01-22,5,2045-W05,2045-01-23,Non-Holiday,Weekday
6968,2045-01-28,6968,229,Saturday,January,2045,2045-Jan,28,28,5,2045-W05,2045-01-22,5,2045-W05,2045-01-23,Non-Holiday,Weekend
6969,2045-01-29,6969,229,Sunday,January,2045,2045-Jan,29,29,6,2045-W06,2045-01-22,5,2045-W05,2045-01-23,Non-Holiday,Weekend
6970,2045-01-30,6970,229,Monday,January,2045,2045-Jan,30,30,6,2045-W06,2045-01-29,6,2045-W06,2045-01-30,Non-Holiday,Weekday
6971,2045-01-31,6971,229,Tuesday,January,2045,2045-Jan,31,31,6,2045-W06,2045-01-29,6,2045-W06,2045-01-30,Non-Holiday,Weekday
6972,2045-02-01,6972,230,Wednesday,February,2045,2045-Feb,1,32,6,2045-W06,2045-01-29,6,2045-W06,2045-01-30,Non-Holiday,Weekday
6973,2045-02-02,6973,230,Thursday,February,2045,2045-Feb,2,33,6,2045-W06,2045-01-29,6,2045-W06,2045-01-30,Non-Holiday,Weekday
6974,2045-02-03,6974,230,Friday,February,2045,2045-Feb,3,34,6,2045-W06,2045-01-29,6,2045-W06,2045-01-30,Non-Holiday,Weekday
6975,2045-02-04,6975,230,Saturday,February,2045,2045-Feb,4,35,6,2045-W06,2045-01-29,6,2045-W06,2045-01-30,Non-Holiday,Weekend
6976,2045-02-05,6976,230,Sunday,February,2045,2045-Feb,5,36,7,2045-W07,2045-01-29,6,2045-W06,2045-01-30,Non-Holiday,Weekend
6977,2045-02-06,6977,230,Monday,February,2045,2045-Feb,6,37,7,2045-W07,2045-02-05,7,2045-W07,2045-02-06,Non-Holiday,Weekday
6978,2045-02-07,6978,230,Tuesday,February,2045,2045-Feb,7,38,7,2045-W07,2045-02-05,7,2045-W07,2045-02-06,Non-Holiday,Weekday
6979,2045-02-08,6979,230,Wednesday,February,2045,2045-Feb,8,39,7,2045-W07,2045-02-05,7,2045-W07,2045-02-06,Non-Holiday,Weekday
6980,2045-02-09,6980,230,Thursday,February,2045,2045-Feb,9,40,7,2045-W07,2045-02-05,7,2045-W07,2045-02-06,Non-Holiday,Weekday
6981,2045-02-10,6981,230,Friday,February,2045,2045-Feb,10,41,7,2045-W07,2045-02-05,7,2045-W07,2045-02-06,Non-Holiday,Weekday
6982,2045-02-11,6982,230,Saturday,February,2045,2045-Feb,11,42,7,2045-W07,2045-02-05,7,2045-W07,2045-02-06,Non-Holiday,Weekend
6983,2045-02-12,6983,230,Sunday,February,2045,2045-Feb,12,43,8,2045-W08,2045-02-05,7,2045-W07,2045-02-06,Non-Holiday,Weekend
6984,2045-02-13,6984,230,Monday,February,2045,2045-Feb,13,44,8,2045-W08,2045-02-12,8,2045-W08,2045-02-13,Non-Holiday,Weekday
6985,2045-02-14,6985,230,Tuesday,February,2045,2045-Feb,14,45,8,2045-W08,2045-02-12,8,2045-W08,2045-02-13,Non-Holiday,Weekday
6986,2045-02-15,6986,230,Wednesday,February,2045,2045-Feb,15,46,8,2045-W08,2045-02-12,8,2045-W08,2045-02-13,Non-Holiday,Weekday
6987,2045-02-16,6987,230,Thursday,February,2045,2045-Feb,16,47,8,2045-W08,2045-02-12,8,2045-W08,2045-02-13,Non-Holiday,Weekday
6988,2045-02-17,6988,230,Friday,February,2045,2045-Feb,17,48,8,2045-W08,2045-02-12,8,2045-W08,2045-02-13,Non-Holiday,Weekday
6989,2045-02-18,6989,230,Saturday,February,2045,2045-Feb,18,49,8,2045-W08,2045-02-12,8,2045-W08,2045-02-13,Non-Holiday,Weekend
6990,2045-02-19,6990,230,Sunday,February,2045,2045-Feb,19,50,9,2045-W09,2045-02-12,8,2045-W08,2045-02-13,Non-Holiday,Weekend
6991,2045-02-20,6991,230,Monday,February,2045,2045-Feb,20,51,9,2045-W09,2045-02-19,9,2045-W09,2045-02-20,Non-Holiday,Weekday
6992,2045-02-21,6992,230,Tuesday,February,2045,2045-Feb,21,52,9,2045-W09,2045-02-19,9,2045-W09,2045-02-20,Non-Holiday,Weekday
6993,2045-02-22,6993,230,Wednesday,February,2045,2045-Feb,22,53,9,2045-W09,2045-02-19,9,2045-W09,2045-02-20,Non-Holiday,Weekday
6994,2045-02-23,6994,230,Thursday,February,2045,2045-Feb,23,54,9,2045-W09,2045-02-19,9,2045-W09,2045-02-20,Non-Holiday,Weekday
6995,2045-02-24,6995,230,Friday,February,2045,2045-Feb,24,55,9,2045-W09,2045-02-19,9,2045-W09,2045-02-20,Non-Holiday,Weekday
6996,2045-02-25,6996,230,Saturday,February,2045,2045-Feb,25,56,9,2045-W09,2045-02-19,9,2045-W09,2045-02-20,Non-Holiday,Weekend
6997,2045-02-26,6997,230,Sunday,February,2045,2045-Feb,26,57,10,2045-W10,2045-02-19,9,2045-W09,2045-02-20,Non-Holiday,Weekend
6998,2045-02-27,6998,230,Monday,February,2045,2045-Feb,27,58,10,2045-W10,2045-02-26,10,2045-W10,2045-02-27,Non-Holiday,Weekday
6999,2045-02-28,6999,230,Tuesday,February,2045,2045-Feb,28,59,10,2045-W10,2045-02-26,10,2045-W10,2045-02-27,Non-Holiday,Weekday
7000,2045-03-01,7000,231,Wednesday,March,2045,2045-Mar,1,60,10,2045-W10,2045-02-26,10,2045-W10,2045-02-27,Non-Holiday,Weekday
7001,2045-03-02,7001,231,Thursday,March,2045,2045-Mar,2,61,10,2045-W10,2045-02-26,10,2045-W10,2045-02-27,Non-Holiday,Weekday
7002,2045-03-03,7002,231,Friday,March,2045,2045-Mar,3,62,10,2045-W10,2045-02-26,10,2045-W10,2045-02-27,Non-Holiday,Weekday
7003,2045-03-04,7003,231,Saturday,March,2045,2045-Mar,4,63,10,2045-W10,2045-02-26,10,2045-W10,2045-02-27,Non-Holiday,Weekend
7004,2045-03-05,7004,231,Sunday,March,2045,2045-Mar,5,64,11,2045-W11,2045-02-26,10,2045-W10,2045-02-27,Non-Holiday,Weekend
7005,2045-03-06,7005,231,Monday,March,2045,2045-Mar,6,65,11,2045-W11,2045-03-05,11,2045-W11,2045-03-06,Non-Holiday,Weekday
7006,2045-03-07,7006,231,Tuesday,March,2045,2045-Mar,7,66,11,2045-W11,2045-03-05,11,2045-W11,2045-03-06,Non-Holiday,Weekday
7007,2045-03-08,7007,231,Wednesday,March,2045,2045-Mar,8,67,11,2045-W11,2045-03-05,11,2045-W11,2045-03-06,Non-Holiday,Weekday
7008,2045-03-09,7008,231,Thursday,March,2045,2045-Mar,9,68,11,2045-W11,2045-03-05,11,2045-W11,2045-03-06,Non-Holiday,Weekday
7009,2045-03-10,7009,231,Friday,March,2045,2045-Mar,10,69,11,2045-W11,2045-03-05,11,2045-W11,2045-03-06,Non-Holiday,Weekday
7010,2045-03-11,7010,231,Saturday,March,2045,2045-Mar,11,70,11,2045-W11,2045-03-05,11,2045-W11,2045-03-06,Non-Holiday,Weekend
7011,2045-03-12,7011,231,Sunday,March,2045,2045-Mar,12,71,12,2045-W12,2045-03-05,11,2045-W11,2045-03-06,Non-Holiday,Weekend
7012,2045-03-13,7012,231,Monday,March,2045,2045-Mar,13,72,12,2045-W12,2045-03-12,12,2045-W12,2045-03-13,Non-Holiday,Weekday
7013,2045-03-14,7013,231,Tuesday,March,2045,2045-Mar,14,73,12,2045-W12,2045-03-12,12,2045-W12,2045-03-13,Non-Holiday,Weekday
7014,2045-03-15,7014,231,Wednesday,March,2045,2045-Mar,15,74,12,2045-W12,2045-03-12,12,2045-W12,2045-03-13,Non-Holiday,Weekday
7015,2045-03-16,7015,231,Thursday,March,2045,2045-Mar,16,75,12,2045-W12,2045-03-12,12,2045-W12,2045-03-13,Non-Holiday,Weekday
7016,2045-03-17,7016,231,Friday,March,2045,2045-Mar,17,76,12,2045-W12,2045-03-12,12,2045-W12,2045-03-13,Non-Holiday,Weekday
7017,2045-03-18,7017,231,Saturday,March,2045,2045-Mar,18,77,12,2045-W12,2045-03-12,12,2045-W12,2045-03-13,Non-Holiday,Weekend
7018,2045-03-19,7018,231,Sunday,March,2045,2045-Mar,19,78,13,2045-W13,2045-03-12,12,2045-W12,2045-03-13,Non-Holiday,Weekend
7019,2045-03-20,7019,231,Monday,March,2045,2045-Mar,20,79,13,2045-W13,2045-03-19,13,2045-W13,2045-03-20,Non-Holiday,Weekday
7020,2045-03-21,7020,231,Tuesday,March,2045,2045-Mar,21,80,13,2045-W13,2045-03-19,13,2045-W13,2045-03-20,Non-Holiday,Weekday
7021,2045-03-22,7021,231,Wednesday,March,2045,2045-Mar,22,81,13,2045-W13,2045-03-19,13,2045-W13,2045-03-20,Non-Holiday,Weekday
7022,2045-03-23,7022,231,Thursday,March,2045,2045-Mar,23,82,13,2045-W13,2045-03-19,13,2045-W13,2045-03-20,Non-Holiday,Weekday
7023,2045-03-24,7023,231,Friday,March,2045,2045-Mar,24,83,13,2045-W13,2045-03-19,13,2045-W13,2045-03-20,Non-Holiday,Weekday
7024,2045-03-25,7024,231,Saturday,March,2045,2045-Mar,25,84,13,2045-W13,2045-03-19,13,2045-W13,2045-03-20,Non-Holiday,Weekend
7025,2045-03-26,7025,231,Sunday,March,2045,2045-Mar,26,85,14,2045-W14,2045-03-19,13,2045-W13,2045-03-20,Non-Holiday,Weekend
7026,2045-03-27,7026,231,Monday,March,2045,2045-Mar,27,86,14,2045-W14,2045-03-26,14,2045-W14,2045-03-27,Non-Holiday,Weekday
7027,2045-03-28,7027,231,Tuesday,March,2045,2045-Mar,28,87,14,2045-W14,2045-03-26,14,2045-W14,2045-03-27,Non-Holiday,Weekday
7028,2045-03-29,7028,231,Wednesday,March,2045,2045-Mar,29,88,14,2045-W14,2045-03-26,14,2045-W14,2045-03-27,Non-Holiday,Weekday
7029,2045-03-30,7029,231,Thursday,March,2045,2045-Mar,30,89,14,2045-W14,2045-03-26,14,2045-W14,2045-03-27,Non-Holiday,Weekday
7030,2045-03-31,7030,231,Friday,March,2045,2045-Mar,31,90,14,2045-W14,2045-03-26,14,2045-W14,2045-03-27,Non-Holiday,Weekday
7031,2045-04-01,7031,232,Saturday,April,2045,2045-Apr,1,91,14,2045-W14,2045-03-26,14,2045-W14,2045-03-27,Non-Holiday,Weekend
7032,2045-04-02,7032,232,Sunday,April,2045,2045-Apr,2,92,15,2045-W15,2045-03-26,14,2045-W14,2045-03-27,Non-Holiday,Weekend
7033,2045-04-03,7033,232,Monday,April,2045,2045-Apr,3,93,15,2045-W15,2045-04-02,15,2045-W15,2045-04-03,Non-Holiday,Weekday
7034,2045-04-04,7034,232,Tuesday,April,2045,2045-Apr,4,94,15,2045-W15,2045-04-02,15,2045-W15,2045-04-03,Non-Holiday,Weekday
7035,2045-04-05,7035,232,Wednesday,April,2045,2045-Apr,5,95,15,2045-W15,2045-04-02,15,2045-W15,2045-04-03,Non-Holiday,Weekday
7036,2045-04-06,7036,232,Thursday,April,2045,2045-Apr,6,96,15,2045-W15,2045-04-02,15,2045-W15,2045-04-03,Non-Holiday,Weekday
7037,2045-04-07,7037,232,Friday,April,2045,2045-Apr,7,97,15,2045-W15,2045-04-02,15,2045-W15,2045-04-03,Non-Holiday,Weekday
7038,2045-04-08,7038,232,Saturday,April,2045,2045-Apr,8,98,15,2045-W15,2045-04-02,15,2045-W15,2045-04-03,Non-Holiday,Weekend
7039,2045-04-09,7039,232,Sunday,April,2045,2045-Apr,9,99,16,2045-W16,2045-04-02,15,2045-W15,2045-04-03,Non-Holiday,Weekend
7040,2045-04-10,7040,232,Monday,April,2045,2045-Apr,10,100,16,2045-W16,2045-04-09,16,2045-W16,2045-04-10,Non-Holiday,Weekday
7041,2045-04-11,7041,232,Tuesday,April,2045,2045-Apr,11,101,16,2045-W16,2045-04-09,16,2045-W16,2045-04-10,Non-Holiday,Weekday
7042,2045-04-12,7042,232,Wednesday,April,2045,2045-Apr,12,102,16,2045-W16,2045-04-09,16,2045-W16,2045-04-10,Non-Holiday,Weekday
7043,2045-04-13,7043,232,Thursday,April,2045,2045-Apr,13,103,16,2045-W16,2045-04-09,16,2045-W16,2045-04-10,Non-Holiday,Weekday
7044,2045-04-14,7044,232,Friday,April,2045,2045-Apr,14,104,16,2045-W16,2045-04-09,16,2045-W16,2045-04-10,Non-Holiday,Weekday
7045,2045-04-15,7045,232,Saturday,April,2045,2045-Apr,15,105,16,2045-W16,2045-04-09,16,2045-W16,2045-04-10,Non-Holiday,Weekend
7046,2045-04-16,7046,232,Sunday,April,2045,2045-Apr,16,106,17,2045-W17,2045-04-09,16,2045-W16,2045-04-10,Non-Holiday,Weekend
7047,2045-04-17,7047,232,Monday,April,2045,2045-Apr,17,107,17,2045-W17,2045-04-16,17,2045-W17,2045-04-17,Non-Holiday,Weekday
7048,2045-04-18,7048,232,Tuesday,April,2045,2045-Apr,18,108,17,2045-W17,2045-04-16,17,2045-W17,2045-04-17,Non-Holiday,Weekday
7049,2045-04-19,7049,232,Wednesday,April,2045,2045-Apr,19,109,17,2045-W17,2045-04-16,17,2045-W17,2045-04-17,Non-Holiday,Weekday
7050,2045-04-20,7050,232,Thursday,April,2045,2045-Apr,20,110,17,2045-W17,2045-04-16,17,2045-W17,2045-04-17,Non-Holiday,Weekday
7051,2045-04-21,7051,232,Friday,April,2045,2045-Apr,21,111,17,2045-W17,2045-04-16,17,2045-W17,2045-04-17,Non-Holiday,Weekday
7052,2045-04-22,7052,232,Saturday,April,2045,2045-Apr,22,112,17,2045-W17,2045-04-16,17,2045-W17,2045-04-17,Non-Holiday,Weekend
7053,2045-04-23,7053,232,Sunday,April,2045,2045-Apr,23,113,18,2045-W18,2045-04-16,17,2045-W17,2045-04-17,Non-Holiday,Weekend
7054,2045-04-24,7054,232,Monday,April,2045,2045-Apr,24,114,18,2045-W18,2045-04-23,18,2045-W18,2045-04-24,Non-Holiday,Weekday
7055,2045-04-25,7055,232,Tuesday,April,2045,2045-Apr,25,115,18,2045-W18,2045-04-23,18,2045-W18,2045-04-24,Non-Holiday,Weekday
7056,2045-04-26,7056,232,Wednesday,April,2045,2045-Apr,26,116,18,2045-W18,2045-04-23,18,2045-W18,2045-04-24,Non-Holiday,Weekday
7057,2045-04-27,7057,232,Thursday,April,2045,2045-Apr,27,117,18,2045-W18,2045-04-23,18,2045-W18,2045-04-24,Non-Holiday,Weekday
7058,2045-04-28,7058,232,Friday,April,2045,2045-Apr,28,118,18,2045-W18,2045-04-23,18,2045-W18,2045-04-24,Non-Holiday,Weekday
7059,2045-04-29,7059,232,Saturday,April,2045,2045-Apr,29,119,18,2045-W18,2045-04-23,18,2045-W18,2045-04-24,Non-Holiday,Weekend
7060,2045-04-30,7060,232,Sunday,April,2045,2045-Apr,30,120,19,2045-W19,2045-04-23,18,2045-W18,2045-04-24,Non-Holiday,Weekend
7061,2045-05-01,7061,233,Monday,May,2045,2045-May,1,121,19,2045-W19,2045-04-30,19,2045-W19,2045-05-01,Non-Holiday,Weekday
7062,2045-05-02,7062,233,Tuesday,May,2045,2045-May,2,122,19,2045-W19,2045-04-30,19,2045-W19,2045-05-01,Non-Holiday,Weekday
7063,2045-05-03,7063,233,Wednesday,May,2045,2045-May,3,123,19,2045-W19,2045-04-30,19,2045-W19,2045-05-01,Non-Holiday,Weekday
7064,2045-05-04,7064,233,Thursday,May,2045,2045-May,4,124,19,2045-W19,2045-04-30,19,2045-W19,2045-05-01,Non-Holiday,Weekday
7065,2045-05-05,7065,233,Friday,May,2045,2045-May,5,125,19,2045-W19,2045-04-30,19,2045-W19,2045-05-01,Non-Holiday,Weekday
7066,2045-05-06,7066,233,Saturday,May,2045,2045-May,6,126,19,2045-W19,2045-04-30,19,2045-W19,2045-05-01,Non-Holiday,Weekend
7067,2045-05-07,7067,233,Sunday,May,2045,2045-May,7,127,20,2045-W20,2045-04-30,19,2045-W19,2045-05-01,Non-Holiday,Weekend
7068,2045-05-08,7068,233,Monday,May,2045,2045-May,8,128,20,2045-W20,2045-05-07,20,2045-W20,2045-05-08,Non-Holiday,Weekday
7069,2045-05-09,7069,233,Tuesday,May,2045,2045-May,9,129,20,2045-W20,2045-05-07,20,2045-W20,2045-05-08,Non-Holiday,Weekday
7070,2045-05-10,7070,233,Wednesday,May,2045,2045-May,10,130,20,2045-W20,2045-05-07,20,2045-W20,2045-05-08,Non-Holiday,Weekday
7071,2045-05-11,7071,233,Thursday,May,2045,2045-May,11,131,20,2045-W20,2045-05-07,20,2045-W20,2045-05-08,Non-Holiday,Weekday
7072,2045-05-12,7072,233,Friday,May,2045,2045-May,12,132,20,2045-W20,2045-05-07,20,2045-W20,2045-05-08,Non-Holiday,Weekday
7073,2045-05-13,7073,233,Saturday,May,2045,2045-May,13,133,20,2045-W20,2045-05-07,20,2045-W20,2045-05-08,Non-Holiday,Weekend
7074,2045-05-14,7074,233,Sunday,May,2045,2045-May,14,134,21,2045-W21,2045-05-07,20,2045-W20,2045-05-08,Non-Holiday,Weekend
7075,2045-05-15,7075,233,Monday,May,2045,2045-May,15,135,21,2045-W21,2045-05-14,21,2045-W21,2045-05-15,Non-Holiday,Weekday
7076,2045-05-16,7076,233,Tuesday,May,2045,2045-May,16,136,21,2045-W21,2045-05-14,21,2045-W21,2045-05-15,Non-Holiday,Weekday
7077,2045-05-17,7077,233,Wednesday,May,2045,2045-May,17,137,21,2045-W21,2045-05-14,21,2045-W21,2045-05-15,Non-Holiday,Weekday
7078,2045-05-18,7078,233,Thursday,May,2045,2045-May,18,138,21,2045-W21,2045-05-14,21,2045-W21,2045-05-15,Non-Holiday,Weekday
7079,2045-05-19,7079,233,Friday,May,2045,2045-May,19,139,21,2045-W21,2045-05-14,21,2045-W21,2045-05-15,Non-Holiday,Weekday
7080,2045-05-20,7080,233,Saturday,May,2045,2045-May,20,140,21,2045-W21,2045-05-14,21,2045-W21,2045-05-15,Non-Holiday,Weekend
7081,2045-05-21,7081,233,Sunday,May,2045,2045-May,21,141,22,2045-W22,2045-05-14,21,2045-W21,2045-05-15,Non-Holiday,Weekend
7082,2045-05-22,7082,233,Monday,May,2045,2045-May,22,142,22,2045-W22,2045-05-21,22,2045-W22,2045-05-22,Non-Holiday,Weekday
7083,2045-05-23,7083,233,Tuesday,May,2045,2045-May,23,143,22,2045-W22,2045-05-21,22,2045-W22,2045-05-22,Non-Holiday,Weekday
7084,2045-05-24,7084,233,Wednesday,May,2045,2045-May,24,144,22,2045-W22,2045-05-21,22,2045-W22,2045-05-22,Non-Holiday,Weekday
7085,2045-05-25,7085,233,Thursday,May,2045,2045-May,25,145,22,2045-W22,2045-05-21,22,2045-W22,2045-05-22,Non-Holiday,Weekday
7086,2045-05-26,7086,233,Friday,May,2045,2045-May,26,146,22,2045-W22,2045-05-21,22,2045-W22,2045-05-22,Non-Holiday,Weekday
7087,2045-05-27,7087,233,Saturday,May,2045,2045-May,27,147,22,2045-W22,2045-05-21,22,2045-W22,2045-05-22,Non-Holiday,Weekend
7088,2045-05-28,7088,233,Sunday,May,2045,2045-May,28,148,23,2045-W23,2045-05-21,22,2045-W22,2045-05-22,Non-Holiday,Weekend
7089,2045-05-29,7089,233,Monday,May,2045,2045-May,29,149,23,2045-W23,2045-05-28,23,2045-W23,2045-05-29,Non-Holiday,Weekday
7090,2045-05-30,7090,233,Tuesday,May,2045,2045-May,30,150,23,2045-W23,2045-05-28,23,2045-W23,2045-05-29,Non-Holiday,Weekday
7091,2045-05-31,7091,233,Wednesday,May,2045,2045-May,31,151,23,2045-W23,2045-05-28,23,2045-W23,2045-05-29,Non-Holiday,Weekday
7092,2045-06-01,7092,234,Thursday,June,2045,2045-Jun,1,152,23,2045-W23,2045-05-28,23,2045-W23,2045-05-29,Non-Holiday,Weekday
7093,2045-06-02,7093,234,Friday,June,2045,2045-Jun,2,153,23,2045-W23,2045-05-28,23,2045-W23,2045-05-29,Non-Holiday,Weekday
7094,2045-06-03,7094,234,Saturday,June,2045,2045-Jun,3,154,23,2045-W23,2045-05-28,23,2045-W23,2045-05-29,Non-Holiday,Weekend
7095,2045-06-04,7095,234,Sunday,June,2045,2045-Jun,4,155,24,2045-W24,2045-05-28,23,2045-W23,2045-05-29,Non-Holiday,Weekend
7096,2045-06-05,7096,234,Monday,June,2045,2045-Jun,5,156,24,2045-W24,2045-06-04,24,2045-W24,2045-06-05,Non-Holiday,Weekday
7097,2045-06-06,7097,234,Tuesday,June,2045,2045-Jun,6,157,24,2045-W24,2045-06-04,24,2045-W24,2045-06-05,Non-Holiday,Weekday
7098,2045-06-07,7098,234,Wednesday,June,2045,2045-Jun,7,158,24,2045-W24,2045-06-04,24,2045-W24,2045-06-05,Non-Holiday,Weekday
7099,2045-06-08,7099,234,Thursday,June,2045,2045-Jun,8,159,24,2045-W24,2045-06-04,24,2045-W24,2045-06-05,Non-Holiday,Weekday
7100,2045-06-09,7100,234,Friday,June,2045,2045-Jun,9,160,24,2045-W24,2045-06-04,24,2045-W24,2045-06-05,Non-Holiday,Weekday
7101,2045-06-10,7101,234,Saturday,June,2045,2045-Jun,10,161,24,2045-W24,2045-06-04,24,2045-W24,2045-06-05,Non-Holiday,Weekend
7102,2045-06-11,7102,234,Sunday,June,2045,2045-Jun,11,162,25,2045-W25,2045-06-04,24,2045-W24,2045-06-05,Non-Holiday,Weekend
7103,2045-06-12,7103,234,Monday,June,2045,2045-Jun,12,163,25,2045-W25,2045-06-11,25,2045-W25,2045-06-12,Non-Holiday,Weekday
7104,2045-06-13,7104,234,Tuesday,June,2045,2045-Jun,13,164,25,2045-W25,2045-06-11,25,2045-W25,2045-06-12,Non-Holiday,Weekday
7105,2045-06-14,7105,234,Wednesday,June,2045,2045-Jun,14,165,25,2045-W25,2045-06-11,25,2045-W25,2045-06-12,Non-Holiday,Weekday
7106,2045-06-15,7106,234,Thursday,June,2045,2045-Jun,15,166,25,2045-W25,2045-06-11,25,2045-W25,2045-06-12,Non-Holiday,Weekday
7107,2045-06-16,7107,234,Friday,June,2045,2045-Jun,16,167,25,2045-W25,2045-06-11,25,2045-W25,2045-06-12,Non-Holiday,Weekday
7108,2045-06-17,7108,234,Saturday,June,2045,2045-Jun,17,168,25,2045-W25,2045-06-11,25,2045-W25,2045-06-12,Non-Holiday,Weekend
7109,2045-06-18,7109,234,Sunday,June,2045,2045-Jun,18,169,26,2045-W26,2045-06-11,25,2045-W25,2045-06-12,Non-Holiday,Weekend
7110,2045-06-19,7110,234,Monday,June,2045,2045-Jun,19,170,26,2045-W26,2045-06-18,26,2045-W26,2045-06-19,Non-Holiday,Weekday
7111,2045-06-20,7111,234,Tuesday,June,2045,2045-Jun,20,171,26,2045-W26,2045-06-18,26,2045-W26,2045-06-19,Non-Holiday,Weekday
7112,2045-06-21,7112,234,Wednesday,June,2045,2045-Jun,21,172,26,2045-W26,2045-06-18,26,2045-W26,2045-06-19,Non-Holiday,Weekday
7113,2045-06-22,7113,234,Thursday,June,2045,2045-Jun,22,173,26,2045-W26,2045-06-18,26,2045-W26,2045-06-19,Non-Holiday,Weekday
7114,2045-06-23,7114,234,Friday,June,2045,2045-Jun,23,174,26,2045-W26,2045-06-18,26,2045-W26,2045-06-19,Non-Holiday,Weekday
7115,2045-06-24,7115,234,Saturday,June,2045,2045-Jun,24,175,26,2045-W26,2045-06-18,26,2045-W26,2045-06-19,Non-Holiday,Weekend
7116,2045-06-25,7116,234,Sunday,June,2045,2045-Jun,25,176,27,2045-W27,2045-06-18,26,2045-W26,2045-06-19,Non-Holiday,Weekend
7117,2045-06-26,7117,234,Monday,June,2045,2045-Jun,26,177,27,2045-W27,2045-06-25,27,2045-W27,2045-06-26,Non-Holiday,Weekday
7118,2045-06-27,7118,234,Tuesday,June,2045,2045-Jun,27,178,27,2045-W27,2045-06-25,27,2045-W27,2045-06-26,Non-Holiday,Weekday
7119,2045-06-28,7119,234,Wednesday,June,2045,2045-Jun,28,179,27,2045-W27,2045-06-25,27,2045-W27,2045-06-26,Non-Holiday,Weekday
7120,2045-06-29,7120,234,Thursday,June,2045,2045-Jun,29,180,27,2045-W27,2045-06-25,27,2045-W27,2045-06-26,Non-Holiday,Weekday
7121,2045-06-30,7121,234,Friday,June,2045,2045-Jun,30,181,27,2045-W27,2045-06-25,27,2045-W27,2045-06-26,Non-Holiday,Weekday
7122,2045-07-01,7122,235,Saturday,July,2045,2045-Jul,1,182,27,2045-W27,2045-06-25,27,2045-W27,2045-06-26,Non-Holiday,Weekend
7123,2045-07-02,7123,235,Sunday,July,2045,2045-Jul,2,183,28,2045-W28,2045-06-25,27,2045-W27,2045-06-26,Non-Holiday,Weekend
7124,2045-07-03,7124,235,Monday,July,2045,2045-Jul,3,184,28,2045-W28,2045-07-02,28,2045-W28,2045-07-03,Non-Holiday,Weekday
7125,2045-07-04,7125,235,Tuesday,July,2045,2045-Jul,4,185,28,2045-W28,2045-07-02,28,2045-W28,2045-07-03,Non-Holiday,Weekday
7126,2045-07-05,7126,235,Wednesday,July,2045,2045-Jul,5,186,28,2045-W28,2045-07-02,28,2045-W28,2045-07-03,Non-Holiday,Weekday
7127,2045-07-06,7127,235,Thursday,July,2045,2045-Jul,6,187,28,2045-W28,2045-07-02,28,2045-W28,2045-07-03,Non-Holiday,Weekday
7128,2045-07-07,7128,235,Friday,July,2045,2045-Jul,7,188,28,2045-W28,2045-07-02,28,2045-W28,2045-07-03,Non-Holiday,Weekday
7129,2045-07-08,7129,235,Saturday,July,2045,2045-Jul,8,189,28,2045-W28,2045-07-02,28,2045-W28,2045-07-03,Non-Holiday,Weekend
7130,2045-07-09,7130,235,Sunday,July,2045,2045-Jul,9,190,29,2045-W29,2045-07-02,28,2045-W28,2045-07-03,Non-Holiday,Weekend
7131,2045-07-10,7131,235,Monday,July,2045,2045-Jul,10,191,29,2045-W29,2045-07-09,29,2045-W29,2045-07-10,Non-Holiday,Weekday
7132,2045-07-11,7132,235,Tuesday,July,2045,2045-Jul,11,192,29,2045-W29,2045-07-09,29,2045-W29,2045-07-10,Non-Holiday,Weekday
7133,2045-07-12,7133,235,Wednesday,July,2045,2045-Jul,12,193,29,2045-W29,2045-07-09,29,2045-W29,2045-07-10,Non-Holiday,Weekday
7134,2045-07-13,7134,235,Thursday,July,2045,2045-Jul,13,194,29,2045-W29,2045-07-09,29,2045-W29,2045-07-10,Non-Holiday,Weekday
7135,2045-07-14,7135,235,Friday,July,2045,2045-Jul,14,195,29,2045-W29,2045-07-09,29,2045-W29,2045-07-10,Non-Holiday,Weekday
7136,2045-07-15,7136,235,Saturday,July,2045,2045-Jul,15,196,29,2045-W29,2045-07-09,29,2045-W29,2045-07-10,Non-Holiday,Weekend
7137,2045-07-16,7137,235,Sunday,July,2045,2045-Jul,16,197,30,2045-W30,2045-07-09,29,2045-W29,2045-07-10,Non-Holiday,Weekend
7138,2045-07-17,7138,235,Monday,July,2045,2045-Jul,17,198,30,2045-W30,2045-07-16,30,2045-W30,2045-07-17,Non-Holiday,Weekday
7139,2045-07-18,7139,235,Tuesday,July,2045,2045-Jul,18,199,30,2045-W30,2045-07-16,30,2045-W30,2045-07-17,Non-Holiday,Weekday
7140,2045-07-19,7140,235,Wednesday,July,2045,2045-Jul,19,200,30,2045-W30,2045-07-16,30,2045-W30,2045-07-17,Non-Holiday,Weekday
7141,2045-07-20,7141,235,Thursday,July,2045,2045-Jul,20,201,30,2045-W30,2045-07-16,30,2045-W30,2045-07-17,Non-Holiday,Weekday
7142,2045-07-21,7142,235,Friday,July,2045,2045-Jul,21,202,30,2045-W30,2045-07-16,30,2045-W30,2045-07-17,Non-Holiday,Weekday
7143,2045-07-22,7143,235,Saturday,July,2045,2045-Jul,22,203,30,2045-W30,2045-07-16,30,2045-W30,2045-07-17,Non-Holiday,Weekend
7144,2045-07-23,7144,235,Sunday,July,2045,2045-Jul,23,204,31,2045-W31,2045-07-16,30,2045-W30,2045-07-17,Non-Holiday,Weekend
7145,2045-07-24,7145,235,Monday,July,2045,2045-Jul,24,205,31,2045-W31,2045-07-23,31,2045-W31,2045-07-24,Non-Holiday,Weekday
7146,2045-07-25,7146,235,Tuesday,July,2045,2045-Jul,25,206,31,2045-W31,2045-07-23,31,2045-W31,2045-07-24,Non-Holiday,Weekday
7147,2045-07-26,7147,235,Wednesday,July,2045,2045-Jul,26,207,31,2045-W31,2045-07-23,31,2045-W31,2045-07-24,Non-Holiday,Weekday
7148,2045-07-27,7148,235,Thursday,July,2045,2045-Jul,27,208,31,2045-W31,2045-07-23,31,2045-W31,2045-07-24,Non-Holiday,Weekday
7149,2045-07-28,7149,235,Friday,July,2045,2045-Jul,28,209,31,2045-W31,2045-07-23,31,2045-W31,2045-07-24,Non-Holiday,Weekday
7150,2045-07-29,7150,235,Saturday,July,2045,2045-Jul,29,210,31,2045-W31,2045-07-23,31,2045-W31,2045-07-24,Non-Holiday,Weekend
7151,2045-07-30,7151,235,Sunday,July,2045,2045-Jul,30,211,32,2045-W32,2045-07-23,31,2045-W31,2045-07-24,Non-Holiday,Weekend
7152,2045-07-31,7152,235,Monday,July,2045,2045-Jul,31,212,32,2045-W32,2045-07-30,32,2045-W32,2045-07-31,Non-Holiday,Weekday
7153,2045-08-01,7153,236,Tuesday,August,2045,2045-Aug,1,213,32,2045-W32,2045-07-30,32,2045-W32,2045-07-31,Non-Holiday,Weekday
7154,2045-08-02,7154,236,Wednesday,August,2045,2045-Aug,2,214,32,2045-W32,2045-07-30,32,2045-W32,2045-07-31,Non-Holiday,Weekday
7155,2045-08-03,7155,236,Thursday,August,2045,2045-Aug,3,215,32,2045-W32,2045-07-30,32,2045-W32,2045-07-31,Non-Holiday,Weekday
7156,2045-08-04,7156,236,Friday,August,2045,2045-Aug,4,216,32,2045-W32,2045-07-30,32,2045-W32,2045-07-31,Non-Holiday,Weekday
7157,2045-08-05,7157,236,Saturday,August,2045,2045-Aug,5,217,32,2045-W32,2045-07-30,32,2045-W32,2045-07-31,Non-Holiday,Weekend
7158,2045-08-06,7158,236,Sunday,August,2045,2045-Aug,6,218,33,2045-W33,2045-07-30,32,2045-W32,2045-07-31,Non-Holiday,Weekend
7159,2045-08-07,7159,236,Monday,August,2045,2045-Aug,7,219,33,2045-W33,2045-08-06,33,2045-W33,2045-08-07,Non-Holiday,Weekday
7160,2045-08-08,7160,236,Tuesday,August,2045,2045-Aug,8,220,33,2045-W33,2045-08-06,33,2045-W33,2045-08-07,Non-Holiday,Weekday
7161,2045-08-09,7161,236,Wednesday,August,2045,2045-Aug,9,221,33,2045-W33,2045-08-06,33,2045-W33,2045-08-07,Non-Holiday,Weekday
7162,2045-08-10,7162,236,Thursday,August,2045,2045-Aug,10,222,33,2045-W33,2045-08-06,33,2045-W33,2045-08-07,Non-Holiday,Weekday
7163,2045-08-11,7163,236,Friday,August,2045,2045-Aug,11,223,33,2045-W33,2045-08-06,33,2045-W33,2045-08-07,Non-Holiday,Weekday
7164,2045-08-12,7164,236,Saturday,August,2045,2045-Aug,12,224,33,2045-W33,2045-08-06,33,2045-W33,2045-08-07,Non-Holiday,Weekend
7165,2045-08-13,7165,236,Sunday,August,2045,2045-Aug,13,225,34,2045-W34,2045-08-06,33,2045-W33,2045-08-07,Non-Holiday,Weekend
7166,2045-08-14,7166,236,Monday,August,2045,2045-Aug,14,226,34,2045-W34,2045-08-13,34,2045-W34,2045-08-14,Non-Holiday,Weekday
7167,2045-08-15,7167,236,Tuesday,August,2045,2045-Aug,15,227,34,2045-W34,2045-08-13,34,2045-W34,2045-08-14,Non-Holiday,Weekday
7168,2045-08-16,7168,236,Wednesday,August,2045,2045-Aug,16,228,34,2045-W34,2045-08-13,34,2045-W34,2045-08-14,Non-Holiday,Weekday
7169,2045-08-17,7169,236,Thursday,August,2045,2045-Aug,17,229,34,2045-W34,2045-08-13,34,2045-W34,2045-08-14,Non-Holiday,Weekday
7170,2045-08-18,7170,236,Friday,August,2045,2045-Aug,18,230,34,2045-W34,2045-08-13,34,2045-W34,2045-08-14,Non-Holiday,Weekday
7171,2045-08-19,7171,236,Saturday,August,2045,2045-Aug,19,231,34,2045-W34,2045-08-13,34,2045-W34,2045-08-14,Non-Holiday,Weekend
7172,2045-08-20,7172,236,Sunday,August,2045,2045-Aug,20,232,35,2045-W35,2045-08-13,34,2045-W34,2045-08-14,Non-Holiday,Weekend
7173,2045-08-21,7173,236,Monday,August,2045,2045-Aug,21,233,35,2045-W35,2045-08-20,35,2045-W35,2045-08-21,Non-Holiday,Weekday
7174,2045-08-22,7174,236,Tuesday,August,2045,2045-Aug,22,234,35,2045-W35,2045-08-20,35,2045-W35,2045-08-21,Non-Holiday,Weekday
7175,2045-08-23,7175,236,Wednesday,August,2045,2045-Aug,23,235,35,2045-W35,2045-08-20,35,2045-W35,2045-08-21,Non-Holiday,Weekday
7176,2045-08-24,7176,236,Thursday,August,2045,2045-Aug,24,236,35,2045-W35,2045-08-20,35,2045-W35,2045-08-21,Non-Holiday,Weekday
7177,2045-08-25,7177,236,Friday,August,2045,2045-Aug,25,237,35,2045-W35,2045-08-20,35,2045-W35,2045-08-21,Non-Holiday,Weekday
7178,2045-08-26,7178,236,Saturday,August,2045,2045-Aug,26,238,35,2045-W35,2045-08-20,35,2045-W35,2045-08-21,Non-Holiday,Weekend
7179,2045-08-27,7179,236,Sunday,August,2045,2045-Aug,27,239,36,2045-W36,2045-08-20,35,2045-W35,2045-08-21,Non-Holiday,Weekend
7180,2045-08-28,7180,236,Monday,August,2045,2045-Aug,28,240,36,2045-W36,2045-08-27,36,2045-W36,2045-08-28,Non-Holiday,Weekday
7181,2045-08-29,7181,236,Tuesday,August,2045,2045-Aug,29,241,36,2045-W36,2045-08-27,36,2045-W36,2045-08-28,Non-Holiday,Weekday
7182,2045-08-30,7182,236,Wednesday,August,2045,2045-Aug,30,242,36,2045-W36,2045-08-27,36,2045-W36,2045-08-28,Non-Holiday,Weekday
7183,2045-08-31,7183,236,Thursday,August,2045,2045-Aug,31,243,36,2045-W36,2045-08-27,36,2045-W36,2045-08-28,Non-Holiday,Weekday
7184,2045-09-01,7184,237,Friday,September,2045,2045-Sep,1,244,36,2045-W36,2045-08-27,36,2045-W36,2045-08-28,Non-Holiday,Weekday
7185,2045-09-02,7185,237,Saturday,September,2045,2045-Sep,2,245,36,2045-W36,2045-08-27,36,2045-W36,2045-08-28,Non-Holiday,Weekend
7186,2045-09-03,7186,237,Sunday,September,2045,2045-Sep,3,246,37,2045-W37,2045-08-27,36,2045-W36,2045-08-28,Non-Holiday,Weekend
7187,2045-09-04,7187,237,Monday,September,2045,2045-Sep,4,247,37,2045-W37,2045-09-03,37,2045-W37,2045-09-04,Non-Holiday,Weekday
7188,2045-09-05,7188,237,Tuesday,September,2045,2045-Sep,5,248,37,2045-W37,2045-09-03,37,2045-W37,2045-09-04,Non-Holiday,Weekday
7189,2045-09-06,7189,237,Wednesday,September,2045,2045-Sep,6,249,37,2045-W37,2045-09-03,37,2045-W37,2045-09-04,Non-Holiday,Weekday
7190,2045-09-07,7190,237,Thursday,September,2045,2045-Sep,7,250,37,2045-W37,2045-09-03,37,2045-W37,2045-09-04,Non-Holiday,Weekday
7191,2045-09-08,7191,237,Friday,September,2045,2045-Sep,8,251,37,2045-W37,2045-09-03,37,2045-W37,2045-09-04,Non-Holiday,Weekday
7192,2045-09-09,7192,237,Saturday,September,2045,2045-Sep,9,252,37,2045-W37,2045-09-03,37,2045-W37,2045-09-04,Non-Holiday,Weekend
7193,2045-09-10,7193,237,Sunday,September,2045,2045-Sep,10,253,38,2045-W38,2045-09-03,37,2045-W37,2045-09-04,Non-Holiday,Weekend
7194,2045-09-11,7194,237,Monday,September,2045,2045-Sep,11,254,38,2045-W38,2045-09-10,38,2045-W38,2045-09-11,Non-Holiday,Weekday
7195,2045-09-12,7195,237,Tuesday,September,2045,2045-Sep,12,255,38,2045-W38,2045-09-10,38,2045-W38,2045-09-11,Non-Holiday,Weekday
7196,2045-09-13,7196,237,Wednesday,September,2045,2045-Sep,13,256,38,2045-W38,2045-09-10,38,2045-W38,2045-09-11,Non-Holiday,Weekday
7197,2045-09-14,7197,237,Thursday,September,2045,2045-Sep,14,257,38,2045-W38,2045-09-10,38,2045-W38,2045-09-11,Non-Holiday,Weekday
7198,2045-09-15,7198,237,Friday,September,2045,2045-Sep,15,258,38,2045-W38,2045-09-10,38,2045-W38,2045-09-11,Non-Holiday,Weekday
7199,2045-09-16,7199,237,Saturday,September,2045,2045-Sep,16,259,38,2045-W38,2045-09-10,38,2045-W38,2045-09-11,Non-Holiday,Weekend
7200,2045-09-17,7200,237,Sunday,September,2045,2045-Sep,17,260,39,2045-W39,2045-09-10,38,2045-W38,2045-09-11,Non-Holiday,Weekend
7201,2045-09-18,7201,237,Monday,September,2045,2045-Sep,18,261,39,2045-W39,2045-09-17,39,2045-W39,2045-09-18,Non-Holiday,Weekday
7202,2045-09-19,7202,237,Tuesday,September,2045,2045-Sep,19,262,39,2045-W39,2045-09-17,39,2045-W39,2045-09-18,Non-Holiday,Weekday
7203,2045-09-20,7203,237,Wednesday,September,2045,2045-Sep,20,263,39,2045-W39,2045-09-17,39,2045-W39,2045-09-18,Non-Holiday,Weekday
7204,2045-09-21,7204,237,Thursday,September,2045,2045-Sep,21,264,39,2045-W39,2045-09-17,39,2045-W39,2045-09-18,Non-Holiday,Weekday
7205,2045-09-22,7205,237,Friday,September,2045,2045-Sep,22,265,39,2045-W39,2045-09-17,39,2045-W39,2045-09-18,Non-Holiday,Weekday
7206,2045-09-23,7206,237,Saturday,September,2045,2045-Sep,23,266,39,2045-W39,2045-09-17,39,2045-W39,2045-09-18,Non-Holiday,Weekend
7207,2045-09-24,7207,237,Sunday,September,2045,2045-Sep,24,267,40,2045-W40,2045-09-17,39,2045-W39,2045-09-18,Non-Holiday,Weekend
7208,2045-09-25,7208,237,Monday,September,2045,2045-Sep,25,268,40,2045-W40,2045-09-24,40,2045-W40,2045-09-25,Non-Holiday,Weekday
7209,2045-09-26,7209,237,Tuesday,September,2045,2045-Sep,26,269,40,2045-W40,2045-09-24,40,2045-W40,2045-09-25,Non-Holiday,Weekday
7210,2045-09-27,7210,237,Wednesday,September,2045,2045-Sep,27,270,40,2045-W40,2045-09-24,40,2045-W40,2045-09-25,Non-Holiday,Weekday
7211,2045-09-28,7211,237,Thursday,September,2045,2045-Sep,28,271,40,2045-W40,2045-09-24,40,2045-W40,2045-09-25,Non-Holiday,Weekday
7212,2045-09-29,7212,237,Friday,September,2045,2045-Sep,29,272,40,2045-W40,2045-09-24,40,2045-W40,2045-09-25,Non-Holiday,Weekday
7213,2045-09-30,7213,237,Saturday,September,2045,2045-Sep,30,273,40,2045-W40,2045-09-24,40,2045-W40,2045-09-25,Non-Holiday,Weekend
7214,2045-10-01,7214,238,Sunday,October,2045,2045-Oct,1,274,41,2045-W41,2045-09-24,40,2045-W40,2045-09-25,Non-Holiday,Weekend
7215,2045-10-02,7215,238,Monday,October,2045,2045-Oct,2,275,41,2045-W41,2045-10-01,41,2045-W41,2045-10-02,Non-Holiday,Weekday
7216,2045-10-03,7216,238,Tuesday,October,2045,2045-Oct,3,276,41,2045-W41,2045-10-01,41,2045-W41,2045-10-02,Non-Holiday,Weekday
7217,2045-10-04,7217,238,Wednesday,October,2045,2045-Oct,4,277,41,2045-W41,2045-10-01,41,2045-W41,2045-10-02,Non-Holiday,Weekday
7218,2045-10-05,7218,238,Thursday,October,2045,2045-Oct,5,278,41,2045-W41,2045-10-01,41,2045-W41,2045-10-02,Non-Holiday,Weekday
7219,2045-10-06,7219,238,Friday,October,2045,2045-Oct,6,279,41,2045-W41,2045-10-01,41,2045-W41,2045-10-02,Non-Holiday,Weekday
7220,2045-10-07,7220,238,Saturday,October,2045,2045-Oct,7,280,41,2045-W41,2045-10-01,41,2045-W41,2045-10-02,Non-Holiday,Weekend
7221,2045-10-08,7221,238,Sunday,October,2045,2045-Oct,8,281,42,2045-W42,2045-10-01,41,2045-W41,2045-10-02,Non-Holiday,Weekend
7222,2045-10-09,7222,238,Monday,October,2045,2045-Oct,9,282,42,2045-W42,2045-10-08,42,2045-W42,2045-10-09,Non-Holiday,Weekday
7223,2045-10-10,7223,238,Tuesday,October,2045,2045-Oct,10,283,42,2045-W42,2045-10-08,42,2045-W42,2045-10-09,Non-Holiday,Weekday
7224,2045-10-11,7224,238,Wednesday,October,2045,2045-Oct,11,284,42,2045-W42,2045-10-08,42,2045-W42,2045-10-09,Non-Holiday,Weekday
7225,2045-10-12,7225,238,Thursday,October,2045,2045-Oct,12,285,42,2045-W42,2045-10-08,42,2045-W42,2045-10-09,Non-Holiday,Weekday
7226,2045-10-13,7226,238,Friday,October,2045,2045-Oct,13,286,42,2045-W42,2045-10-08,42,2045-W42,2045-10-09,Non-Holiday,Weekday
7227,2045-10-14,7227,238,Saturday,October,2045,2045-Oct,14,287,42,2045-W42,2045-10-08,42,2045-W42,2045-10-09,Non-Holiday,Weekend
7228,2045-10-15,7228,238,Sunday,October,2045,2045-Oct,15,288,43,2045-W43,2045-10-08,42,2045-W42,2045-10-09,Non-Holiday,Weekend
7229,2045-10-16,7229,238,Monday,October,2045,2045-Oct,16,289,43,2045-W43,2045-10-15,43,2045-W43,2045-10-16,Non-Holiday,Weekday
7230,2045-10-17,7230,238,Tuesday,October,2045,2045-Oct,17,290,43,2045-W43,2045-10-15,43,2045-W43,2045-10-16,Non-Holiday,Weekday
7231,2045-10-18,7231,238,Wednesday,October,2045,2045-Oct,18,291,43,2045-W43,2045-10-15,43,2045-W43,2045-10-16,Non-Holiday,Weekday
7232,2045-10-19,7232,238,Thursday,October,2045,2045-Oct,19,292,43,2045-W43,2045-10-15,43,2045-W43,2045-10-16,Non-Holiday,Weekday
7233,2045-10-20,7233,238,Friday,October,2045,2045-Oct,20,293,43,2045-W43,2045-10-15,43,2045-W43,2045-10-16,Non-Holiday,Weekday
7234,2045-10-21,7234,238,Saturday,October,2045,2045-Oct,21,294,43,2045-W43,2045-10-15,43,2045-W43,2045-10-16,Non-Holiday,Weekend
7235,2045-10-22,7235,238,Sunday,October,2045,2045-Oct,22,295,44,2045-W44,2045-10-15,43,2045-W43,2045-10-16,Non-Holiday,Weekend
7236,2045-10-23,7236,238,Monday,October,2045,2045-Oct,23,296,44,2045-W44,2045-10-22,44,2045-W44,2045-10-23,Non-Holiday,Weekday
7237,2045-10-24,7237,238,Tuesday,October,2045,2045-Oct,24,297,44,2045-W44,2045-10-22,44,2045-W44,2045-10-23,Non-Holiday,Weekday
7238,2045-10-25,7238,238,Wednesday,October,2045,2045-Oct,25,298,44,2045-W44,2045-10-22,44,2045-W44,2045-10-23,Non-Holiday,Weekday
7239,2045-10-26,7239,238,Thursday,October,2045,2045-Oct,26,299,44,2045-W44,2045-10-22,44,2045-W44,2045-10-23,Non-Holiday,Weekday
7240,2045-10-27,7240,238,Friday,October,2045,2045-Oct,27,300,44,2045-W44,2045-10-22,44,2045-W44,2045-10-23,Non-Holiday,Weekday
7241,2045-10-28,7241,238,Saturday,October,2045,2045-Oct,28,301,44,2045-W44,2045-10-22,44,2045-W44,2045-10-23,Non-Holiday,Weekend
7242,2045-10-29,7242,238,Sunday,October,2045,2045-Oct,29,302,45,2045-W45,2045-10-22,44,2045-W44,2045-10-23,Non-Holiday,Weekend
7243,2045-10-30,7243,238,Monday,October,2045,2045-Oct,30,303,45,2045-W45,2045-10-29,45,2045-W45,2045-10-30,Non-Holiday,Weekday
7244,2045-10-31,7244,238,Tuesday,October,2045,2045-Oct,31,304,45,2045-W45,2045-10-29,45,2045-W45,2045-10-30,Non-Holiday,Weekday
7245,2045-11-01,7245,239,Wednesday,November,2045,2045-Nov,1,305,45,2045-W45,2045-10-29,45,2045-W45,2045-10-30,Non-Holiday,Weekday
7246,2045-11-02,7246,239,Thursday,November,2045,2045-Nov,2,306,45,2045-W45,2045-10-29,45,2045-W45,2045-10-30,Non-Holiday,Weekday
7247,2045-11-03,7247,239,Friday,November,2045,2045-Nov,3,307,45,2045-W45,2045-10-29,45,2045-W45,2045-10-30,Non-Holiday,Weekday
7248,2045-11-04,7248,239,Saturday,November,2045,2045-Nov,4,308,45,2045-W45,2045-10-29,45,2045-W45,2045-10-30,Non-Holiday,Weekend
7249,2045-11-05,7249,239,Sunday,November,2045,2045-Nov,5,309,46,2045-W46,2045-10-29,45,2045-W45,2045-10-30,Non-Holiday,Weekend
7250,2045-11-06,7250,239,Monday,November,2045,2045-Nov,6,310,46,2045-W46,2045-11-05,46,2045-W46,2045-11-06,Non-Holiday,Weekday
7251,2045-11-07,7251,239,Tuesday,November,2045,2045-Nov,7,311,46,2045-W46,2045-11-05,46,2045-W46,2045-11-06,Non-Holiday,Weekday
7252,2045-11-08,7252,239,Wednesday,November,2045,2045-Nov,8,312,46,2045-W46,2045-11-05,46,2045-W46,2045-11-06,Non-Holiday,Weekday
7253,2045-11-09,7253,239,Thursday,November,2045,2045-Nov,9,313,46,2045-W46,2045-11-05,46,2045-W46,2045-11-06,Non-Holiday,Weekday
7254,2045-11-10,7254,239,Friday,November,2045,2045-Nov,10,314,46,2045-W46,2045-11-05,46,2045-W46,2045-11-06,Non-Holiday,Weekday
7255,2045-11-11,7255,239,Saturday,November,2045,2045-Nov,11,315,46,2045-W46,2045-11-05,46,2045-W46,2045-11-06,Non-Holiday,Weekend
7256,2045-11-12,7256,239,Sunday,November,2045,2045-Nov,12,316,47,2045-W47,2045-11-05,46,2045-W46,2045-11-06,Non-Holiday,Weekend
7257,2045-11-13,7257,239,Monday,November,2045,2045-Nov,13,317,47,2045-W47,2045-11-12,47,2045-W47,2045-11-13,Non-Holiday,Weekday
7258,2045-11-14,7258,239,Tuesday,November,2045,2045-Nov,14,318,47,2045-W47,2045-11-12,47,2045-W47,2045-11-13,Non-Holiday,Weekday
7259,2045-11-15,7259,239,Wednesday,November,2045,2045-Nov,15,319,47,2045-W47,2045-11-12,47,2045-W47,2045-11-13,Non-Holiday,Weekday
7260,2045-11-16,7260,239,Thursday,November,2045,2045-Nov,16,320,47,2045-W47,2045-11-12,47,2045-W47,2045-11-13,Non-Holiday,Weekday
7261,2045-11-17,7261,239,Friday,November,2045,2045-Nov,17,321,47,2045-W47,2045-11-12,47,2045-W47,2045-11-13,Non-Holiday,Weekday
7262,2045-11-18,7262,239,Saturday,November,2045,2045-Nov,18,322,47,2045-W47,2045-11-12,47,2045-W47,2045-11-13,Non-Holiday,Weekend
7263,2045-11-19,7263,239,Sunday,November,2045,2045-Nov,19,323,48,2045-W48,2045-11-12,47,2045-W47,2045-11-13,Non-Holiday,Weekend
7264,2045-11-20,7264,239,Monday,November,2045,2045-Nov,20,324,48,2045-W48,2045-11-19,48,2045-W48,2045-11-20,Non-Holiday,Weekday
7265,2045-11-21,7265,239,Tuesday,November,2045,2045-Nov,21,325,48,2045-W48,2045-11-19,48,2045-W48,2045-11-20,Non-Holiday,Weekday
7266,2045-11-22,7266,239,Wednesday,November,2045,2045-Nov,22,326,48,2045-W48,2045-11-19,48,2045-W48,2045-11-20,Non-Holiday,Weekday
7267,2045-11-23,7267,239,Thursday,November,2045,2045-Nov,23,327,48,2045-W48,2045-11-19,48,2045-W48,2045-11-20,Non-Holiday,Weekday
7268,2045-11-24,7268,239,Friday,November,2045,2045-Nov,24,328,48,2045-W48,2045-11-19,48,2045-W48,2045-11-20,Non-Holiday,Weekday
7269,2045-11-25,7269,239,Saturday,November,2045,2045-Nov,25,329,48,2045-W48,2045-11-19,48,2045-W48,2045-11-20,Non-Holiday,Weekend
7270,2045-11-26,7270,239,Sunday,November,2045,2045-Nov,26,330,49,2045-W49,2045-11-19,48,2045-W48,2045-11-20,Non-Holiday,Weekend
7271,2045-11-27,7271,239,Monday,November,2045,2045-Nov,27,331,49,2045-W49,2045-11-26,49,2045-W49,2045-11-27,Non-Holiday,Weekday
7272,2045-11-28,7272,239,Tuesday,November,2045,2045-Nov,28,332,49,2045-W49,2045-11-26,49,2045-W49,2045-11-27,Non-Holiday,Weekday
7273,2045-11-29,7273,239,Wednesday,November,2045,2045-Nov,29,333,49,2045-W49,2045-11-26,49,2045-W49,2045-11-27,Non-Holiday,Weekday
7274,2045-11-30,7274,239,Thursday,November,2045,2045-Nov,30,334,49,2045-W49,2045-11-26,49,2045-W49,2045-11-27,Non-Holiday,Weekday
7275,2045-12-01,7275,240,Friday,December,2045,2045-Dec,1,335,49,2045-W49,2045-11-26,49,2045-W49,2045-11-27,Non-Holiday,Weekday
7276,2045-12-02,7276,240,Saturday,December,2045,2045-Dec,2,336,49,2045-W49,2045-11-26,49,2045-W49,2045-11-27,Non-Holiday,Weekend
7277,2045-12-03,7277,240,Sunday,December,2045,2045-Dec,3,337,50,2045-W50,2045-11-26,49,2045-W49,2045-11-27,Non-Holiday,Weekend
7278,2045-12-04,7278,240,Monday,December,2045,2045-Dec,4,338,50,2045-W50,2045-12-03,50,2045-W50,2045-12-04,Non-Holiday,Weekday
7279,2045-12-05,7279,240,Tuesday,December,2045,2045-Dec,5,339,50,2045-W50,2045-12-03,50,2045-W50,2045-12-04,Non-Holiday,Weekday
7280,2045-12-06,7280,240,Wednesday,December,2045,2045-Dec,6,340,50,2045-W50,2045-12-03,50,2045-W50,2045-12-04,Non-Holiday,Weekday
7281,2045-12-07,7281,240,Thursday,December,2045,2045-Dec,7,341,50,2045-W50,2045-12-03,50,2045-W50,2045-12-04,Non-Holiday,Weekday
7282,2045-12-08,7282,240,Friday,December,2045,2045-Dec,8,342,50,2045-W50,2045-12-03,50,2045-W50,2045-12-04,Non-Holiday,Weekday
7283,2045-12-09,7283,240,Saturday,December,2045,2045-Dec,9,343,50,2045-W50,2045-12-03,50,2045-W50,2045-12-04,Non-Holiday,Weekend
7284,2045-12-10,7284,240,Sunday,December,2045,2045-Dec,10,344,51,2045-W51,2045-12-03,50,2045-W50,2045-12-04,Non-Holiday,Weekend
7285,2045-12-11,7285,240,Monday,December,2045,2045-Dec,11,345,51,2045-W51,2045-12-10,51,2045-W51,2045-12-11,Non-Holiday,Weekday
7286,2045-12-12,7286,240,Tuesday,December,2045,2045-Dec,12,346,51,2045-W51,2045-12-10,51,2045-W51,2045-12-11,Non-Holiday,Weekday
7287,2045-12-13,7287,240,Wednesday,December,2045,2045-Dec,13,347,51,2045-W51,2045-12-10,51,2045-W51,2045-12-11,Non-Holiday,Weekday
7288,2045-12-14,7288,240,Thursday,December,2045,2045-Dec,14,348,51,2045-W51,2045-12-10,51,2045-W51,2045-12-11,Non-Holiday,Weekday
7289,2045-12-15,7289,240,Friday,December,2045,2045-Dec,15,349,51,2045-W51,2045-12-10,51,2045-W51,2045-12-11,Non-Holiday,Weekday
7290,2045-12-16,7290,240,Saturday,December,2045,2045-Dec,16,350,51,2045-W51,2045-12-10,51,2045-W51,2045-12-11,Non-Holiday,Weekend
7291,2045-12-17,7291,240,Sunday,December,2045,2045-Dec,17,351,52,2045-W52,2045-12-10,51,2045-W51,2045-12-11,Non-Holiday,Weekend
7292,2045-12-18,7292,240,Monday,December,2045,2045-Dec,18,352,52,2045-W52,2045-12-17,52,2045-W52,2045-12-18,Non-Holiday,Weekday
7293,2045-12-19,7293,240,Tuesday,December,2045,2045-Dec,19,353,52,2045-W52,2045-12-17,52,2045-W52,2045-12-18,Non-Holiday,Weekday
7294,2045-12-20,7294,240,Wednesday,December,2045,2045-Dec,20,354,52,2045-W52,2045-12-17,52,2045-W52,2045-12-18,Non-Holiday,Weekday
7295,2045-12-21,7295,240,Thursday,December,2045,2045-Dec,21,355,52,2045-W52,2045-12-17,52,2045-W52,2045-12-18,Non-Holiday,Weekday
7296,2045-12-22,7296,240,Friday,December,2045,2045-Dec,22,356,52,2045-W52,2045-12-17,52,2045-W52,2045-12-18,Non-Holiday,Weekday
7297,2045-12-23,7297,240,Saturday,December,2045,2045-Dec,23,357,52,2045-W52,2045-12-17,52,2045-W52,2045-12-18,Non-Holiday,Weekend
7298,2045-12-24,7298,240,Sunday,December,2045,2045-Dec,24,358,53,2045-W53,2045-12-17,52,2045-W52,2045-12-18,Non-Holiday,Weekend
7299,2045-12-25,7299,240,Monday,December,2045,2045-Dec,25,359,53,2045-W53,2045-12-24,53,2045-W53,2045-12-25,Non-Holiday,Weekday
7300,2045-12-26,7300,240,Tuesday,December,2045,2045-Dec,26,360,53,2045-W53,2045-12-24,53,2045-W53,2045-12-25,Non-Holiday,Weekday
7301,2045-12-27,7301,240,Wednesday,December,2045,2045-Dec,27,361,53,2045-W53,2045-12-24,53,2045-W53,2045-12-25,Non-Holiday,Weekday
7302,2045-12-28,7302,240,Thursday,December,2045,2045-Dec,28,362,53,2045-W53,2045-12-24,53,2045-W53,2045-12-25,Non-Holiday,Weekday
7303,2045-12-29,7303,240,Friday,December,2045,2045-Dec,29,363,53,2045-W53,2045-12-24,53,2045-W53,2045-12-25,Non-Holiday,Weekday
7304,2045-12-30,7304,240,Saturday,December,2045,2045-Dec,30,364,53,2045-W53,2045-12-24,53,2045-W53,2045-12-25,Non-Holiday,Weekend
7305,2045-12-31,7305,240,Sunday,December,2045,2045-Dec,31,365,54,2045-W54,2045-12-24,53,2045-W53,2045-12-25,Non-Holiday,Weekend
7306,2046-01-01,7306,241,Monday,January,2046,2046-Jan,1,1,1,2046-W01,2045-12-31,2,2046-W02,2046-01-01,Non-Holiday,Weekday
7307,2046-01-02,7307,241,Tuesday,January,2046,2046-Jan,2,2,1,2046-W01,2045-12-31,2,2046-W02,2046-01-01,Non-Holiday,Weekday
7308,2046-01-03,7308,241,Wednesday,January,2046,2046-Jan,3,3,1,2046-W01,2045-12-31,2,2046-W02,2046-01-01,Non-Holiday,Weekday
7309,2046-01-04,7309,241,Thursday,January,2046,2046-Jan,4,4,1,2046-W01,2045-12-31,2,2046-W02,2046-01-01,Non-Holiday,Weekday
7310,2046-01-05,7310,241,Friday,January,2046,2046-Jan,5,5,1,2046-W01,2045-12-31,2,2046-W02,2046-01-01,Non-Holiday,Weekday
7311,2046-01-06,7311,241,Saturday,January,2046,2046-Jan,6,6,1,2046-W01,2045-12-31,2,2046-W02,2046-01-01,Non-Holiday,Weekend
7312,2046-01-07,7312,241,Sunday,January,2046,2046-Jan,7,7,2,2046-W02,2045-12-31,2,2046-W02,2046-01-01,Non-Holiday,Weekend
7313,2046-01-08,7313,241,Monday,January,2046,2046-Jan,8,8,2,2046-W02,2046-01-07,3,2046-W03,2046-01-08,Non-Holiday,Weekday
7314,2046-01-09,7314,241,Tuesday,January,2046,2046-Jan,9,9,2,2046-W02,2046-01-07,3,2046-W03,2046-01-08,Non-Holiday,Weekday
7315,2046-01-10,7315,241,Wednesday,January,2046,2046-Jan,10,10,2,2046-W02,2046-01-07,3,2046-W03,2046-01-08,Non-Holiday,Weekday
7316,2046-01-11,7316,241,Thursday,January,2046,2046-Jan,11,11,2,2046-W02,2046-01-07,3,2046-W03,2046-01-08,Non-Holiday,Weekday
7317,2046-01-12,7317,241,Friday,January,2046,2046-Jan,12,12,2,2046-W02,2046-01-07,3,2046-W03,2046-01-08,Non-Holiday,Weekday
7318,2046-01-13,7318,241,Saturday,January,2046,2046-Jan,13,13,2,2046-W02,2046-01-07,3,2046-W03,2046-01-08,Non-Holiday,Weekend
7319,2046-01-14,7319,241,Sunday,January,2046,2046-Jan,14,14,3,2046-W03,2046-01-07,3,2046-W03,2046-01-08,Non-Holiday,Weekend
7320,2046-01-15,7320,241,Monday,January,2046,2046-Jan,15,15,3,2046-W03,2046-01-14,4,2046-W04,2046-01-15,Non-Holiday,Weekday
7321,2046-01-16,7321,241,Tuesday,January,2046,2046-Jan,16,16,3,2046-W03,2046-01-14,4,2046-W04,2046-01-15,Non-Holiday,Weekday
7322,2046-01-17,7322,241,Wednesday,January,2046,2046-Jan,17,17,3,2046-W03,2046-01-14,4,2046-W04,2046-01-15,Non-Holiday,Weekday
7323,2046-01-18,7323,241,Thursday,January,2046,2046-Jan,18,18,3,2046-W03,2046-01-14,4,2046-W04,2046-01-15,Non-Holiday,Weekday
7324,2046-01-19,7324,241,Friday,January,2046,2046-Jan,19,19,3,2046-W03,2046-01-14,4,2046-W04,2046-01-15,Non-Holiday,Weekday
7325,2046-01-20,7325,241,Saturday,January,2046,2046-Jan,20,20,3,2046-W03,2046-01-14,4,2046-W04,2046-01-15,Non-Holiday,Weekend
7326,2046-01-21,7326,241,Sunday,January,2046,2046-Jan,21,21,4,2046-W04,2046-01-14,4,2046-W04,2046-01-15,Non-Holiday,Weekend
7327,2046-01-22,7327,241,Monday,January,2046,2046-Jan,22,22,4,2046-W04,2046-01-21,5,2046-W05,2046-01-22,Non-Holiday,Weekday
7328,2046-01-23,7328,241,Tuesday,January,2046,2046-Jan,23,23,4,2046-W04,2046-01-21,5,2046-W05,2046-01-22,Non-Holiday,Weekday
7329,2046-01-24,7329,241,Wednesday,January,2046,2046-Jan,24,24,4,2046-W04,2046-01-21,5,2046-W05,2046-01-22,Non-Holiday,Weekday
7330,2046-01-25,7330,241,Thursday,January,2046,2046-Jan,25,25,4,2046-W04,2046-01-21,5,2046-W05,2046-01-22,Non-Holiday,Weekday
7331,2046-01-26,7331,241,Friday,January,2046,2046-Jan,26,26,4,2046-W04,2046-01-21,5,2046-W05,2046-01-22,Non-Holiday,Weekday
7332,2046-01-27,7332,241,Saturday,January,2046,2046-Jan,27,27,4,2046-W04,2046-01-21,5,2046-W05,2046-01-22,Non-Holiday,Weekend
7333,2046-01-28,7333,241,Sunday,January,2046,2046-Jan,28,28,5,2046-W05,2046-01-21,5,2046-W05,2046-01-22,Non-Holiday,Weekend
7334,2046-01-29,7334,241,Monday,January,2046,2046-Jan,29,29,5,2046-W05,2046-01-28,6,2046-W06,2046-01-29,Non-Holiday,Weekday
7335,2046-01-30,7335,241,Tuesday,January,2046,2046-Jan,30,30,5,2046-W05,2046-01-28,6,2046-W06,2046-01-29,Non-Holiday,Weekday
7336,2046-01-31,7336,241,Wednesday,January,2046,2046-Jan,31,31,5,2046-W05,2046-01-28,6,2046-W06,2046-01-29,Non-Holiday,Weekday
7337,2046-02-01,7337,242,Thursday,February,2046,2046-Feb,1,32,5,2046-W05,2046-01-28,6,2046-W06,2046-01-29,Non-Holiday,Weekday
7338,2046-02-02,7338,242,Friday,February,2046,2046-Feb,2,33,5,2046-W05,2046-01-28,6,2046-W06,2046-01-29,Non-Holiday,Weekday
7339,2046-02-03,7339,242,Saturday,February,2046,2046-Feb,3,34,5,2046-W05,2046-01-28,6,2046-W06,2046-01-29,Non-Holiday,Weekend
7340,2046-02-04,7340,242,Sunday,February,2046,2046-Feb,4,35,6,2046-W06,2046-01-28,6,2046-W06,2046-01-29,Non-Holiday,Weekend
7341,2046-02-05,7341,242,Monday,February,2046,2046-Feb,5,36,6,2046-W06,2046-02-04,7,2046-W07,2046-02-05,Non-Holiday,Weekday
7342,2046-02-06,7342,242,Tuesday,February,2046,2046-Feb,6,37,6,2046-W06,2046-02-04,7,2046-W07,2046-02-05,Non-Holiday,Weekday
7343,2046-02-07,7343,242,Wednesday,February,2046,2046-Feb,7,38,6,2046-W06,2046-02-04,7,2046-W07,2046-02-05,Non-Holiday,Weekday
7344,2046-02-08,7344,242,Thursday,February,2046,2046-Feb,8,39,6,2046-W06,2046-02-04,7,2046-W07,2046-02-05,Non-Holiday,Weekday
7345,2046-02-09,7345,242,Friday,February,2046,2046-Feb,9,40,6,2046-W06,2046-02-04,7,2046-W07,2046-02-05,Non-Holiday,Weekday
7346,2046-02-10,7346,242,Saturday,February,2046,2046-Feb,10,41,6,2046-W06,2046-02-04,7,2046-W07,2046-02-05,Non-Holiday,Weekend
7347,2046-02-11,7347,242,Sunday,February,2046,2046-Feb,11,42,7,2046-W07,2046-02-04,7,2046-W07,2046-02-05,Non-Holiday,Weekend
7348,2046-02-12,7348,242,Monday,February,2046,2046-Feb,12,43,7,2046-W07,2046-02-11,8,2046-W08,2046-02-12,Non-Holiday,Weekday
7349,2046-02-13,7349,242,Tuesday,February,2046,2046-Feb,13,44,7,2046-W07,2046-02-11,8,2046-W08,2046-02-12,Non-Holiday,Weekday
7350,2046-02-14,7350,242,Wednesday,February,2046,2046-Feb,14,45,7,2046-W07,2046-02-11,8,2046-W08,2046-02-12,Non-Holiday,Weekday
7351,2046-02-15,7351,242,Thursday,February,2046,2046-Feb,15,46,7,2046-W07,2046-02-11,8,2046-W08,2046-02-12,Non-Holiday,Weekday
7352,2046-02-16,7352,242,Friday,February,2046,2046-Feb,16,47,7,2046-W07,2046-02-11,8,2046-W08,2046-02-12,Non-Holiday,Weekday
7353,2046-02-17,7353,242,Saturday,February,2046,2046-Feb,17,48,7,2046-W07,2046-02-11,8,2046-W08,2046-02-12,Non-Holiday,Weekend
7354,2046-02-18,7354,242,Sunday,February,2046,2046-Feb,18,49,8,2046-W08,2046-02-11,8,2046-W08,2046-02-12,Non-Holiday,Weekend
7355,2046-02-19,7355,242,Monday,February,2046,2046-Feb,19,50,8,2046-W08,2046-02-18,9,2046-W09,2046-02-19,Non-Holiday,Weekday
7356,2046-02-20,7356,242,Tuesday,February,2046,2046-Feb,20,51,8,2046-W08,2046-02-18,9,2046-W09,2046-02-19,Non-Holiday,Weekday
7357,2046-02-21,7357,242,Wednesday,February,2046,2046-Feb,21,52,8,2046-W08,2046-02-18,9,2046-W09,2046-02-19,Non-Holiday,Weekday
7358,2046-02-22,7358,242,Thursday,February,2046,2046-Feb,22,53,8,2046-W08,2046-02-18,9,2046-W09,2046-02-19,Non-Holiday,Weekday
7359,2046-02-23,7359,242,Friday,February,2046,2046-Feb,23,54,8,2046-W08,2046-02-18,9,2046-W09,2046-02-19,Non-Holiday,Weekday
7360,2046-02-24,7360,242,Saturday,February,2046,2046-Feb,24,55,8,2046-W08,2046-02-18,9,2046-W09,2046-02-19,Non-Holiday,Weekend
7361,2046-02-25,7361,242,Sunday,February,2046,2046-Feb,25,56,9,2046-W09,2046-02-18,9,2046-W09,2046-02-19,Non-Holiday,Weekend
7362,2046-02-26,7362,242,Monday,February,2046,2046-Feb,26,57,9,2046-W09,2046-02-25,10,2046-W10,2046-02-26,Non-Holiday,Weekday
7363,2046-02-27,7363,242,Tuesday,February,2046,2046-Feb,27,58,9,2046-W09,2046-02-25,10,2046-W10,2046-02-26,Non-Holiday,Weekday
7364,2046-02-28,7364,242,Wednesday,February,2046,2046-Feb,28,59,9,2046-W09,2046-02-25,10,2046-W10,2046-02-26,Non-Holiday,Weekday
7365,2046-03-01,7365,243,Thursday,March,2046,2046-Mar,1,60,9,2046-W09,2046-02-25,10,2046-W10,2046-02-26,Non-Holiday,Weekday
7366,2046-03-02,7366,243,Friday,March,2046,2046-Mar,2,61,9,2046-W09,2046-02-25,10,2046-W10,2046-02-26,Non-Holiday,Weekday
7367,2046-03-03,7367,243,Saturday,March,2046,2046-Mar,3,62,9,2046-W09,2046-02-25,10,2046-W10,2046-02-26,Non-Holiday,Weekend
7368,2046-03-04,7368,243,Sunday,March,2046,2046-Mar,4,63,10,2046-W10,2046-02-25,10,2046-W10,2046-02-26,Non-Holiday,Weekend
7369,2046-03-05,7369,243,Monday,March,2046,2046-Mar,5,64,10,2046-W10,2046-03-04,11,2046-W11,2046-03-05,Non-Holiday,Weekday
7370,2046-03-06,7370,243,Tuesday,March,2046,2046-Mar,6,65,10,2046-W10,2046-03-04,11,2046-W11,2046-03-05,Non-Holiday,Weekday
7371,2046-03-07,7371,243,Wednesday,March,2046,2046-Mar,7,66,10,2046-W10,2046-03-04,11,2046-W11,2046-03-05,Non-Holiday,Weekday
7372,2046-03-08,7372,243,Thursday,March,2046,2046-Mar,8,67,10,2046-W10,2046-03-04,11,2046-W11,2046-03-05,Non-Holiday,Weekday
7373,2046-03-09,7373,243,Friday,March,2046,2046-Mar,9,68,10,2046-W10,2046-03-04,11,2046-W11,2046-03-05,Non-Holiday,Weekday
7374,2046-03-10,7374,243,Saturday,March,2046,2046-Mar,10,69,10,2046-W10,2046-03-04,11,2046-W11,2046-03-05,Non-Holiday,Weekend
7375,2046-03-11,7375,243,Sunday,March,2046,2046-Mar,11,70,11,2046-W11,2046-03-04,11,2046-W11,2046-03-05,Non-Holiday,Weekend
7376,2046-03-12,7376,243,Monday,March,2046,2046-Mar,12,71,11,2046-W11,2046-03-11,12,2046-W12,2046-03-12,Non-Holiday,Weekday
7377,2046-03-13,7377,243,Tuesday,March,2046,2046-Mar,13,72,11,2046-W11,2046-03-11,12,2046-W12,2046-03-12,Non-Holiday,Weekday
7378,2046-03-14,7378,243,Wednesday,March,2046,2046-Mar,14,73,11,2046-W11,2046-03-11,12,2046-W12,2046-03-12,Non-Holiday,Weekday
7379,2046-03-15,7379,243,Thursday,March,2046,2046-Mar,15,74,11,2046-W11,2046-03-11,12,2046-W12,2046-03-12,Non-Holiday,Weekday
7380,2046-03-16,7380,243,Friday,March,2046,2046-Mar,16,75,11,2046-W11,2046-03-11,12,2046-W12,2046-03-12,Non-Holiday,Weekday
7381,2046-03-17,7381,243,Saturday,March,2046,2046-Mar,17,76,11,2046-W11,2046-03-11,12,2046-W12,2046-03-12,Non-Holiday,Weekend
7382,2046-03-18,7382,243,Sunday,March,2046,2046-Mar,18,77,12,2046-W12,2046-03-11,12,2046-W12,2046-03-12,Non-Holiday,Weekend
7383,2046-03-19,7383,243,Monday,March,2046,2046-Mar,19,78,12,2046-W12,2046-03-18,13,2046-W13,2046-03-19,Non-Holiday,Weekday
7384,2046-03-20,7384,243,Tuesday,March,2046,2046-Mar,20,79,12,2046-W12,2046-03-18,13,2046-W13,2046-03-19,Non-Holiday,Weekday
7385,2046-03-21,7385,243,Wednesday,March,2046,2046-Mar,21,80,12,2046-W12,2046-03-18,13,2046-W13,2046-03-19,Non-Holiday,Weekday
7386,2046-03-22,7386,243,Thursday,March,2046,2046-Mar,22,81,12,2046-W12,2046-03-18,13,2046-W13,2046-03-19,Non-Holiday,Weekday
7387,2046-03-23,7387,243,Friday,March,2046,2046-Mar,23,82,12,2046-W12,2046-03-18,13,2046-W13,2046-03-19,Non-Holiday,Weekday
7388,2046-03-24,7388,243,Saturday,March,2046,2046-Mar,24,83,12,2046-W12,2046-03-18,13,2046-W13,2046-03-19,Non-Holiday,Weekend
7389,2046-03-25,7389,243,Sunday,March,2046,2046-Mar,25,84,13,2046-W13,2046-03-18,13,2046-W13,2046-03-19,Non-Holiday,Weekend
7390,2046-03-26,7390,243,Monday,March,2046,2046-Mar,26,85,13,2046-W13,2046-03-25,14,2046-W14,2046-03-26,Non-Holiday,Weekday
7391,2046-03-27,7391,243,Tuesday,March,2046,2046-Mar,27,86,13,2046-W13,2046-03-25,14,2046-W14,2046-03-26,Non-Holiday,Weekday
7392,2046-03-28,7392,243,Wednesday,March,2046,2046-Mar,28,87,13,2046-W13,2046-03-25,14,2046-W14,2046-03-26,Non-Holiday,Weekday
7393,2046-03-29,7393,243,Thursday,March,2046,2046-Mar,29,88,13,2046-W13,2046-03-25,14,2046-W14,2046-03-26,Non-Holiday,Weekday
7394,2046-03-30,7394,243,Friday,March,2046,2046-Mar,30,89,13,2046-W13,2046-03-25,14,2046-W14,2046-03-26,Non-Holiday,Weekday
7395,2046-03-31,7395,243,Saturday,March,2046,2046-Mar,31,90,13,2046-W13,2046-03-25,14,2046-W14,2046-03-26,Non-Holiday,Weekend
7396,2046-04-01,7396,244,Sunday,April,2046,2046-Apr,1,91,14,2046-W14,2046-03-25,14,2046-W14,2046-03-26,Non-Holiday,Weekend
7397,2046-04-02,7397,244,Monday,April,2046,2046-Apr,2,92,14,2046-W14,2046-04-01,15,2046-W15,2046-04-02,Non-Holiday,Weekday
7398,2046-04-03,7398,244,Tuesday,April,2046,2046-Apr,3,93,14,2046-W14,2046-04-01,15,2046-W15,2046-04-02,Non-Holiday,Weekday
7399,2046-04-04,7399,244,Wednesday,April,2046,2046-Apr,4,94,14,2046-W14,2046-04-01,15,2046-W15,2046-04-02,Non-Holiday,Weekday
7400,2046-04-05,7400,244,Thursday,April,2046,2046-Apr,5,95,14,2046-W14,2046-04-01,15,2046-W15,2046-04-02,Non-Holiday,Weekday
7401,2046-04-06,7401,244,Friday,April,2046,2046-Apr,6,96,14,2046-W14,2046-04-01,15,2046-W15,2046-04-02,Non-Holiday,Weekday
7402,2046-04-07,7402,244,Saturday,April,2046,2046-Apr,7,97,14,2046-W14,2046-04-01,15,2046-W15,2046-04-02,Non-Holiday,Weekend
7403,2046-04-08,7403,244,Sunday,April,2046,2046-Apr,8,98,15,2046-W15,2046-04-01,15,2046-W15,2046-04-02,Non-Holiday,Weekend
7404,2046-04-09,7404,244,Monday,April,2046,2046-Apr,9,99,15,2046-W15,2046-04-08,16,2046-W16,2046-04-09,Non-Holiday,Weekday
7405,2046-04-10,7405,244,Tuesday,April,2046,2046-Apr,10,100,15,2046-W15,2046-04-08,16,2046-W16,2046-04-09,Non-Holiday,Weekday
7406,2046-04-11,7406,244,Wednesday,April,2046,2046-Apr,11,101,15,2046-W15,2046-04-08,16,2046-W16,2046-04-09,Non-Holiday,Weekday
7407,2046-04-12,7407,244,Thursday,April,2046,2046-Apr,12,102,15,2046-W15,2046-04-08,16,2046-W16,2046-04-09,Non-Holiday,Weekday
7408,2046-04-13,7408,244,Friday,April,2046,2046-Apr,13,103,15,2046-W15,2046-04-08,16,2046-W16,2046-04-09,Non-Holiday,Weekday
7409,2046-04-14,7409,244,Saturday,April,2046,2046-Apr,14,104,15,2046-W15,2046-04-08,16,2046-W16,2046-04-09,Non-Holiday,Weekend
7410,2046-04-15,7410,244,Sunday,April,2046,2046-Apr,15,105,16,2046-W16,2046-04-08,16,2046-W16,2046-04-09,Non-Holiday,Weekend
7411,2046-04-16,7411,244,Monday,April,2046,2046-Apr,16,106,16,2046-W16,2046-04-15,17,2046-W17,2046-04-16,Non-Holiday,Weekday
7412,2046-04-17,7412,244,Tuesday,April,2046,2046-Apr,17,107,16,2046-W16,2046-04-15,17,2046-W17,2046-04-16,Non-Holiday,Weekday
7413,2046-04-18,7413,244,Wednesday,April,2046,2046-Apr,18,108,16,2046-W16,2046-04-15,17,2046-W17,2046-04-16,Non-Holiday,Weekday
7414,2046-04-19,7414,244,Thursday,April,2046,2046-Apr,19,109,16,2046-W16,2046-04-15,17,2046-W17,2046-04-16,Non-Holiday,Weekday
7415,2046-04-20,7415,244,Friday,April,2046,2046-Apr,20,110,16,2046-W16,2046-04-15,17,2046-W17,2046-04-16,Non-Holiday,Weekday
7416,2046-04-21,7416,244,Saturday,April,2046,2046-Apr,21,111,16,2046-W16,2046-04-15,17,2046-W17,2046-04-16,Non-Holiday,Weekend
7417,2046-04-22,7417,244,Sunday,April,2046,2046-Apr,22,112,17,2046-W17,2046-04-15,17,2046-W17,2046-04-16,Non-Holiday,Weekend
7418,2046-04-23,7418,244,Monday,April,2046,2046-Apr,23,113,17,2046-W17,2046-04-22,18,2046-W18,2046-04-23,Non-Holiday,Weekday
7419,2046-04-24,7419,244,Tuesday,April,2046,2046-Apr,24,114,17,2046-W17,2046-04-22,18,2046-W18,2046-04-23,Non-Holiday,Weekday
7420,2046-04-25,7420,244,Wednesday,April,2046,2046-Apr,25,115,17,2046-W17,2046-04-22,18,2046-W18,2046-04-23,Non-Holiday,Weekday
7421,2046-04-26,7421,244,Thursday,April,2046,2046-Apr,26,116,17,2046-W17,2046-04-22,18,2046-W18,2046-04-23,Non-Holiday,Weekday
7422,2046-04-27,7422,244,Friday,April,2046,2046-Apr,27,117,17,2046-W17,2046-04-22,18,2046-W18,2046-04-23,Non-Holiday,Weekday
7423,2046-04-28,7423,244,Saturday,April,2046,2046-Apr,28,118,17,2046-W17,2046-04-22,18,2046-W18,2046-04-23,Non-Holiday,Weekend
7424,2046-04-29,7424,244,Sunday,April,2046,2046-Apr,29,119,18,2046-W18,2046-04-22,18,2046-W18,2046-04-23,Non-Holiday,Weekend
7425,2046-04-30,7425,244,Monday,April,2046,2046-Apr,30,120,18,2046-W18,2046-04-29,19,2046-W19,2046-04-30,Non-Holiday,Weekday
7426,2046-05-01,7426,245,Tuesday,May,2046,2046-May,1,121,18,2046-W18,2046-04-29,19,2046-W19,2046-04-30,Non-Holiday,Weekday
7427,2046-05-02,7427,245,Wednesday,May,2046,2046-May,2,122,18,2046-W18,2046-04-29,19,2046-W19,2046-04-30,Non-Holiday,Weekday
7428,2046-05-03,7428,245,Thursday,May,2046,2046-May,3,123,18,2046-W18,2046-04-29,19,2046-W19,2046-04-30,Non-Holiday,Weekday
7429,2046-05-04,7429,245,Friday,May,2046,2046-May,4,124,18,2046-W18,2046-04-29,19,2046-W19,2046-04-30,Non-Holiday,Weekday
7430,2046-05-05,7430,245,Saturday,May,2046,2046-May,5,125,18,2046-W18,2046-04-29,19,2046-W19,2046-04-30,Non-Holiday,Weekend
7431,2046-05-06,7431,245,Sunday,May,2046,2046-May,6,126,19,2046-W19,2046-04-29,19,2046-W19,2046-04-30,Non-Holiday,Weekend
7432,2046-05-07,7432,245,Monday,May,2046,2046-May,7,127,19,2046-W19,2046-05-06,20,2046-W20,2046-05-07,Non-Holiday,Weekday
7433,2046-05-08,7433,245,Tuesday,May,2046,2046-May,8,128,19,2046-W19,2046-05-06,20,2046-W20,2046-05-07,Non-Holiday,Weekday
7434,2046-05-09,7434,245,Wednesday,May,2046,2046-May,9,129,19,2046-W19,2046-05-06,20,2046-W20,2046-05-07,Non-Holiday,Weekday
7435,2046-05-10,7435,245,Thursday,May,2046,2046-May,10,130,19,2046-W19,2046-05-06,20,2046-W20,2046-05-07,Non-Holiday,Weekday
7436,2046-05-11,7436,245,Friday,May,2046,2046-May,11,131,19,2046-W19,2046-05-06,20,2046-W20,2046-05-07,Non-Holiday,Weekday
7437,2046-05-12,7437,245,Saturday,May,2046,2046-May,12,132,19,2046-W19,2046-05-06,20,2046-W20,2046-05-07,Non-Holiday,Weekend
7438,2046-05-13,7438,245,Sunday,May,2046,2046-May,13,133,20,2046-W20,2046-05-06,20,2046-W20,2046-05-07,Non-Holiday,Weekend
7439,2046-05-14,7439,245,Monday,May,2046,2046-May,14,134,20,2046-W20,2046-05-13,21,2046-W21,2046-05-14,Non-Holiday,Weekday
7440,2046-05-15,7440,245,Tuesday,May,2046,2046-May,15,135,20,2046-W20,2046-05-13,21,2046-W21,2046-05-14,Non-Holiday,Weekday
7441,2046-05-16,7441,245,Wednesday,May,2046,2046-May,16,136,20,2046-W20,2046-05-13,21,2046-W21,2046-05-14,Non-Holiday,Weekday
7442,2046-05-17,7442,245,Thursday,May,2046,2046-May,17,137,20,2046-W20,2046-05-13,21,2046-W21,2046-05-14,Non-Holiday,Weekday
7443,2046-05-18,7443,245,Friday,May,2046,2046-May,18,138,20,2046-W20,2046-05-13,21,2046-W21,2046-05-14,Non-Holiday,Weekday
7444,2046-05-19,7444,245,Saturday,May,2046,2046-May,19,139,20,2046-W20,2046-05-13,21,2046-W21,2046-05-14,Non-Holiday,Weekend
7445,2046-05-20,7445,245,Sunday,May,2046,2046-May,20,140,21,2046-W21,2046-05-13,21,2046-W21,2046-05-14,Non-Holiday,Weekend
7446,2046-05-21,7446,245,Monday,May,2046,2046-May,21,141,21,2046-W21,2046-05-20,22,2046-W22,2046-05-21,Non-Holiday,Weekday
7447,2046-05-22,7447,245,Tuesday,May,2046,2046-May,22,142,21,2046-W21,2046-05-20,22,2046-W22,2046-05-21,Non-Holiday,Weekday
7448,2046-05-23,7448,245,Wednesday,May,2046,2046-May,23,143,21,2046-W21,2046-05-20,22,2046-W22,2046-05-21,Non-Holiday,Weekday
7449,2046-05-24,7449,245,Thursday,May,2046,2046-May,24,144,21,2046-W21,2046-05-20,22,2046-W22,2046-05-21,Non-Holiday,Weekday
7450,2046-05-25,7450,245,Friday,May,2046,2046-May,25,145,21,2046-W21,2046-05-20,22,2046-W22,2046-05-21,Non-Holiday,Weekday
7451,2046-05-26,7451,245,Saturday,May,2046,2046-May,26,146,21,2046-W21,2046-05-20,22,2046-W22,2046-05-21,Non-Holiday,Weekend
7452,2046-05-27,7452,245,Sunday,May,2046,2046-May,27,147,22,2046-W22,2046-05-20,22,2046-W22,2046-05-21,Non-Holiday,Weekend
7453,2046-05-28,7453,245,Monday,May,2046,2046-May,28,148,22,2046-W22,2046-05-27,23,2046-W23,2046-05-28,Non-Holiday,Weekday
7454,2046-05-29,7454,245,Tuesday,May,2046,2046-May,29,149,22,2046-W22,2046-05-27,23,2046-W23,2046-05-28,Non-Holiday,Weekday
7455,2046-05-30,7455,245,Wednesday,May,2046,2046-May,30,150,22,2046-W22,2046-05-27,23,2046-W23,2046-05-28,Non-Holiday,Weekday
7456,2046-05-31,7456,245,Thursday,May,2046,2046-May,31,151,22,2046-W22,2046-05-27,23,2046-W23,2046-05-28,Non-Holiday,Weekday
7457,2046-06-01,7457,246,Friday,June,2046,2046-Jun,1,152,22,2046-W22,2046-05-27,23,2046-W23,2046-05-28,Non-Holiday,Weekday
7458,2046-06-02,7458,246,Saturday,June,2046,2046-Jun,2,153,22,2046-W22,2046-05-27,23,2046-W23,2046-05-28,Non-Holiday,Weekend
7459,2046-06-03,7459,246,Sunday,June,2046,2046-Jun,3,154,23,2046-W23,2046-05-27,23,2046-W23,2046-05-28,Non-Holiday,Weekend
7460,2046-06-04,7460,246,Monday,June,2046,2046-Jun,4,155,23,2046-W23,2046-06-03,24,2046-W24,2046-06-04,Non-Holiday,Weekday
7461,2046-06-05,7461,246,Tuesday,June,2046,2046-Jun,5,156,23,2046-W23,2046-06-03,24,2046-W24,2046-06-04,Non-Holiday,Weekday
7462,2046-06-06,7462,246,Wednesday,June,2046,2046-Jun,6,157,23,2046-W23,2046-06-03,24,2046-W24,2046-06-04,Non-Holiday,Weekday
7463,2046-06-07,7463,246,Thursday,June,2046,2046-Jun,7,158,23,2046-W23,2046-06-03,24,2046-W24,2046-06-04,Non-Holiday,Weekday
7464,2046-06-08,7464,246,Friday,June,2046,2046-Jun,8,159,23,2046-W23,2046-06-03,24,2046-W24,2046-06-04,Non-Holiday,Weekday
7465,2046-06-09,7465,246,Saturday,June,2046,2046-Jun,9,160,23,2046-W23,2046-06-03,24,2046-W24,2046-06-04,Non-Holiday,Weekend
7466,2046-06-10,7466,246,Sunday,June,2046,2046-Jun,10,161,24,2046-W24,2046-06-03,24,2046-W24,2046-06-04,Non-Holiday,Weekend
7467,2046-06-11,7467,246,Monday,June,2046,2046-Jun,11,162,24,2046-W24,2046-06-10,25,2046-W25,2046-06-11,Non-Holiday,Weekday
7468,2046-06-12,7468,246,Tuesday,June,2046,2046-Jun,12,163,24,2046-W24,2046-06-10,25,2046-W25,2046-06-11,Non-Holiday,Weekday
7469,2046-06-13,7469,246,Wednesday,June,2046,2046-Jun,13,164,24,2046-W24,2046-06-10,25,2046-W25,2046-06-11,Non-Holiday,Weekday
7470,2046-06-14,7470,246,Thursday,June,2046,2046-Jun,14,165,24,2046-W24,2046-06-10,25,2046-W25,2046-06-11,Non-Holiday,Weekday
7471,2046-06-15,7471,246,Friday,June,2046,2046-Jun,15,166,24,2046-W24,2046-06-10,25,2046-W25,2046-06-11,Non-Holiday,Weekday
7472,2046-06-16,7472,246,Saturday,June,2046,2046-Jun,16,167,24,2046-W24,2046-06-10,25,2046-W25,2046-06-11,Non-Holiday,Weekend
7473,2046-06-17,7473,246,Sunday,June,2046,2046-Jun,17,168,25,2046-W25,2046-06-10,25,2046-W25,2046-06-11,Non-Holiday,Weekend
7474,2046-06-18,7474,246,Monday,June,2046,2046-Jun,18,169,25,2046-W25,2046-06-17,26,2046-W26,2046-06-18,Non-Holiday,Weekday
7475,2046-06-19,7475,246,Tuesday,June,2046,2046-Jun,19,170,25,2046-W25,2046-06-17,26,2046-W26,2046-06-18,Non-Holiday,Weekday
7476,2046-06-20,7476,246,Wednesday,June,2046,2046-Jun,20,171,25,2046-W25,2046-06-17,26,2046-W26,2046-06-18,Non-Holiday,Weekday
7477,2046-06-21,7477,246,Thursday,June,2046,2046-Jun,21,172,25,2046-W25,2046-06-17,26,2046-W26,2046-06-18,Non-Holiday,Weekday
7478,2046-06-22,7478,246,Friday,June,2046,2046-Jun,22,173,25,2046-W25,2046-06-17,26,2046-W26,2046-06-18,Non-Holiday,Weekday
7479,2046-06-23,7479,246,Saturday,June,2046,2046-Jun,23,174,25,2046-W25,2046-06-17,26,2046-W26,2046-06-18,Non-Holiday,Weekend
7480,2046-06-24,7480,246,Sunday,June,2046,2046-Jun,24,175,26,2046-W26,2046-06-17,26,2046-W26,2046-06-18,Non-Holiday,Weekend
7481,2046-06-25,7481,246,Monday,June,2046,2046-Jun,25,176,26,2046-W26,2046-06-24,27,2046-W27,2046-06-25,Non-Holiday,Weekday
7482,2046-06-26,7482,246,Tuesday,June,2046,2046-Jun,26,177,26,2046-W26,2046-06-24,27,2046-W27,2046-06-25,Non-Holiday,Weekday
7483,2046-06-27,7483,246,Wednesday,June,2046,2046-Jun,27,178,26,2046-W26,2046-06-24,27,2046-W27,2046-06-25,Non-Holiday,Weekday
7484,2046-06-28,7484,246,Thursday,June,2046,2046-Jun,28,179,26,2046-W26,2046-06-24,27,2046-W27,2046-06-25,Non-Holiday,Weekday
7485,2046-06-29,7485,246,Friday,June,2046,2046-Jun,29,180,26,2046-W26,2046-06-24,27,2046-W27,2046-06-25,Non-Holiday,Weekday
7486,2046-06-30,7486,246,Saturday,June,2046,2046-Jun,30,181,26,2046-W26,2046-06-24,27,2046-W27,2046-06-25,Non-Holiday,Weekend
7487,2046-07-01,7487,247,Sunday,July,2046,2046-Jul,1,182,27,2046-W27,2046-06-24,27,2046-W27,2046-06-25,Non-Holiday,Weekend
7488,2046-07-02,7488,247,Monday,July,2046,2046-Jul,2,183,27,2046-W27,2046-07-01,28,2046-W28,2046-07-02,Non-Holiday,Weekday
7489,2046-07-03,7489,247,Tuesday,July,2046,2046-Jul,3,184,27,2046-W27,2046-07-01,28,2046-W28,2046-07-02,Non-Holiday,Weekday
7490,2046-07-04,7490,247,Wednesday,July,2046,2046-Jul,4,185,27,2046-W27,2046-07-01,28,2046-W28,2046-07-02,Non-Holiday,Weekday
7491,2046-07-05,7491,247,Thursday,July,2046,2046-Jul,5,186,27,2046-W27,2046-07-01,28,2046-W28,2046-07-02,Non-Holiday,Weekday
7492,2046-07-06,7492,247,Friday,July,2046,2046-Jul,6,187,27,2046-W27,2046-07-01,28,2046-W28,2046-07-02,Non-Holiday,Weekday
7493,2046-07-07,7493,247,Saturday,July,2046,2046-Jul,7,188,27,2046-W27,2046-07-01,28,2046-W28,2046-07-02,Non-Holiday,Weekend
7494,2046-07-08,7494,247,Sunday,July,2046,2046-Jul,8,189,28,2046-W28,2046-07-01,28,2046-W28,2046-07-02,Non-Holiday,Weekend
7495,2046-07-09,7495,247,Monday,July,2046,2046-Jul,9,190,28,2046-W28,2046-07-08,29,2046-W29,2046-07-09,Non-Holiday,Weekday
7496,2046-07-10,7496,247,Tuesday,July,2046,2046-Jul,10,191,28,2046-W28,2046-07-08,29,2046-W29,2046-07-09,Non-Holiday,Weekday
7497,2046-07-11,7497,247,Wednesday,July,2046,2046-Jul,11,192,28,2046-W28,2046-07-08,29,2046-W29,2046-07-09,Non-Holiday,Weekday
7498,2046-07-12,7498,247,Thursday,July,2046,2046-Jul,12,193,28,2046-W28,2046-07-08,29,2046-W29,2046-07-09,Non-Holiday,Weekday
7499,2046-07-13,7499,247,Friday,July,2046,2046-Jul,13,194,28,2046-W28,2046-07-08,29,2046-W29,2046-07-09,Non-Holiday,Weekday
7500,2046-07-14,7500,247,Saturday,July,2046,2046-Jul,14,195,28,2046-W28,2046-07-08,29,2046-W29,2046-07-09,Non-Holiday,Weekend
7501,2046-07-15,7501,247,Sunday,July,2046,2046-Jul,15,196,29,2046-W29,2046-07-08,29,2046-W29,2046-07-09,Non-Holiday,Weekend
7502,2046-07-16,7502,247,Monday,July,2046,2046-Jul,16,197,29,2046-W29,2046-07-15,30,2046-W30,2046-07-16,Non-Holiday,Weekday
7503,2046-07-17,7503,247,Tuesday,July,2046,2046-Jul,17,198,29,2046-W29,2046-07-15,30,2046-W30,2046-07-16,Non-Holiday,Weekday
7504,2046-07-18,7504,247,Wednesday,July,2046,2046-Jul,18,199,29,2046-W29,2046-07-15,30,2046-W30,2046-07-16,Non-Holiday,Weekday
7505,2046-07-19,7505,247,Thursday,July,2046,2046-Jul,19,200,29,2046-W29,2046-07-15,30,2046-W30,2046-07-16,Non-Holiday,Weekday
7506,2046-07-20,7506,247,Friday,July,2046,2046-Jul,20,201,29,2046-W29,2046-07-15,30,2046-W30,2046-07-16,Non-Holiday,Weekday
7507,2046-07-21,7507,247,Saturday,July,2046,2046-Jul,21,202,29,2046-W29,2046-07-15,30,2046-W30,2046-07-16,Non-Holiday,Weekend
7508,2046-07-22,7508,247,Sunday,July,2046,2046-Jul,22,203,30,2046-W30,2046-07-15,30,2046-W30,2046-07-16,Non-Holiday,Weekend
7509,2046-07-23,7509,247,Monday,July,2046,2046-Jul,23,204,30,2046-W30,2046-07-22,31,2046-W31,2046-07-23,Non-Holiday,Weekday
7510,2046-07-24,7510,247,Tuesday,July,2046,2046-Jul,24,205,30,2046-W30,2046-07-22,31,2046-W31,2046-07-23,Non-Holiday,Weekday
7511,2046-07-25,7511,247,Wednesday,July,2046,2046-Jul,25,206,30,2046-W30,2046-07-22,31,2046-W31,2046-07-23,Non-Holiday,Weekday
7512,2046-07-26,7512,247,Thursday,July,2046,2046-Jul,26,207,30,2046-W30,2046-07-22,31,2046-W31,2046-07-23,Non-Holiday,Weekday
7513,2046-07-27,7513,247,Friday,July,2046,2046-Jul,27,208,30,2046-W30,2046-07-22,31,2046-W31,2046-07-23,Non-Holiday,Weekday
7514,2046-07-28,7514,247,Saturday,July,2046,2046-Jul,28,209,30,2046-W30,2046-07-22,31,2046-W31,2046-07-23,Non-Holiday,Weekend
7515,2046-07-29,7515,247,Sunday,July,2046,2046-Jul,29,210,31,2046-W31,2046-07-22,31,2046-W31,2046-07-23,Non-Holiday,Weekend
7516,2046-07-30,7516,247,Monday,July,2046,2046-Jul,30,211,31,2046-W31,2046-07-29,32,2046-W32,2046-07-30,Non-Holiday,Weekday
7517,2046-07-31,7517,247,Tuesday,July,2046,2046-Jul,31,212,31,2046-W31,2046-07-29,32,2046-W32,2046-07-30,Non-Holiday,Weekday
7518,2046-08-01,7518,248,Wednesday,August,2046,2046-Aug,1,213,31,2046-W31,2046-07-29,32,2046-W32,2046-07-30,Non-Holiday,Weekday
7519,2046-08-02,7519,248,Thursday,August,2046,2046-Aug,2,214,31,2046-W31,2046-07-29,32,2046-W32,2046-07-30,Non-Holiday,Weekday
7520,2046-08-03,7520,248,Friday,August,2046,2046-Aug,3,215,31,2046-W31,2046-07-29,32,2046-W32,2046-07-30,Non-Holiday,Weekday
7521,2046-08-04,7521,248,Saturday,August,2046,2046-Aug,4,216,31,2046-W31,2046-07-29,32,2046-W32,2046-07-30,Non-Holiday,Weekend
7522,2046-08-05,7522,248,Sunday,August,2046,2046-Aug,5,217,32,2046-W32,2046-07-29,32,2046-W32,2046-07-30,Non-Holiday,Weekend
7523,2046-08-06,7523,248,Monday,August,2046,2046-Aug,6,218,32,2046-W32,2046-08-05,33,2046-W33,2046-08-06,Non-Holiday,Weekday
7524,2046-08-07,7524,248,Tuesday,August,2046,2046-Aug,7,219,32,2046-W32,2046-08-05,33,2046-W33,2046-08-06,Non-Holiday,Weekday
7525,2046-08-08,7525,248,Wednesday,August,2046,2046-Aug,8,220,32,2046-W32,2046-08-05,33,2046-W33,2046-08-06,Non-Holiday,Weekday
7526,2046-08-09,7526,248,Thursday,August,2046,2046-Aug,9,221,32,2046-W32,2046-08-05,33,2046-W33,2046-08-06,Non-Holiday,Weekday
7527,2046-08-10,7527,248,Friday,August,2046,2046-Aug,10,222,32,2046-W32,2046-08-05,33,2046-W33,2046-08-06,Non-Holiday,Weekday
7528,2046-08-11,7528,248,Saturday,August,2046,2046-Aug,11,223,32,2046-W32,2046-08-05,33,2046-W33,2046-08-06,Non-Holiday,Weekend
7529,2046-08-12,7529,248,Sunday,August,2046,2046-Aug,12,224,33,2046-W33,2046-08-05,33,2046-W33,2046-08-06,Non-Holiday,Weekend
7530,2046-08-13,7530,248,Monday,August,2046,2046-Aug,13,225,33,2046-W33,2046-08-12,34,2046-W34,2046-08-13,Non-Holiday,Weekday
7531,2046-08-14,7531,248,Tuesday,August,2046,2046-Aug,14,226,33,2046-W33,2046-08-12,34,2046-W34,2046-08-13,Non-Holiday,Weekday
7532,2046-08-15,7532,248,Wednesday,August,2046,2046-Aug,15,227,33,2046-W33,2046-08-12,34,2046-W34,2046-08-13,Non-Holiday,Weekday
7533,2046-08-16,7533,248,Thursday,August,2046,2046-Aug,16,228,33,2046-W33,2046-08-12,34,2046-W34,2046-08-13,Non-Holiday,Weekday
7534,2046-08-17,7534,248,Friday,August,2046,2046-Aug,17,229,33,2046-W33,2046-08-12,34,2046-W34,2046-08-13,Non-Holiday,Weekday
7535,2046-08-18,7535,248,Saturday,August,2046,2046-Aug,18,230,33,2046-W33,2046-08-12,34,2046-W34,2046-08-13,Non-Holiday,Weekend
7536,2046-08-19,7536,248,Sunday,August,2046,2046-Aug,19,231,34,2046-W34,2046-08-12,34,2046-W34,2046-08-13,Non-Holiday,Weekend
7537,2046-08-20,7537,248,Monday,August,2046,2046-Aug,20,232,34,2046-W34,2046-08-19,35,2046-W35,2046-08-20,Non-Holiday,Weekday
7538,2046-08-21,7538,248,Tuesday,August,2046,2046-Aug,21,233,34,2046-W34,2046-08-19,35,2046-W35,2046-08-20,Non-Holiday,Weekday
7539,2046-08-22,7539,248,Wednesday,August,2046,2046-Aug,22,234,34,2046-W34,2046-08-19,35,2046-W35,2046-08-20,Non-Holiday,Weekday
7540,2046-08-23,7540,248,Thursday,August,2046,2046-Aug,23,235,34,2046-W34,2046-08-19,35,2046-W35,2046-08-20,Non-Holiday,Weekday
7541,2046-08-24,7541,248,Friday,August,2046,2046-Aug,24,236,34,2046-W34,2046-08-19,35,2046-W35,2046-08-20,Non-Holiday,Weekday
7542,2046-08-25,7542,248,Saturday,August,2046,2046-Aug,25,237,34,2046-W34,2046-08-19,35,2046-W35,2046-08-20,Non-Holiday,Weekend
7543,2046-08-26,7543,248,Sunday,August,2046,2046-Aug,26,238,35,2046-W35,2046-08-19,35,2046-W35,2046-08-20,Non-Holiday,Weekend
7544,2046-08-27,7544,248,Monday,August,2046,2046-Aug,27,239,35,2046-W35,2046-08-26,36,2046-W36,2046-08-27,Non-Holiday,Weekday
7545,2046-08-28,7545,248,Tuesday,August,2046,2046-Aug,28,240,35,2046-W35,2046-08-26,36,2046-W36,2046-08-27,Non-Holiday,Weekday
7546,2046-08-29,7546,248,Wednesday,August,2046,2046-Aug,29,241,35,2046-W35,2046-08-26,36,2046-W36,2046-08-27,Non-Holiday,Weekday
7547,2046-08-30,7547,248,Thursday,August,2046,2046-Aug,30,242,35,2046-W35,2046-08-26,36,2046-W36,2046-08-27,Non-Holiday,Weekday
7548,2046-08-31,7548,248,Friday,August,2046,2046-Aug,31,243,35,2046-W35,2046-08-26,36,2046-W36,2046-08-27,Non-Holiday,Weekday
7549,2046-09-01,7549,249,Saturday,September,2046,2046-Sep,1,244,35,2046-W35,2046-08-26,36,2046-W36,2046-08-27,Non-Holiday,Weekend
7550,2046-09-02,7550,249,Sunday,September,2046,2046-Sep,2,245,36,2046-W36,2046-08-26,36,2046-W36,2046-08-27,Non-Holiday,Weekend
7551,2046-09-03,7551,249,Monday,September,2046,2046-Sep,3,246,36,2046-W36,2046-09-02,37,2046-W37,2046-09-03,Non-Holiday,Weekday
7552,2046-09-04,7552,249,Tuesday,September,2046,2046-Sep,4,247,36,2046-W36,2046-09-02,37,2046-W37,2046-09-03,Non-Holiday,Weekday
7553,2046-09-05,7553,249,Wednesday,September,2046,2046-Sep,5,248,36,2046-W36,2046-09-02,37,2046-W37,2046-09-03,Non-Holiday,Weekday
7554,2046-09-06,7554,249,Thursday,September,2046,2046-Sep,6,249,36,2046-W36,2046-09-02,37,2046-W37,2046-09-03,Non-Holiday,Weekday
7555,2046-09-07,7555,249,Friday,September,2046,2046-Sep,7,250,36,2046-W36,2046-09-02,37,2046-W37,2046-09-03,Non-Holiday,Weekday
7556,2046-09-08,7556,249,Saturday,September,2046,2046-Sep,8,251,36,2046-W36,2046-09-02,37,2046-W37,2046-09-03,Non-Holiday,Weekend
7557,2046-09-09,7557,249,Sunday,September,2046,2046-Sep,9,252,37,2046-W37,2046-09-02,37,2046-W37,2046-09-03,Non-Holiday,Weekend
7558,2046-09-10,7558,249,Monday,September,2046,2046-Sep,10,253,37,2046-W37,2046-09-09,38,2046-W38,2046-09-10,Non-Holiday,Weekday
7559,2046-09-11,7559,249,Tuesday,September,2046,2046-Sep,11,254,37,2046-W37,2046-09-09,38,2046-W38,2046-09-10,Non-Holiday,Weekday
7560,2046-09-12,7560,249,Wednesday,September,2046,2046-Sep,12,255,37,2046-W37,2046-09-09,38,2046-W38,2046-09-10,Non-Holiday,Weekday
7561,2046-09-13,7561,249,Thursday,September,2046,2046-Sep,13,256,37,2046-W37,2046-09-09,38,2046-W38,2046-09-10,Non-Holiday,Weekday
7562,2046-09-14,7562,249,Friday,September,2046,2046-Sep,14,257,37,2046-W37,2046-09-09,38,2046-W38,2046-09-10,Non-Holiday,Weekday
7563,2046-09-15,7563,249,Saturday,September,2046,2046-Sep,15,258,37,2046-W37,2046-09-09,38,2046-W38,2046-09-10,Non-Holiday,Weekend
7564,2046-09-16,7564,249,Sunday,September,2046,2046-Sep,16,259,38,2046-W38,2046-09-09,38,2046-W38,2046-09-10,Non-Holiday,Weekend
7565,2046-09-17,7565,249,Monday,September,2046,2046-Sep,17,260,38,2046-W38,2046-09-16,39,2046-W39,2046-09-17,Non-Holiday,Weekday
7566,2046-09-18,7566,249,Tuesday,September,2046,2046-Sep,18,261,38,2046-W38,2046-09-16,39,2046-W39,2046-09-17,Non-Holiday,Weekday
7567,2046-09-19,7567,249,Wednesday,September,2046,2046-Sep,19,262,38,2046-W38,2046-09-16,39,2046-W39,2046-09-17,Non-Holiday,Weekday
7568,2046-09-20,7568,249,Thursday,September,2046,2046-Sep,20,263,38,2046-W38,2046-09-16,39,2046-W39,2046-09-17,Non-Holiday,Weekday
7569,2046-09-21,7569,249,Friday,September,2046,2046-Sep,21,264,38,2046-W38,2046-09-16,39,2046-W39,2046-09-17,Non-Holiday,Weekday
7570,2046-09-22,7570,249,Saturday,September,2046,2046-Sep,22,265,38,2046-W38,2046-09-16,39,2046-W39,2046-09-17,Non-Holiday,Weekend
7571,2046-09-23,7571,249,Sunday,September,2046,2046-Sep,23,266,39,2046-W39,2046-09-16,39,2046-W39,2046-09-17,Non-Holiday,Weekend
7572,2046-09-24,7572,249,Monday,September,2046,2046-Sep,24,267,39,2046-W39,2046-09-23,40,2046-W40,2046-09-24,Non-Holiday,Weekday
7573,2046-09-25,7573,249,Tuesday,September,2046,2046-Sep,25,268,39,2046-W39,2046-09-23,40,2046-W40,2046-09-24,Non-Holiday,Weekday
7574,2046-09-26,7574,249,Wednesday,September,2046,2046-Sep,26,269,39,2046-W39,2046-09-23,40,2046-W40,2046-09-24,Non-Holiday,Weekday
7575,2046-09-27,7575,249,Thursday,September,2046,2046-Sep,27,270,39,2046-W39,2046-09-23,40,2046-W40,2046-09-24,Non-Holiday,Weekday
7576,2046-09-28,7576,249,Friday,September,2046,2046-Sep,28,271,39,2046-W39,2046-09-23,40,2046-W40,2046-09-24,Non-Holiday,Weekday
7577,2046-09-29,7577,249,Saturday,September,2046,2046-Sep,29,272,39,2046-W39,2046-09-23,40,2046-W40,2046-09-24,Non-Holiday,Weekend
7578,2046-09-30,7578,249,Sunday,September,2046,2046-Sep,30,273,40,2046-W40,2046-09-23,40,2046-W40,2046-09-24,Non-Holiday,Weekend
7579,2046-10-01,7579,250,Monday,October,2046,2046-Oct,1,274,40,2046-W40,2046-09-30,41,2046-W41,2046-10-01,Non-Holiday,Weekday
7580,2046-10-02,7580,250,Tuesday,October,2046,2046-Oct,2,275,40,2046-W40,2046-09-30,41,2046-W41,2046-10-01,Non-Holiday,Weekday
7581,2046-10-03,7581,250,Wednesday,October,2046,2046-Oct,3,276,40,2046-W40,2046-09-30,41,2046-W41,2046-10-01,Non-Holiday,Weekday
7582,2046-10-04,7582,250,Thursday,October,2046,2046-Oct,4,277,40,2046-W40,2046-09-30,41,2046-W41,2046-10-01,Non-Holiday,Weekday
7583,2046-10-05,7583,250,Friday,October,2046,2046-Oct,5,278,40,2046-W40,2046-09-30,41,2046-W41,2046-10-01,Non-Holiday,Weekday
7584,2046-10-06,7584,250,Saturday,October,2046,2046-Oct,6,279,40,2046-W40,2046-09-30,41,2046-W41,2046-10-01,Non-Holiday,Weekend
7585,2046-10-07,7585,250,Sunday,October,2046,2046-Oct,7,280,41,2046-W41,2046-09-30,41,2046-W41,2046-10-01,Non-Holiday,Weekend
7586,2046-10-08,7586,250,Monday,October,2046,2046-Oct,8,281,41,2046-W41,2046-10-07,42,2046-W42,2046-10-08,Non-Holiday,Weekday
7587,2046-10-09,7587,250,Tuesday,October,2046,2046-Oct,9,282,41,2046-W41,2046-10-07,42,2046-W42,2046-10-08,Non-Holiday,Weekday
7588,2046-10-10,7588,250,Wednesday,October,2046,2046-Oct,10,283,41,2046-W41,2046-10-07,42,2046-W42,2046-10-08,Non-Holiday,Weekday
7589,2046-10-11,7589,250,Thursday,October,2046,2046-Oct,11,284,41,2046-W41,2046-10-07,42,2046-W42,2046-10-08,Non-Holiday,Weekday
7590,2046-10-12,7590,250,Friday,October,2046,2046-Oct,12,285,41,2046-W41,2046-10-07,42,2046-W42,2046-10-08,Non-Holiday,Weekday
7591,2046-10-13,7591,250,Saturday,October,2046,2046-Oct,13,286,41,2046-W41,2046-10-07,42,2046-W42,2046-10-08,Non-Holiday,Weekend
7592,2046-10-14,7592,250,Sunday,October,2046,2046-Oct,14,287,42,2046-W42,2046-10-07,42,2046-W42,2046-10-08,Non-Holiday,Weekend
7593,2046-10-15,7593,250,Monday,October,2046,2046-Oct,15,288,42,2046-W42,2046-10-14,43,2046-W43,2046-10-15,Non-Holiday,Weekday
7594,2046-10-16,7594,250,Tuesday,October,2046,2046-Oct,16,289,42,2046-W42,2046-10-14,43,2046-W43,2046-10-15,Non-Holiday,Weekday
7595,2046-10-17,7595,250,Wednesday,October,2046,2046-Oct,17,290,42,2046-W42,2046-10-14,43,2046-W43,2046-10-15,Non-Holiday,Weekday
7596,2046-10-18,7596,250,Thursday,October,2046,2046-Oct,18,291,42,2046-W42,2046-10-14,43,2046-W43,2046-10-15,Non-Holiday,Weekday
7597,2046-10-19,7597,250,Friday,October,2046,2046-Oct,19,292,42,2046-W42,2046-10-14,43,2046-W43,2046-10-15,Non-Holiday,Weekday
7598,2046-10-20,7598,250,Saturday,October,2046,2046-Oct,20,293,42,2046-W42,2046-10-14,43,2046-W43,2046-10-15,Non-Holiday,Weekend
7599,2046-10-21,7599,250,Sunday,October,2046,2046-Oct,21,294,43,2046-W43,2046-10-14,43,2046-W43,2046-10-15,Non-Holiday,Weekend
7600,2046-10-22,7600,250,Monday,October,2046,2046-Oct,22,295,43,2046-W43,2046-10-21,44,2046-W44,2046-10-22,Non-Holiday,Weekday
7601,2046-10-23,7601,250,Tuesday,October,2046,2046-Oct,23,296,43,2046-W43,2046-10-21,44,2046-W44,2046-10-22,Non-Holiday,Weekday
7602,2046-10-24,7602,250,Wednesday,October,2046,2046-Oct,24,297,43,2046-W43,2046-10-21,44,2046-W44,2046-10-22,Non-Holiday,Weekday
7603,2046-10-25,7603,250,Thursday,October,2046,2046-Oct,25,298,43,2046-W43,2046-10-21,44,2046-W44,2046-10-22,Non-Holiday,Weekday
7604,2046-10-26,7604,250,Friday,October,2046,2046-Oct,26,299,43,2046-W43,2046-10-21,44,2046-W44,2046-10-22,Non-Holiday,Weekday
7605,2046-10-27,7605,250,Saturday,October,2046,2046-Oct,27,300,43,2046-W43,2046-10-21,44,2046-W44,2046-10-22,Non-Holiday,Weekend
7606,2046-10-28,7606,250,Sunday,October,2046,2046-Oct,28,301,44,2046-W44,2046-10-21,44,2046-W44,2046-10-22,Non-Holiday,Weekend
7607,2046-10-29,7607,250,Monday,October,2046,2046-Oct,29,302,44,2046-W44,2046-10-28,45,2046-W45,2046-10-29,Non-Holiday,Weekday
7608,2046-10-30,7608,250,Tuesday,October,2046,2046-Oct,30,303,44,2046-W44,2046-10-28,45,2046-W45,2046-10-29,Non-Holiday,Weekday
7609,2046-10-31,7609,250,Wednesday,October,2046,2046-Oct,31,304,44,2046-W44,2046-10-28,45,2046-W45,2046-10-29,Non-Holiday,Weekday
7610,2046-11-01,7610,251,Thursday,November,2046,2046-Nov,1,305,44,2046-W44,2046-10-28,45,2046-W45,2046-10-29,Non-Holiday,Weekday
7611,2046-11-02,7611,251,Friday,November,2046,2046-Nov,2,306,44,2046-W44,2046-10-28,45,2046-W45,2046-10-29,Non-Holiday,Weekday
7612,2046-11-03,7612,251,Saturday,November,2046,2046-Nov,3,307,44,2046-W44,2046-10-28,45,2046-W45,2046-10-29,Non-Holiday,Weekend
7613,2046-11-04,7613,251,Sunday,November,2046,2046-Nov,4,308,45,2046-W45,2046-10-28,45,2046-W45,2046-10-29,Non-Holiday,Weekend
7614,2046-11-05,7614,251,Monday,November,2046,2046-Nov,5,309,45,2046-W45,2046-11-04,46,2046-W46,2046-11-05,Non-Holiday,Weekday
7615,2046-11-06,7615,251,Tuesday,November,2046,2046-Nov,6,310,45,2046-W45,2046-11-04,46,2046-W46,2046-11-05,Non-Holiday,Weekday
7616,2046-11-07,7616,251,Wednesday,November,2046,2046-Nov,7,311,45,2046-W45,2046-11-04,46,2046-W46,2046-11-05,Non-Holiday,Weekday
7617,2046-11-08,7617,251,Thursday,November,2046,2046-Nov,8,312,45,2046-W45,2046-11-04,46,2046-W46,2046-11-05,Non-Holiday,Weekday
7618,2046-11-09,7618,251,Friday,November,2046,2046-Nov,9,313,45,2046-W45,2046-11-04,46,2046-W46,2046-11-05,Non-Holiday,Weekday
7619,2046-11-10,7619,251,Saturday,November,2046,2046-Nov,10,314,45,2046-W45,2046-11-04,46,2046-W46,2046-11-05,Non-Holiday,Weekend
7620,2046-11-11,7620,251,Sunday,November,2046,2046-Nov,11,315,46,2046-W46,2046-11-04,46,2046-W46,2046-11-05,Non-Holiday,Weekend
7621,2046-11-12,7621,251,Monday,November,2046,2046-Nov,12,316,46,2046-W46,2046-11-11,47,2046-W47,2046-11-12,Non-Holiday,Weekday
7622,2046-11-13,7622,251,Tuesday,November,2046,2046-Nov,13,317,46,2046-W46,2046-11-11,47,2046-W47,2046-11-12,Non-Holiday,Weekday
7623,2046-11-14,7623,251,Wednesday,November,2046,2046-Nov,14,318,46,2046-W46,2046-11-11,47,2046-W47,2046-11-12,Non-Holiday,Weekday
7624,2046-11-15,7624,251,Thursday,November,2046,2046-Nov,15,319,46,2046-W46,2046-11-11,47,2046-W47,2046-11-12,Non-Holiday,Weekday
7625,2046-11-16,7625,251,Friday,November,2046,2046-Nov,16,320,46,2046-W46,2046-11-11,47,2046-W47,2046-11-12,Non-Holiday,Weekday
7626,2046-11-17,7626,251,Saturday,November,2046,2046-Nov,17,321,46,2046-W46,2046-11-11,47,2046-W47,2046-11-12,Non-Holiday,Weekend
7627,2046-11-18,7627,251,Sunday,November,2046,2046-Nov,18,322,47,2046-W47,2046-11-11,47,2046-W47,2046-11-12,Non-Holiday,Weekend
7628,2046-11-19,7628,251,Monday,November,2046,2046-Nov,19,323,47,2046-W47,2046-11-18,48,2046-W48,2046-11-19,Non-Holiday,Weekday
7629,2046-11-20,7629,251,Tuesday,November,2046,2046-Nov,20,324,47,2046-W47,2046-11-18,48,2046-W48,2046-11-19,Non-Holiday,Weekday
7630,2046-11-21,7630,251,Wednesday,November,2046,2046-Nov,21,325,47,2046-W47,2046-11-18,48,2046-W48,2046-11-19,Non-Holiday,Weekday
7631,2046-11-22,7631,251,Thursday,November,2046,2046-Nov,22,326,47,2046-W47,2046-11-18,48,2046-W48,2046-11-19,Non-Holiday,Weekday
7632,2046-11-23,7632,251,Friday,November,2046,2046-Nov,23,327,47,2046-W47,2046-11-18,48,2046-W48,2046-11-19,Non-Holiday,Weekday
7633,2046-11-24,7633,251,Saturday,November,2046,2046-Nov,24,328,47,2046-W47,2046-11-18,48,2046-W48,2046-11-19,Non-Holiday,Weekend
7634,2046-11-25,7634,251,Sunday,November,2046,2046-Nov,25,329,48,2046-W48,2046-11-18,48,2046-W48,2046-11-19,Non-Holiday,Weekend
7635,2046-11-26,7635,251,Monday,November,2046,2046-Nov,26,330,48,2046-W48,2046-11-25,49,2046-W49,2046-11-26,Non-Holiday,Weekday
7636,2046-11-27,7636,251,Tuesday,November,2046,2046-Nov,27,331,48,2046-W48,2046-11-25,49,2046-W49,2046-11-26,Non-Holiday,Weekday
7637,2046-11-28,7637,251,Wednesday,November,2046,2046-Nov,28,332,48,2046-W48,2046-11-25,49,2046-W49,2046-11-26,Non-Holiday,Weekday
7638,2046-11-29,7638,251,Thursday,November,2046,2046-Nov,29,333,48,2046-W48,2046-11-25,49,2046-W49,2046-11-26,Non-Holiday,Weekday
7639,2046-11-30,7639,251,Friday,November,2046,2046-Nov,30,334,48,2046-W48,2046-11-25,49,2046-W49,2046-11-26,Non-Holiday,Weekday
7640,2046-12-01,7640,252,Saturday,December,2046,2046-Dec,1,335,48,2046-W48,2046-11-25,49,2046-W49,2046-11-26,Non-Holiday,Weekend
7641,2046-12-02,7641,252,Sunday,December,2046,2046-Dec,2,336,49,2046-W49,2046-11-25,49,2046-W49,2046-11-26,Non-Holiday,Weekend
7642,2046-12-03,7642,252,Monday,December,2046,2046-Dec,3,337,49,2046-W49,2046-12-02,50,2046-W50,2046-12-03,Non-Holiday,Weekday
7643,2046-12-04,7643,252,Tuesday,December,2046,2046-Dec,4,338,49,2046-W49,2046-12-02,50,2046-W50,2046-12-03,Non-Holiday,Weekday
7644,2046-12-05,7644,252,Wednesday,December,2046,2046-Dec,5,339,49,2046-W49,2046-12-02,50,2046-W50,2046-12-03,Non-Holiday,Weekday
7645,2046-12-06,7645,252,Thursday,December,2046,2046-Dec,6,340,49,2046-W49,2046-12-02,50,2046-W50,2046-12-03,Non-Holiday,Weekday
7646,2046-12-07,7646,252,Friday,December,2046,2046-Dec,7,341,49,2046-W49,2046-12-02,50,2046-W50,2046-12-03,Non-Holiday,Weekday
7647,2046-12-08,7647,252,Saturday,December,2046,2046-Dec,8,342,49,2046-W49,2046-12-02,50,2046-W50,2046-12-03,Non-Holiday,Weekend
7648,2046-12-09,7648,252,Sunday,December,2046,2046-Dec,9,343,50,2046-W50,2046-12-02,50,2046-W50,2046-12-03,Non-Holiday,Weekend
7649,2046-12-10,7649,252,Monday,December,2046,2046-Dec,10,344,50,2046-W50,2046-12-09,51,2046-W51,2046-12-10,Non-Holiday,Weekday
7650,2046-12-11,7650,252,Tuesday,December,2046,2046-Dec,11,345,50,2046-W50,2046-12-09,51,2046-W51,2046-12-10,Non-Holiday,Weekday
7651,2046-12-12,7651,252,Wednesday,December,2046,2046-Dec,12,346,50,2046-W50,2046-12-09,51,2046-W51,2046-12-10,Non-Holiday,Weekday
7652,2046-12-13,7652,252,Thursday,December,2046,2046-Dec,13,347,50,2046-W50,2046-12-09,51,2046-W51,2046-12-10,Non-Holiday,Weekday
7653,2046-12-14,7653,252,Friday,December,2046,2046-Dec,14,348,50,2046-W50,2046-12-09,51,2046-W51,2046-12-10,Non-Holiday,Weekday
7654,2046-12-15,7654,252,Saturday,December,2046,2046-Dec,15,349,50,2046-W50,2046-12-09,51,2046-W51,2046-12-10,Non-Holiday,Weekend
7655,2046-12-16,7655,252,Sunday,December,2046,2046-Dec,16,350,51,2046-W51,2046-12-09,51,2046-W51,2046-12-10,Non-Holiday,Weekend
7656,2046-12-17,7656,252,Monday,December,2046,2046-Dec,17,351,51,2046-W51,2046-12-16,52,2046-W52,2046-12-17,Non-Holiday,Weekday
7657,2046-12-18,7657,252,Tuesday,December,2046,2046-Dec,18,352,51,2046-W51,2046-12-16,52,2046-W52,2046-12-17,Non-Holiday,Weekday
7658,2046-12-19,7658,252,Wednesday,December,2046,2046-Dec,19,353,51,2046-W51,2046-12-16,52,2046-W52,2046-12-17,Non-Holiday,Weekday
7659,2046-12-20,7659,252,Thursday,December,2046,2046-Dec,20,354,51,2046-W51,2046-12-16,52,2046-W52,2046-12-17,Non-Holiday,Weekday
7660,2046-12-21,7660,252,Friday,December,2046,2046-Dec,21,355,51,2046-W51,2046-12-16,52,2046-W52,2046-12-17,Non-Holiday,Weekday
7661,2046-12-22,7661,252,Saturday,December,2046,2046-Dec,22,356,51,2046-W51,2046-12-16,52,2046-W52,2046-12-17,Non-Holiday,Weekend
7662,2046-12-23,7662,252,Sunday,December,2046,2046-Dec,23,357,52,2046-W52,2046-12-16,52,2046-W52,2046-12-17,Non-Holiday,Weekend
7663,2046-12-24,7663,252,Monday,December,2046,2046-Dec,24,358,52,2046-W52,2046-12-23,53,2046-W53,2046-12-24,Non-Holiday,Weekday
7664,2046-12-25,7664,252,Tuesday,December,2046,2046-Dec,25,359,52,2046-W52,2046-12-23,53,2046-W53,2046-12-24,Non-Holiday,Weekday
7665,2046-12-26,7665,252,Wednesday,December,2046,2046-Dec,26,360,52,2046-W52,2046-12-23,53,2046-W53,2046-12-24,Non-Holiday,Weekday
7666,2046-12-27,7666,252,Thursday,December,2046,2046-Dec,27,361,52,2046-W52,2046-12-23,53,2046-W53,2046-12-24,Non-Holiday,Weekday
7667,2046-12-28,7667,252,Friday,December,2046,2046-Dec,28,362,52,2046-W52,2046-12-23,53,2046-W53,2046-12-24,Non-Holiday,Weekday
7668,2046-12-29,7668,252,Saturday,December,2046,2046-Dec,29,363,52,2046-W52,2046-12-23,53,2046-W53,2046-12-24,Non-Holiday,Weekend
7669,2046-12-30,7669,252,Sunday,December,2046,2046-Dec,30,364,53,2046-W53,2046-12-23,53,2046-W53,2046-12-24,Non-Holiday,Weekend
7670,2046-12-31,7670,252,Monday,December,2046,2046-Dec,31,365,53,2046-W53,2046-12-30,54,2046-W54,2046-12-31,Non-Holiday,Weekday
